NoteID,ReviewLane,RiskReasons,CanonicalWord,SenseLabel,MeaningPrimary,ExampleSentence,ExampleTranslation,PresentationStatus,PresentationSource
KV000096,released-invalidated,,socks,袜子,,I can't find my blue socks this morning.,今天早上我找不到我的蓝色袜子。,grade4-reviewed,klose:grade4_full_review_a
KV000142,released-invalidated,,Father Christmas,圣诞老人,,Father Christmas puts presents under the tree.,圣诞老人把礼物放在树下。,grade4-reviewed,klose:grade4_full_review_a
KV000146,released-invalidated,,New Year,新年,,Happy New Year!,新年快乐！,migrated-curated,rj_start1:curation
KV000153,released-invalidated,,play football,踢足球,,I play football after school.,我放学后踢足球。,migrated-curated,rj_start1:curation
KV000154,released-invalidated,long-example,fly a kite,放风筝,,We often fly a kite in the park on windy days.,有风的日子我们经常在公园放风筝。,grade4-reviewed,klose:grade4_full_review_b
KV000155,released-invalidated,,ride a bike,骑自行车,,I often ride a bike in the park after school.,我放学后经常在公园骑自行车。,grade4-reviewed,klose:grade4_overrides
KV000156,released-invalidated,,make a model plane,做飞机模型,,I make a model plane with my friend after school.,放学后我和朋友一起做飞机模型。,grade4-reviewed,klose:grade4_full_review_b
KV000174,released-invalidated,,warm,暖和的,,The weather gets warm in spring.,春天天气变暖。,grade4-reviewed,klose:grade4_overrides
KV000198,released-invalidated,,every day,每天,,I read English for ten minutes every day.,我每天读十分钟英语。,grade4-reviewed,klose:grade4_full_review_b
KV000240,released-invalidated,,shopping list,购物清单,,Milk and eggs are on my shopping list.,牛奶和鸡蛋在我的购物清单上。,grade4-reviewed,klose:grade4_guardrail_overrides
KV000256,released-invalidated,,shoes,鞋,,My shoes are dirty after playing football.,踢完足球后我的鞋脏了。,grade4-reviewed,klose:grade4_full_review_b
KV000259,released-invalidated,,gloves,手套,,I wear gloves when it is cold.,天气冷的时候我戴手套。,grade4-reviewed,klose:grade4_full_review_b
KV000265,released-invalidated,,look forward to,期待；盼望,,I look forward to my birthday.,我期待我的生日。,migrated-curated,rj_start1:curation
KV000289,released-invalidated,,computer class,计算机课,,We use computers in computer class.,我们在计算机课上使用电脑。,grade4-reviewed,klose:grade4_full_review_b
KV000302,released-invalidated,,after school,放学后,,I play sports after school.,我放学后做运动。,migrated-curated,rj_start1:curation
KV000304,released-invalidated,,draw pictures,画画,,I draw pictures after school with my friends.,我放学后和朋友们一起画画。,grade4-reviewed,klose:grade4_guardrail_overrides
KV000306,released-invalidated,,sing songs,唱歌,,We sing English songs in music class.,我们在音乐课上唱英文歌。,grade4-reviewed,klose:grade4_full_review_b
KV000311,released-invalidated,,be back,回来,,I will be back soon.,我很快回来。,migrated-curated,rj_start1:curation
KV000331,released-invalidated,,in one hour,一小时后,,I will be back in one hour.,我一小时后回来。,migrated-curated,rj_start1:curation
KV000332,released-invalidated,,everyone,每个人；大家,,Everyone in our class likes the new book.,我们班每个人都喜欢这本新书。,grade4-reviewed,klose:grade4_full_review_b
KV000333,released-invalidated,,children,孩子们,,The children are playing football in the park.,孩子们正在公园里踢足球。,grade4-reviewed,klose:grade4_full_review_b
KV000339,released-invalidated,,dining room,餐厅；饭厅,,We eat dinner in the dining room.,我们在餐厅吃晚饭。,migrated-curated,rj_start1:curation
KV000342,released-invalidated,,for rent,出租,,This room is for rent.,这个房间出租。,migrated-curated,rj_start1:curation
KV000346,released-invalidated,,roller skating,轮滑；滑旱冰,,We go roller skating on the weekend.,我们周末去轮滑。,grade4-reviewed,klose:grade4_full_review_c
KV000352,released-invalidated,,be good at,擅长,,He is good at swimming.,他擅长游泳。,migrated-curated,rj_start1:curation
KV000354,released-invalidated,,visit one's grandparents,看望祖父母或外祖父母,,I visit my grandparents on Sunday.,我星期日去看望祖父母。,migrated-curated,rj_start1:curation
KV000355,released-invalidated,,go to a drawing club,参加绘画俱乐部,,I go to a drawing club.,我参加绘画俱乐部。,migrated-curated,rj_start1:curation
KV000356,released-invalidated,,climb a hill,爬山；爬小山,,We climb a hill on Sunday.,我们星期日爬山。,migrated-curated,rj_start1:curation
KV000357,released-invalidated,,pick fruit,摘水果,,We pick fruit in autumn.,我们秋天摘水果。,migrated-curated,rj_start1:curation
KV000358,released-invalidated,,play computer games,玩电脑游戏,,I play computer games on Saturday.,我星期六玩电脑游戏。,migrated-curated,rj_start1:curation
KV000360,released-invalidated,,go to the cinema,去电影院；看电影,,We go to the cinema on the weekend.,我们周末去电影院看电影。,grade4-reviewed,klose:grade4_full_review_c
KV000361,released-invalidated,,on the weekend,在周末,,I play sports on the weekend.,我周末做运动。,migrated-curated,rj_start1:curation
KV000375,released-invalidated,,by bus,乘公交车,,I go to school by bus.,我乘公交车上学。,migrated-curated,rj_start1:curation
KV000376,released-invalidated,,by boat,乘小船；乘船,,We go there by boat.,我们乘小船去那里。,migrated-curated,rj_start1:curation
KV000377,released-invalidated,,by ship,乘轮船；乘船,,We travel by ship in summer.,我们夏天乘船旅行。,grade4-reviewed,klose:grade4_full_review_c
KV000378,released-invalidated,,by car,乘汽车,,My family goes to the park by car.,我们一家坐汽车去公园。,grade4-reviewed,klose:grade4_full_review_c
KV000379,released-invalidated,,by taxi,乘出租车,,We go to the station by taxi.,我们坐出租车去车站。,grade4-reviewed,klose:grade4_full_review_c
KV000380,released-invalidated,,by bike,骑自行车,,I go to school by bike.,我骑自行车上学。,migrated-curated,rj_start1:curation
KV000381,released-invalidated,,on foot,步行,,I go to school on foot.,我步行上学。,migrated-curated,rj_start1:curation
KV000382,released-invalidated,,by school bus,乘校车,,She goes to school by school bus.,她乘校车上学。,migrated-curated,rj_start1:curation
KV000383,released-invalidated,,by subway,乘地铁,,We go to the museum by subway.,我们坐地铁去博物馆。,grade4-reviewed,klose:grade4_full_review_c
KV000384,released-invalidated,,by plane,乘飞机,,We travel by plane in summer.,我们夏天乘飞机旅行。,grade4-reviewed,klose:grade4_full_review_c
KV000385,released-invalidated,,by train,乘火车,,We go to the city by train.,我们乘火车去这座城市。,grade4-reviewed,klose:grade4_full_review_c
KV000401,released-invalidated,,glue stick,胶棒,,I need a glue stick.,我需要一支胶棒。,migrated-curated,rj_start1:curation
KV000406,released-invalidated,,Information Centre,信息中心,,Let's ask at the Information Centre.,我们去信息中心问问。,migrated-curated,rj_start1:curation
KV000414,released-invalidated,,play with fire,玩火,,Don't play with fire.,不要玩火。,migrated-curated,rj_start1:curation
KV000416,released-invalidated,,run down the stairs,跑下楼梯,,Don't run down the stairs.,不要跑下楼梯。,migrated-curated,rj_start1:curation
KV000418,released-invalidated,,wait for,等待,,Wait for the green light.,等绿灯。,migrated-curated,rj_start1:curation
KV000422,released-invalidated,,safety rule,安全规则,,Follow the safety rules.,遵守安全规则。,migrated-curated,rj_start1:curation
KV000426,released-invalidated,,bus driver,公交车司机,,The bus driver stops at the red light.,公交车司机在红灯前停车。,grade4-reviewed,klose:grade4_full_review_c
KV000428,released-invalidated,,taxi driver,出租车司机,,My father is a taxi driver.,我爸爸是出租车司机。,migrated-curated,rj_start1:curation
KV000431,released-invalidated,,in the future,将来；未来,,I want to be a doctor in the future.,我将来想当医生。,migrated-curated,rj_start1:curation
KV000440,released-invalidated,,across from,在……对面,,The bank is across from the hotel.,银行在酒店对面。,migrated-curated,rj_start1:curation
KV000441,released-invalidated,,next to,紧挨着；在……旁边,,The post office is next to the bank.,邮局在银行旁边。,migrated-curated,rj_start1:curation
KV000448,released-invalidated,,turn right,向右转,,Turn right at the bank.,在银行那里向右转。,migrated-curated,rj_start1:curation
KV000449,released-invalidated,,go straight,直走,,Go straight and turn left.,直走然后左转。,migrated-curated,rj_start1:curation
KV000455,released-invalidated,,get to,到达,,How can I get to the bank?,我怎样到银行？,migrated-curated,rj_start1:curation
KV000460,released-invalidated,,sports centre,体育中心,,We play basketball at the sports centre.,我们在体育中心打篮球。,migrated-curated,rj_start1:curation
KV000463,released-invalidated,,buy toys,买玩具,,We buy toys at the shop.,我们在商店买玩具。,migrated-curated,rj_start1:curation
KV000464,released-invalidated,,see a film,看电影,,We see a film at the cinema.,我们在电影院看电影。,migrated-curated,rj_start1:curation
KV000465,released-invalidated,,go boating,去划船,,We go boating on the lake.,我们在湖上划船。,migrated-curated,rj_start1:curation
KV000474,released-invalidated,,take photos,拍照,,We take photos at the Great Wall.,我们在长城拍照。,migrated-curated,rj_start1:curation
KV000479,released-invalidated,,eat seafood,吃海鲜,,We eat seafood by the sea.,我们在海边吃海鲜。,migrated-curated,rj_start1:curation
KV000480,released-invalidated,,visit the Mogao Caves,参观莫高窟,,We visit the Mogao Caves.,我们参观莫高窟。,migrated-curated,rj_start1:curation
KV000481,released-invalidated,,West Lake,西湖,,West Lake is beautiful.,西湖很美。,migrated-curated,rj_start1:curation
KV000482,released-invalidated,,row a boat,划船,,We row a boat on West Lake.,我们在西湖划船。,migrated-curated,rj_start1:curation
KV000484,released-invalidated,,summer vacation,暑假,,We often travel during the summer vacation.,我们暑假经常去旅行。,grade4-reviewed,klose:grade4_full_review_c
KV000497,released-invalidated,,go for a picnic,去野餐,,We go for a picnic on Sunday.,我们星期日去野餐。,migrated-curated,rj_start1:curation
KV000498,released-invalidated,,play the violin,拉小提琴,,She can play the violin.,她会拉小提琴。,migrated-curated,rj_start1:curation
KV000499,released-invalidated,,go skating,去滑冰,,We go skating in winter.,我们冬天去滑冰。,migrated-curated,rj_start1:curation
KV000501,released-invalidated,,do the housework,做家务,,I help do the housework.,我帮忙做家务。,migrated-curated,rj_start1:curation
KV000504,released-invalidated,,once a week,每周一次,,I go swimming once a week.,我每周游泳一次。,migrated-curated,rj_start1:curation
KV000505,released-invalidated,,twice a week,每周两次,,I play basketball twice a week.,我每周打两次篮球。,migrated-curated,rj_start1:curation
KV000506,released-invalidated,,three times a week,每周三次,,I read books three times a week.,我每周读三次书。,migrated-curated,rj_start1:curation
KV000509,released-invalidated,,the UK,英国,,Big Ben is in the UK.,大本钟在英国。,migrated-curated,rj_start1:curation
KV000510,released-invalidated,,the USA,美国,,Disneyland is in the USA.,迪士尼乐园在美国。,migrated-curated,rj_start1:curation
KV000513,released-invalidated,,maple leaves,枫叶,,Maple leaves turn red in autumn.,枫叶在秋天变红。,grade4-reviewed,klose:grade4_full_review_c
KV000514,released-invalidated,,Big Ben,大本钟,,Big Ben is in the UK.,大本钟在英国。,migrated-curated,rj_start1:curation
KV000520,reuse-guardrail,,careless,粗心的,,Don't be careless with your homework.,做作业不要粗心。,migrated-curated,rj_start1:curation
KV000521,reuse-guardrail,,polite,有礼貌的,,The boy is polite to everyone.,这个男孩对每个人都很有礼貌。,migrated-curated,rj_start1:curation
KV000523,reuse-guardrail,,friendly,友好的,,Our new teacher is friendly.,我们的新老师很友好。,migrated-curated,rj_start1:curation
KV000526,reuse-guardrail,,popular,受欢迎的,,He is popular at school.,他在学校很受欢迎。,migrated-curated,rj_start1:curation
KV000527,reuse-guardrail,,talk,交谈；说话,,We often talk after school.,我们经常放学后聊天。,migrated-curated,rj_start1:curation
KV000529,reuse-guardrail,,but,但是,,He is young but tall.,他很年轻但是个子高。,migrated-curated,rj_start1:curation
KV000531,reuse-guardrail,,bark,狗叫；吠,,The dog barks at night.,狗在晚上叫。,migrated-curated,rj_start1:curation
KV000532,reuse-guardrail,,forget,忘记,,Don't forget your schoolbag.,别忘了你的书包。,migrated-curated,rj_start1:curation
KV000534,reuse-guardrail,,wear glasses,戴眼镜,,My teacher wears glasses.,我的老师戴眼镜。,migrated-curated,rj_start1:curation
KV000535,reuse-guardrail,,slim,苗条的,,My sister is tall and slim.,我姐姐高而苗条。,migrated-curated,rj_start1:curation
KV000536,reuse-guardrail,,curly,卷曲的,,She has curly hair.,她有卷发。,migrated-curated,rj_start1:curation
KV000537,reuse-guardrail,,straight,直的,,She has long straight hair.,她有长直发。,migrated-curated,rj_start1:curation
KV000538,reuse-guardrail,,nice,友好的；好的,,Our new classmate is very nice.,我们的新同学很好。,migrated-curated,rj_start1:curation
KV000540,reuse-guardrail,,guess,猜；猜测,,Can you guess his name?,你能猜出他的名字吗？,migrated-curated,rj_start1:curation
KV000541,reuse-guardrail,sense-note-parenthetical,has,有（have的第三人称单数）,,The panda has black ears.,熊猫有黑色的耳朵。,migrated-curated,rj_start1:curation
KV000542,reuse-guardrail,,animal,动物,,My favourite animal is the panda.,我最喜欢的动物是熊猫。,migrated-curated,rj_start1:curation
KV000543,reuse-guardrail,,elephant,大象,,The elephant is big.,大象很大。,migrated-curated,rj_start1:curation
KV000544,reuse-guardrail,,panda,熊猫,,The panda is black.,熊猫是黑色的。,migrated-curated,rj_start1:curation
KV000550,reuse-guardrail,,farm,农场,,There are many animals on the farm.,农场里有许多动物。,migrated-curated,rj_start1:curation
KV000551,reuse-guardrail,,fast,快的；快速地,,The horse can run fast.,马能跑得很快。,migrated-curated,rj_start1:curation
KV000554,reuse-guardrail,,butterfly,蝴蝶,,The butterfly is beautiful.,蝴蝶很漂亮。,migrated-curated,rj_start1:curation
KV000555,reuse-guardrail,,exercise book,练习本,,I need a new exercise book.,我需要一本新练习本。,migrated-curated,rj_start1:curation
KV000556,reuse-guardrail,,pencil sharpener,卷笔刀,,I need a pencil sharpener.,我需要一个卷笔刀。,migrated-curated,rj_start1:curation
KV000557,reuse-guardrail,,a pair of scissors,一把剪刀,,I need a pair of scissors.,我需要一把剪刀。,migrated-curated,rj_start1:curation
KV000558,reuse-guardrail,,pencil box,铅笔盒,,My pencils are in the pencil box.,我的铅笔在铅笔盒里。,migrated-curated,rj_start1:curation
KV000559,reuse-guardrail,,a box of crayons,一盒蜡笔,,I want a box of crayons.,我想要一盒蜡笔。,migrated-curated,rj_start1:curation
KV000562,reuse-guardrail,,saleswoman,女售货员,,The saleswoman is very helpful.,女售货员很热心。,migrated-curated,rj_start1:curation
KV000563,reuse-guardrail,,love,喜爱；爱,,I love this new pencil box.,我很喜欢这个新铅笔盒。,migrated-curated,rj_start1:curation
KV000565,reuse-guardrail,,a lot,很多；非常,,Thanks a lot for your help.,非常感谢你的帮助。,migrated-curated,rj_start1:curation
KV000567,reuse-guardrail,,fantastic,极好的；非常棒的,,The nature show is fantastic.,这个自然节目非常棒。,migrated-curated,rj_start1:curation
KV000569,reuse-guardrail,,news shows,新闻节目,,My father watches news shows.,我爸爸看新闻节目。,migrated-curated,rj_start1:curation
KV000570,reuse-guardrail,,nature shows,自然节目,,I like nature shows about animals.,我喜欢关于动物的自然节目。,migrated-curated,rj_start1:curation
KV000574,reuse-guardrail,,take out the rubbish,倒垃圾；把垃圾拿出去,,I take out the rubbish after dinner.,我晚饭后倒垃圾。,migrated-curated,rj_start1:curation
KV000575,reuse-guardrail,,wash clothes,洗衣服,,I help Mum wash clothes.,我帮妈妈洗衣服。,migrated-curated,rj_start1:curation
KV000576,reuse-guardrail,,tidy the desk,整理书桌,,I tidy the desk after homework.,我做完作业后整理书桌。,migrated-curated,rj_start1:curation
KV000577,reuse-guardrail,,sweep the floor,扫地,,I sweep the floor on Sunday.,我星期日扫地。,migrated-curated,rj_start1:curation
KV000579,reuse-guardrail,,too much,太多,,Don't eat too much candy.,不要吃太多糖果。,migrated-curated,rj_start1:curation
KV000580,reuse-guardrail,,candy,糖果,,Too much candy is bad for teeth.,太多糖果对牙齿不好。,migrated-curated,rj_start1:curation
KV000581,reuse-guardrail,,early,早；早地,,I go to bed early.,我很早上床睡觉。,migrated-curated,rj_start1:curation
KV000585,reuse-guardrail,,stomachache,胃痛；肚子痛,,I have a stomachache.,我肚子痛。,migrated-curated,rj_start1:curation
KV000586,reuse-guardrail,,headache,头痛,,I have a headache.,我头痛。,migrated-curated,rj_start1:curation
KV000587,reuse-guardrail,,toothache,牙痛,,I have a toothache.,我牙痛。,migrated-curated,rj_start1:curation
KV000589,reuse-guardrail,,sleepy,困倦的；想睡的,,I feel sleepy in class.,我上课时觉得困。,migrated-curated,rj_start1:curation
KV000591,reuse-guardrail,,mark,分数；成绩,,I got a good mark in English.,我的英语取得了好成绩。,migrated-curated,rj_start1:curation
KV000592,reuse-guardrail,,advice,建议,,Thank you for your advice.,谢谢你的建议。,migrated-curated,rj_start1:curation
KV000593,reuse-guardrail,,more,更多的；更多,,You should drink more water.,你应该多喝水。,migrated-curated,rj_start1:curation
KV000594,reuse-guardrail,,New Year's Day,元旦,,New Year's Day is on January first.,元旦是一月一日。,migrated-curated,rj_start1:curation
KV000595,reuse-guardrail,,Tree Planting Day,植树节,,We plant trees on Tree Planting Day.,我们在植树节植树。,migrated-curated,rj_start1:curation
KV000596,reuse-guardrail,,Mother's Day,母亲节,,I make a card for Mother's Day.,我为母亲节做一张卡片。,migrated-curated,rj_start1:curation
KV000597,reuse-guardrail,,Children's Day,儿童节,,Children's Day is on June first.,儿童节是六月一日。,migrated-curated,rj_start1:curation
KV000598,reuse-guardrail,,Father's Day,父亲节,,I call Dad on Father's Day.,我在父亲节给爸爸打电话。,migrated-curated,rj_start1:curation
KV000599,reuse-guardrail,,Teachers' Day,教师节,,We thank teachers on Teachers' Day.,我们在教师节感谢老师。,migrated-curated,rj_start1:curation
KV000601,reuse-guardrail,,Christmas Day,圣诞节,,Christmas Day is in December.,圣诞节在十二月。,migrated-curated,rj_start1:curation
KV000604,reuse-guardrail,,tenth,第十,,October is the tenth month.,十月是第十个月。,migrated-curated,rj_start1:curation
KV000608,reuse-guardrail,,twenty-fifth,第二十五,,Christmas is on December twenty-fifth.,圣诞节是十二月二十五日。,migrated-curated,rj_start1:curation
KV000611,reuse-guardrail,,make a poster,制作海报,,We make a poster for the school.,我们为学校制作海报。,migrated-curated,rj_start1:curation
KV000612,reuse-guardrail,,celebrate,庆祝,,We celebrate Children's Day at school.,我们在学校庆祝儿童节。,migrated-curated,rj_start1:curation
KV000613,reuse-guardrail,,have a picnic,去野餐；举行野餐,,We have a picnic in the park.,我们在公园野餐。,migrated-curated,rj_start1:curation
KV000614,reuse-guardrail,,office,办公室,,My teacher is in the office.,我的老师在办公室。,migrated-curated,rj_start1:curation
KV000617,reuse-guardrail,,send an email,发送电子邮件,,I send an email to my friend.,我给朋友发电子邮件。,migrated-curated,rj_start1:curation
KV000618,reuse-guardrail,,write a letter,写信,,I write a letter to Grandma.,我给奶奶写信。,migrated-curated,rj_start1:curation
KV000619,reuse-guardrail,,make a phone call,打电话,,I make a phone call to Dad.,我给爸爸打电话。,migrated-curated,rj_start1:curation
KV000620,reuse-guardrail,,send a short message,发送短信,,I send a short message to Mum.,我给妈妈发短信。,migrated-curated,rj_start1:curation
KV000621,reuse-guardrail,,mail a present,邮寄礼物,,I mail a present to my cousin.,我给表兄弟姐妹邮寄礼物。,migrated-curated,rj_start1:curation
KV000622,reuse-guardrail,,make a video call,视频通话,,We make a video call to Grandma.,我们和奶奶视频通话。,migrated-curated,rj_start1:curation
KV000624,reuse-guardrail,,make a card,制作卡片,,I make a card for Mum.,我给妈妈做一张卡片。,migrated-curated,rj_start1:curation
KV000625,reuse-guardrail,,everywhere,到处；各处,,There are flowers everywhere in spring.,春天到处都是花。,migrated-curated,rj_start1:curation
KV000626,reuse-guardrail,,flower show,花展,,We visit the flower show.,我们参观花展。,migrated-curated,rj_start1:curation
KV000640,reuse-guardrail,,boring,无聊的；乏味的,,The film was boring.,这部电影很无聊。,migrated-curated,rj_start1:curation
KV000647,reuse-guardrail,,the Stone Forest,石林,,We visited the Stone Forest.,我们参观了石林。,migrated-curated,rj_start1:curation
KV000655,reuse-guardrail,,French fries,炸薯条,,I ate French fries for lunch.,我午饭吃了炸薯条。,migrated-curated,rj_start1:curation
KV000664,reuse-guardrail,,fifteenth,第十五,,Today is the fifteenth day.,今天是第十五天。,migrated-curated,rj_start1:curation
KV000669,reuse-guardrail,,all over,到处；遍及,,There was water all over the floor.,地板上到处都是水。,migrated-curated,rj_start1:curation
KV000670,reuse-guardrail,,out of,从……出来,,The cat jumped out of the box.,猫从盒子里跳了出来。,migrated-curated,rj_start1:curation
KV000674,reuse-guardrail,,morning tea,早茶,,We had morning tea at the hotel.,我们在酒店吃了早茶。,migrated-curated,rj_start1:curation
KV000675,reuse-guardrail,,soup,汤,,This soup tastes delicious.,这汤尝起来很好喝。,migrated-curated,rj_start1:curation
KV000676,reuse-guardrail,,the Potala Palace,布达拉宫,,The Potala Palace is in Lhasa.,布达拉宫在拉萨。,migrated-curated,rj_start1:curation
KV000677,reuse-guardrail,,the Summer Palace,颐和园,,The Summer Palace is in Beijing.,颐和园在北京。,migrated-curated,rj_start1:curation
KV000678,reuse-guardrail,,the Terracotta Army,兵马俑,,The Terracotta Army is in Xi'an.,兵马俑在西安。,migrated-curated,rj_start1:curation
KV000681,reuse-guardrail,,map,地图,,Find Beijing on the map.,在地图上找到北京。,migrated-curated,rj_start1:curation
KV000682,reuse-guardrail,,north,北；北方,,Beijing is in the north of China.,北京在中国北方。,migrated-curated,rj_start1:curation
KV000683,reuse-guardrail,,south,南；南方,,Guangzhou is in the south of China.,广州在中国南方。,migrated-curated,rj_start1:curation
KV000684,reuse-guardrail,,east,东；东方,,Shanghai is in the east of China.,上海在中国东部。,migrated-curated,rj_start1:curation
KV000685,reuse-guardrail,,west,西；西方,,Tibet is in the west of China.,西藏在中国西部。,migrated-curated,rj_start1:curation
KV000687,reuse-guardrail,,temple,寺庙；庙宇,,We visited an old temple.,我们参观了一座古老的寺庙。,migrated-curated,rj_start1:curation
KV000689,reuse-guardrail,,the Yangtze River,长江,,The Yangtze River is very long.,长江很长。,migrated-curated,rj_start1:curation
KV000690,reuse-guardrail,,foggy,有雾的,,It was foggy this morning.,今天早上有雾。,migrated-curated,rj_start1:curation
KV000691,reuse-guardrail,,spicy,辣的；辛辣的,,Sichuan food can be spicy.,四川菜可能很辣。,migrated-curated,rj_start1:curation
KV000694,reuse-guardrail,,stone,石头；石料,,The bridge is made of stone.,这座桥是石头建的。,migrated-curated,rj_start1:curation
KV000695,reuse-guardrail,,London,伦敦,,London is in the UK.,伦敦在英国。,migrated-curated,rj_start1:curation
KV000696,reuse-guardrail,,Toronto,多伦多,,Toronto is a city in Canada.,多伦多是加拿大的一座城市。,migrated-curated,rj_start1:curation
KV000698,reuse-guardrail,,Washington D.C.,华盛顿特区,,Washington D.C. is in the USA.,华盛顿特区在美国。,migrated-curated,rj_start1:curation
KV000699,reuse-guardrail,,the British Museum,大英博物馆,,The British Museum is in London.,大英博物馆在伦敦。,migrated-curated,rj_start1:curation
KV000700,reuse-guardrail,,the CN Tower,加拿大国家电视塔；CN塔,,The CN Tower is in Toronto.,加拿大国家电视塔在多伦多。,migrated-curated,rj_start1:curation
KV000701,reuse-guardrail,,kangaroo,袋鼠,,Kangaroos live in Australia.,袋鼠生活在澳大利亚。,migrated-curated,rj_start1:curation
KV000703,reuse-guardrail,,the White House,白宫,,The White House is in Washington D.C.,白宫在华盛顿特区。,migrated-curated,rj_start1:curation
KV000705,reuse-guardrail,duplicate-surface-multi-sense sense-note-parenthetical,speak,说；讲（某种语言）,,Can you speak English?,你会说英语吗？,migrated-curated,rj_start1:curation
KV000707,reuse-guardrail,,Tower Bridge,伦敦塔桥,,Tower Bridge is in London.,伦敦塔桥在伦敦。,migrated-curated,rj_start1:curation
KV000708,reuse-guardrail,,the London Eye,伦敦眼,,The London Eye is in London.,伦敦眼在伦敦。,migrated-curated,rj_start1:curation
KV000709,reuse-guardrail,,hiking,徒步旅行,,We went hiking in the hills.,我们去山里徒步了。,migrated-curated,rj_start1:curation
KV000712,reuse-guardrail,,reptile,爬行动物,,A snake is a reptile.,蛇是爬行动物。,migrated-curated,rj_start1:curation
KV000713,reuse-guardrail,,mammal,哺乳动物,,A whale is a mammal.,鲸是哺乳动物。,migrated-curated,rj_start1:curation
KV000714,reuse-guardrail,,insect,昆虫,,A bee is an insect.,蜜蜂是昆虫。,migrated-curated,rj_start1:curation
KV000715,reuse-guardrail,,penguin,企鹅,,Penguins can swim well.,企鹅很会游泳。,migrated-curated,rj_start1:curation
KV000716,reuse-guardrail,,shark,鲨鱼,,A shark lives in the sea.,鲨鱼生活在海里。,migrated-curated,rj_start1:curation
KV000717,reuse-guardrail,,whale,鲸,,A whale is a large mammal.,鲸是一种大型哺乳动物。,migrated-curated,rj_start1:curation
KV000720,reuse-guardrail,,spend,花费；度过,,We spent two days in Beijing.,我们在北京度过了两天。,migrated-curated,rj_start1:curation
KV000722,reuse-guardrail,,peanut,花生,,Elephants can eat peanuts.,大象可以吃花生。,migrated-curated,rj_start1:curation
KV000723,reuse-guardrail,duplicate-surface-multi-sense,fan,扇子,,Its ears are like big fans.,它的耳朵像大扇子。,migrated-curated,rj_start1:curation
KV000724,reuse-guardrail,,tusk,象牙；长牙,,An elephant has two tusks.,大象有两根象牙。,migrated-curated,rj_start1:curation
KV000725,reuse-guardrail,,Africa,非洲,,Many elephants live in Africa.,许多大象生活在非洲。,migrated-curated,rj_start1:curation
KV000726,reuse-guardrail,,Asia,亚洲,,China is in Asia.,中国在亚洲。,migrated-curated,rj_start1:curation
KV000727,reuse-guardrail,,smart,聪明的；机灵的,,Elephants are very smart.,大象很聪明。,migrated-curated,rj_start1:curation
KV000728,reuse-guardrail,,scared,害怕的,,I was scared of the big dog.,我害怕那只大狗。,migrated-curated,rj_start1:curation
KV000731,reuse-guardrail,,proud,自豪的,,My parents are proud of me.,我的父母为我自豪。,migrated-curated,rj_start1:curation
KV000738,reuse-guardrail,,test,考试；测试,,I have an English test tomorrow.,我明天有英语考试。,migrated-curated,rj_start1:curation
KV000739,reuse-guardrail,,competition,比赛；竞赛,,She won the writing competition.,她赢得了写作比赛。,migrated-curated,rj_start1:curation
KV000740,reuse-guardrail,,inventor,发明家,,The inventor made a new machine.,这位发明家制造了一台新机器。,migrated-curated,rj_start1:curation
KV000741,reuse-guardrail,,artist,艺术家,,The artist paints beautiful pictures.,这位艺术家画漂亮的画。,migrated-curated,rj_start1:curation
KV000742,reuse-guardrail,,scientist,科学家,,The scientist studies animals.,这位科学家研究动物。,migrated-curated,rj_start1:curation
KV000743,reuse-guardrail,,poet,诗人,,The poet wrote many poems.,这位诗人写了很多诗。,migrated-curated,rj_start1:curation
KV000747,reuse-guardrail,,poem,诗,,We read a poem in class.,我们在课堂上读了一首诗。,migrated-curated,rj_start1:curation
KV000748,reuse-guardrail,,invention,发明；发明物,,This invention changed people's lives.,这项发明改变了人们的生活。,migrated-curated,rj_start1:curation
KV000749,reuse-guardrail,,invent,发明,,Who invented this machine?,谁发明了这台机器？,migrated-curated,rj_start1:curation
KV000751,reuse-guardrail,,university,大学,,She studied at a famous university.,她在一所著名大学学习。,migrated-curated,rj_start1:curation
KV000752,reuse-guardrail,,deaf,聋的；失聪的,,The girl became deaf when she was young.,这个女孩小时候失聪了。,migrated-curated,rj_start1:curation
KV000753,reuse-guardrail,,blind,盲的；失明的,,He is blind but very independent.,他虽然失明但很独立。,migrated-curated,rj_start1:curation
KV000756,reuse-guardrail,,ice lantern,冰灯,,We saw beautiful ice lanterns.,我们看到了漂亮的冰灯。,migrated-curated,rj_start1:curation
KV000759,reuse-guardrail,,hear,听见；听到,,I can hear the birds.,我能听见鸟叫。,migrated-curated,rj_start1:curation
KV000760,reuse-guardrail,,pen pal,笔友,,My pen pal lives in Canada.,我的笔友住在加拿大。,migrated-curated,rj_start1:curation
KV000762,reuse-guardrail,,pity,遗憾；可惜,,What a pity!,真遗憾！,migrated-curated,rj_start1:curation
KV000763,reuse-guardrail,,prize,奖品；奖项,,She won first prize.,她获得了一等奖。,migrated-curated,rj_start1:curation
KV000765,reuse-guardrail,,quite,很；相当,,The city is quite beautiful.,这座城市相当漂亮。,migrated-curated,rj_start1:curation
KV000766,reuse-guardrail,,scarf,围巾,,I wear a scarf in winter.,我冬天戴围巾。,migrated-curated,rj_start1:curation
KV000768,reuse-guardrail,,pupil,小学生；学生,,He is a primary school pupil.,他是一名小学生。,migrated-curated,rj_start1:curation
KV000769,reuse-guardrail,,arrive,到达,,We arrived in Toronto yesterday.,我们昨天到达多伦多。,migrated-curated,rj_start1:curation
KV000771,reuse-guardrail,,wardrobe,衣柜,,My clothes are in the wardrobe.,我的衣服在衣柜里。,migrated-curated,rj_start1:curation
KV000772,reuse-guardrail,,show ... around,带……参观,,I will show you around our school.,我会带你参观我们的学校。,migrated-curated,rj_start1:curation
KV000773,reuse-guardrail,,Queen's Park,皇后公园,,We visited Queen's Park yesterday.,我们昨天参观了皇后公园。,migrated-curated,rj_start1:curation
KV000774,reuse-guardrail,,art gallery,美术馆,,We saw many paintings at the art gallery.,我们在美术馆看到了许多画。,migrated-curated,rj_start1:curation
KV000775,reuse-guardrail,,public library,公共图书馆,,We read books at the public library.,我们在公共图书馆看书。,migrated-curated,rj_start1:curation
KV000776,reuse-guardrail,,downtown,市中心；在市中心,,We took the subway downtown.,我们乘地铁去了市中心。,migrated-curated,rj_start1:curation
KV000777,reuse-guardrail,,Lake Ontario,安大略湖,,Toronto is beside Lake Ontario.,多伦多在安大略湖畔。,migrated-curated,rj_start1:curation
KV000778,reuse-guardrail,,stadium,体育场,,We watched a game at the stadium.,我们在体育场看了一场比赛。,migrated-curated,rj_start1:curation
KV000780,reuse-guardrail,,sandwich,三明治,,I had a sandwich for lunch.,我午饭吃了一个三明治。,migrated-curated,rj_start1:curation
KV000781,reuse-guardrail,duplicate-surface-multi-sense,top,顶部；顶端,,We went to the top of the tower.,我们去了塔顶。,migrated-curated,rj_start1:curation
KV000785,reuse-guardrail,,at least,至少,,I read for at least twenty minutes.,我至少阅读二十分钟。,migrated-curated,rj_start1:curation
KV000786,reuse-guardrail,,talk about,谈论；讨论,,We talked about healthy habits.,我们讨论了健康习惯。,migrated-curated,rj_start1:curation
KV000787,reuse-guardrail,,hockey,冰球；曲棍球,,Hockey is popular in Canada.,冰球在加拿大很受欢迎。,migrated-curated,rj_start1:curation
KV000788,reuse-guardrail,,beaver,海狸,,The beaver lives near water.,海狸生活在水边。,migrated-curated,rj_start1:curation
KV000789,reuse-guardrail,,raccoon,浣熊,,A raccoon has a black mask.,浣熊脸上有黑色的斑纹。,migrated-curated,rj_start1:curation
KV000790,reuse-guardrail,,moose,驼鹿,,A moose is a large animal.,驼鹿是一种大型动物。,migrated-curated,rj_start1:curation
KV000793,reuse-guardrail,,roast turkey,烤火鸡,,We had roast turkey for dinner.,我们晚饭吃了烤火鸡。,migrated-curated,rj_start1:curation
KV000794,reuse-guardrail,,squirrel,松鼠,,A squirrel can climb trees.,松鼠会爬树。,migrated-curated,rj_start1:curation
KV000795,reuse-guardrail,,swan,天鹅,,The swan is swimming on the lake.,天鹅正在湖上游泳。,migrated-curated,rj_start1:curation
KV000796,reuse-guardrail,,wild goose,大雁；野雁,,Wild geese fly south in autumn.,大雁秋天向南飞。,migrated-curated,rj_start1:curation
KV000797,reuse-guardrail,,frog,青蛙,,A frog can jump and swim.,青蛙会跳也会游泳。,migrated-curated,rj_start1:curation
KV000798,reuse-guardrail,,English-Chinese dictionary,英汉词典,,I use an English-Chinese dictionary.,我使用英汉词典。,migrated-curated,rj_start1:curation
KV000799,reuse-guardrail,,shopping centre,购物中心,,There are many shops in the shopping centre.,购物中心里有很多商店。,migrated-curated,rj_start1:curation
KV000800,reuse-guardrail,,shopping mall,购物中心；商场,,We went shopping at the mall.,我们去商场购物了。,migrated-curated,rj_start1:curation
KV000801,reuse-guardrail,,amazing,令人惊叹的；了不起的,,The CN Tower is amazing.,加拿大国家电视塔令人惊叹。,migrated-curated,rj_start1:curation
KV000802,reuse-guardrail,,hot pot,火锅,,We ate hot pot together.,我们一起吃了火锅。,migrated-curated,rj_start1:curation
KV001195,new-high-risk,digit-form,100-meter race,100米赛跑,,Leo won the 100-meter race.,利奥赢得了100米赛跑。,model-curated-pending-review,third-party-learner-content-v1
KV001196,new-high-risk,digit-form,20th,第二十；20日,,My birthday is on the 20th.,我的生日在20日。,model-curated-pending-review,third-party-learner-content-v1
KV001197,new-high-risk,digit-form,21st,第二十一；21日,,The school show is on the 21st.,学校演出在21日。,model-curated-pending-review,third-party-learner-content-v1
KV001198,new-high-risk,digit-form,22nd,第二十二；22日,,We will leave on the 22nd.,我们将在22日出发。,model-curated-pending-review,third-party-learner-content-v1
KV001199,new-high-risk,digit-form,23rd,第二十三；23日,,The game is on the 23rd.,比赛在23日。,model-curated-pending-review,third-party-learner-content-v1
KV001200,new-high-risk,digit-form,2nd,第二；2日,,Our classroom is on the 2nd floor.,我们的教室在二楼。,model-curated-pending-review,third-party-learner-content-v1
KV001201,new-high-risk,digit-form,30th,第三十；30日,,The trip starts on the 30th.,旅行在30日开始。,model-curated-pending-review,third-party-learner-content-v1
KV001202,new-high-risk,digit-form,31st,第三十一；31日,,The month ends on the 31st.,这个月在31日结束。,model-curated-pending-review,third-party-learner-content-v1
KV001203,new-high-risk,digit-form,3rd,第三；3日,,She came 3rd in the race.,她在比赛中得了第三名。,model-curated-pending-review,third-party-learner-content-v1
KV001204,new-high-risk,digit-form,4th,第四；4日,,This is my 4th visit here.,这是我第四次来这里。,model-curated-pending-review,third-party-learner-content-v1
KV001211,new-high-risk,multi-meaning-label,a piece of,一块；一片；一件,,May I have a piece of cake?,我可以吃一块蛋糕吗？,model-curated-pending-review,third-party-learner-content-v1
KV001214,new-high-risk,multi-meaning-label,aboard,在船上；在飞机上；在火车上,,All the children are aboard the train.,所有孩子都在火车上。,model-curated-pending-review,third-party-learner-content-v1
KV001229,new-high-risk,multi-meaning-label,again,再；又；再一次,,Please say the word again.,请把这个词再说一遍。,model-curated-pending-review,third-party-learner-content-v1
KV001249,new-high-risk,sense-note-parenthetical,am,是（be 的第一人称单数现在式）,,I am happy today.,我今天很开心。,model-curated-pending-review,third-party-learner-content-v1
KV001262,new-high-risk,sense-note-parenthetical multi-meaning-label,are not,不是；没有；不（are 的否定形式）,,These books are not mine.,这些书不是我的。,model-curated-pending-review,third-party-learner-content-v1
KV001271,new-high-risk,sense-note-parenthetical,at all,根本；完全（用于否定或疑问）,,I do not like this game at all.,我根本不喜欢这个游戏。,model-curated-pending-review,third-party-learner-content-v1
KV001284,new-high-risk,multi-meaning-label,auntie,阿姨；姑妈；姨妈,,My auntie lives near our school.,我的阿姨住在我们学校附近。,model-curated-pending-review,third-party-learner-content-v1
KV001307,new-high-risk,sense-note-parenthetical multi-meaning-label,bar,条；棒；块（食品）,,I ate a bar of chocolate.,我吃了一块巧克力。,model-curated-pending-review,third-party-learner-content-v1
KV001313,new-high-risk,sense-note-parenthetical,be,是；成为（be 的原形）,,I want to be a doctor one day.,我将来想成为一名医生。,model-curated-pending-review,third-party-learner-content-v1
KV001324,new-high-risk,multi-meaning-label,beauty,美；美丽；美景,,We stopped to enjoy the beauty of the lake.,我们停下来欣赏湖的美景。,model-curated-pending-review,third-party-learner-content-v1
KV001354,new-high-risk,sense-note-parenthetical,board,上车；登上（交通工具）,,We will board the train at ten.,我们十点上火车。,model-curated-pending-review,third-party-learner-content-v1
KV001384,new-high-risk,duplicate-surface-multi-sense,brush,画笔；毛笔,,She painted the flower with a small brush.,她用一支小画笔画了那朵花。,model-curated-pending-review,third-party-learner-content-v1
KV001397,new-high-risk,multi-meaning-label,burn,燃烧；烧伤；烧毁,,Do not burn the paper.,不要烧这张纸。,model-curated-pending-review,third-party-learner-content-v1
KV001403,new-high-risk,duplicate-surface-multi-sense,button,纽扣,,This shirt has a missing button.,这件衬衫少了一颗纽扣。,model-curated-pending-review,third-party-learner-content-v1
KV001404,new-high-risk,duplicate-surface-multi-sense,button,按钮,,Press the green button to start.,按绿色按钮开始。,model-curated-pending-review,third-party-learner-content-v1
KV001405,new-high-risk,duplicate-surface-multi-sense sense-note-parenthetical,by,用；乘（表示方式或手段）,,We went there by train.,我们乘火车去了那里。,model-curated-pending-review,third-party-learner-content-v1
KV001430,new-high-risk,multi-meaning-label,carry,拿；携带；搬运,,Can you carry this box for me?,你能帮我搬这个盒子吗？,model-curated-pending-review,third-party-learner-content-v1
KV001437,new-high-risk,acronym-or-allcaps,CD,光盘；激光唱片,,I found an old music CD.,我找到了一张旧音乐光盘。,model-curated-pending-review,third-party-learner-content-v1
KV001439,new-high-risk,acronym-or-allcaps sense-note-parenthetical,CD-ROM,只读光盘（CD-ROM）,,The dictionary came on a CD-ROM.,这本词典附带一张只读光盘。,model-curated-pending-review,third-party-learner-content-v1
KV001442,new-high-risk,sense-note-parenthetical,cent,分（货币单位）,,This candy costs fifty cents.,这块糖果五十美分。,model-curated-pending-review,third-party-learner-content-v1
KV001475,new-high-risk,long-example,Chinese New Year's Eve,除夕夜,,We have a big dinner on Chinese New Year's Eve.,除夕夜我们吃一顿丰盛的晚饭。,model-curated-pending-review,third-party-learner-content-v1
KV001561,new-high-risk,duplicate-surface-multi-sense,cut,伤口；割伤,,He has a small cut on his finger.,他的手指上有一个小伤口。,model-curated-pending-review,third-party-learner-content-v1
KV001562,new-high-risk,duplicate-surface-multi-sense,cut,切；割,,Please cut the apple in half.,请把苹果切成两半。,model-curated-pending-review,third-party-learner-content-v1
KV001570,new-high-risk,long-example,danger,危险,,Do not go near the fire because it is a danger.,不要靠近火因为它很危险。,model-curated-pending-review,third-party-learner-content-v1
KV001602,new-high-risk,duplicate-surface-multi-sense,do,做；干,,What do you want to do today?,你今天想做什么？,model-curated-pending-review,third-party-learner-content-v1
KV001639,new-high-risk,sense-note-parenthetical,Dunvegan Castle,Dunvegan Castle（城堡名）,,We visited Dunvegan Castle in Scotland.,我们参观了苏格兰的Dunvegan Castle。,model-curated-pending-review,third-party-learner-content-v1
KV001642,new-high-risk,acronym-or-allcaps,DVD,DVD；数字光盘,,We watched the film on DVD.,我们用DVD看了这部电影。,model-curated-pending-review,third-party-learner-content-v1
KV001650,new-high-risk,sense-note-parenthetical,Edinburgh,爱丁堡（英国城市）,,Edinburgh is a city in Scotland.,爱丁堡是苏格兰的一座城市。,model-curated-pending-review,third-party-learner-content-v1
KV001651,new-high-risk,sense-note-parenthetical,Edison,爱迪生（美国发明家）,,Edison was a famous American inventor.,爱迪生是一位著名的美国发明家。,model-curated-pending-review,third-party-learner-content-v1
KV001664,new-high-risk,multi-meaning-label,end,结束；末尾；尽头,,We reached the end of the road.,我们到了这条路的尽头。,model-curated-pending-review,third-party-learner-content-v1
KV001694,new-high-risk,sense-note-parenthetical,fairest,最美的（fair 的最高级）,,She was called the fairest girl in the story.,故事里她被称为最美的女孩。,model-curated-pending-review,third-party-learner-content-v1
KV001720,new-high-risk,sense-note-parenthetical,fill out,填写；填好（表格）,,Please fill out this form.,请填写这张表格。,model-curated-pending-review,third-party-learner-content-v1
KV001723,new-high-risk,multi-meaning-label,find out,查明；弄清；发现,,I want to find out why the light is off.,我想弄清楚灯为什么灭了。,model-curated-pending-review,third-party-learner-content-v1
KV001724,new-high-risk,duplicate-surface-multi-sense multi-meaning-label,fine,好的；健康的；不错的,,I am fine today.,我今天很好。,model-curated-pending-review,third-party-learner-content-v1
KV001735,new-high-risk,sense-note-parenthetical,five-stones,(抛掷五颗小石子的)五子游戏,,We played five-stones after class.,下课后我们玩了五子游戏。,model-curated-pending-review,third-party-learner-content-v1
KV001738,new-high-risk,sense-note-parenthetical,Flag Day,国旗日（美国，6月14日）,,Some Americans display flags on Flag Day.,一些美国人在国旗日悬挂国旗。,model-curated-pending-review,third-party-learner-content-v1
KV001739,new-high-risk,sense-note-parenthetical,flat,瘪的；没气的（轮胎）,,My bike tire is flat.,我的自行车轮胎没气了。,model-curated-pending-review,third-party-learner-content-v1
KV001747,new-high-risk,duplicate-surface-multi-sense,fly,苍蝇,,A fly landed on the table.,一只苍蝇落在桌上。,model-curated-pending-review,third-party-learner-content-v1
KV001777,new-high-risk,multi-meaning-label,funny,有趣的；好笑的；滑稽的,,That funny story made us laugh.,那个好笑的故事把我们逗笑了。,model-curated-pending-review,third-party-learner-content-v1
KV001805,new-high-risk,sense-note-parenthetical,Glasgow,格拉斯哥（英国城市）,,Glasgow is a city in Scotland.,格拉斯哥是苏格兰的一座城市。,model-curated-pending-review,third-party-learner-content-v1
KV001820,new-high-risk,multi-meaning-label,gold,金；黄金；金色,,The ring is made of gold.,这枚戒指是金子做的。,model-curated-pending-review,third-party-learner-content-v1
KV001828,new-high-risk,acronym-or-allcaps,GPS,全球定位系统；GPS,,We used GPS to find the hotel.,我们用GPS找到了旅馆。,model-curated-pending-review,third-party-learner-content-v1
KV001831,new-high-risk,multi-meaning-label,grandchild,孙子；孙女；外孙；外孙女,,Their first grandchild was born last year.,他们的第一个孙辈去年出生了。,model-curated-pending-review,third-party-learner-content-v1
KV001832,new-high-risk,sense-note-parenthetical,grandchildren,孙辈；孙子孙女（grandchild 的复数）,,Grandma loves spending time with her grandchildren.,奶奶喜欢和孙辈们待在一起。,model-curated-pending-review,third-party-learner-content-v1
KV001847,new-high-risk,duplicate-surface-multi-sense,grocery,食品杂货；杂货,,We bought some grocery items for dinner.,我们买了一些晚餐用的食品杂货。,model-curated-pending-review,third-party-learner-content-v1
KV001893,new-high-risk,multi-meaning-label,heat,热；热量；高温,,The heat made us thirsty.,高温让我们口渴。,model-curated-pending-review,third-party-learner-content-v1
KV001895,new-high-risk,duplicate-surface-multi-sense,heavy,重的；沉重的,,This bag is too heavy for me.,这个包对我来说太重了。,model-curated-pending-review,third-party-learner-content-v1
KV001916,new-high-risk,multi-meaning-label,holiday,假日；假期；节日,,We are going to the beach for our holiday.,我们假期要去海边。,model-curated-pending-review,third-party-learner-content-v1
KV001941,new-high-risk,long-example,ice skate,冰鞋；溜冰鞋,,I put on my ice skates before going onto the rink.,我上冰场前穿上了冰鞋。,model-curated-pending-review,third-party-learner-content-v1
KV001943,new-high-risk,acronym-or-allcaps sense-note-parenthetical,ICT,信息与通信技术（ICT）,,We learn how computers communicate in ICT.,我们在信息与通信技术课上学习计算机怎样通信。,model-curated-pending-review,third-party-learner-content-v1
KV001960,new-high-risk,multi-meaning-label,inside,里面；在里面；在……里面,,The keys are inside the bag.,钥匙在包里面。,model-curated-pending-review,third-party-learner-content-v1
KV001971,new-high-risk,sense-note-parenthetical,iPad,iPad（苹果平板电脑）,,I read books on my iPad.,我用iPad读书。,model-curated-pending-review,third-party-learner-content-v1
KV001972,new-high-risk,sense-note-parenthetical,iPhone,iPhone（苹果手机）,,His iPhone is on the desk.,他的iPhone在桌上。,model-curated-pending-review,third-party-learner-content-v1
KV001973,new-high-risk,sense-note-parenthetical,iPod,iPod（苹果音乐播放器）,,She listened to music on her iPod.,她用iPod听音乐。,model-curated-pending-review,third-party-learner-content-v1
KV001980,new-high-risk,multi-meaning-label,Japanese,日本的；日本人；日语,,My friend is learning Japanese.,我的朋友正在学习日语。,model-curated-pending-review,third-party-learner-content-v1
KV001992,new-high-risk,multi-meaning-label,joy,欢乐；快乐；喜悦,,The good news filled us with joy.,这个好消息让我们充满喜悦。,model-curated-pending-review,third-party-learner-content-v1
KV002010,new-high-risk,multi-meaning-label,knock down,撞倒；击倒；拆倒,,The strong wind knocked down the old fence.,大风刮倒了旧栅栏。,model-curated-pending-review,third-party-learner-content-v1
KV002014,new-high-risk,acronym-or-allcaps,L.A.,洛杉矶,,L.A. is a large city in California.,洛杉矶是加利福尼亚州的一座大城市。,model-curated-pending-review,third-party-learner-content-v1
KV002032,new-high-risk,duplicate-surface-multi-sense,left,左边；左侧,,Turn left at the traffic lights.,在红绿灯处向左转。,model-curated-pending-review,third-party-learner-content-v1
KV002042,new-high-risk,duplicate-surface-multi-sense,lift,电梯,,We took the lift to the fifth floor.,我们乘电梯去了五楼。,model-curated-pending-review,third-party-learner-content-v1
KV002043,new-high-risk,duplicate-surface-multi-sense,lift,举起；抬起,,Can you lift this box?,你能抬起这个箱子吗？,model-curated-pending-review,third-party-learner-content-v1
KV002100,new-high-risk,multi-meaning-label,maybe,也许；可能；大概,,Maybe it will rain this afternoon.,今天下午也许会下雨。,model-curated-pending-review,third-party-learner-content-v1
KV002101,new-high-risk,sense-note-parenthetical,me,我（宾格）,,Can you help me with this box?,你能帮我搬这个箱子吗？,model-curated-pending-review,third-party-learner-content-v1
KV002111,new-high-risk,sense-note-parenthetical,men,男人；男性（man 的复数）,,Two men are carrying the table.,两个男人正在搬桌子。,model-curated-pending-review,third-party-learner-content-v1
KV002120,new-high-risk,sense-note-parenthetical,mice,老鼠（mouse 的复数）,,Two mice ran under the table.,两只老鼠跑到了桌子下面。,model-curated-pending-review,third-party-learner-content-v1
KV002131,new-high-risk,duplicate-surface-multi-sense sense-note-parenthetical,Miss,小姐；女士（称谓）,,Miss Wang is our English teacher.,王老师是我们的英语老师。,model-curated-pending-review,third-party-learner-content-v1
KV002132,new-high-risk,duplicate-surface-multi-sense,Miss,错过；想念,,I miss my grandparents when I am away.,我在外面时会想念爷爷奶奶。,model-curated-pending-review,third-party-learner-content-v1
KV002160,new-high-risk,duplicate-surface-multi-sense,much,许多；很多,,There is too much sugar in this drink.,这杯饮料里糖太多了。,model-curated-pending-review,third-party-learner-content-v1
KV002184,new-high-risk,sense-note-parenthetical,Nessie,尼斯湖水怪（Nessie）,,People tell stories about Nessie in Loch Ness.,人们讲述尼斯湖水怪Nessie的故事。,model-curated-pending-review,third-party-learner-content-v1
KV002214,new-high-risk,sense-note-parenthetical,not,不；没有（否定词）,,I am not tired today.,我今天不累。,model-curated-pending-review,third-party-learner-content-v1
KV002255,new-high-risk,sense-note-parenthetical,Ottawa,渥太华（加拿大首都）,,Ottawa is the capital of Canada.,渥太华是加拿大的首都。,model-curated-pending-review,third-party-learner-content-v1
KV002260,new-high-risk,multi-meaning-label,outing,郊游；远足；短途旅行,,Our class went on an outing to the zoo.,我们班去动物园郊游了。,model-curated-pending-review,third-party-learner-content-v1
KV002262,new-high-risk,duplicate-surface-multi-sense,over,在……上方；在……上面,,A plane flew over the city.,一架飞机从城市上空飞过。,model-curated-pending-review,third-party-learner-content-v1
KV002267,new-high-risk,sense-note-parenthetical,Oxford,牛津（英国城市）,,Oxford is a famous city in England.,牛津是英格兰的一座著名城市。,model-curated-pending-review,third-party-learner-content-v1
KV002288,new-high-risk,duplicate-surface-multi-sense,part,部分；一部分,,This is my favorite part of the story.,这是故事中我最喜欢的部分。,model-curated-pending-review,third-party-learner-content-v1
KV002294,new-high-risk,duplicate-surface-multi-sense sense-note-parenthetical,past,过（用于钟点）,,It is ten past three.,现在是三点十分。,model-curated-pending-review,third-party-learner-content-v1
KV002295,new-high-risk,duplicate-surface-multi-sense,past,过去；从前,,People travelled more slowly in the past.,过去人们旅行得更慢。,model-curated-pending-review,third-party-learner-content-v1
KV002296,new-high-risk,duplicate-surface-multi-sense,past,经过；越过,,We walked past the old school.,我们走过了那所老学校。,model-curated-pending-review,third-party-learner-content-v1
KV002328,new-high-risk,duplicate-surface-multi-sense,pick,挑选；选择,,You can pick one book to take home.,你可以挑一本书带回家。,model-curated-pending-review,third-party-learner-content-v1
KV002330,new-high-risk,multi-meaning-label,picture,图片；图画；照片,,I drew a picture of my house.,我画了一张我家的图画。,model-curated-pending-review,third-party-learner-content-v1
KV002332,new-high-risk,multi-meaning-label,piece,块；片；件,,Would you like a piece of cake?,你想要一块蛋糕吗？,model-curated-pending-review,third-party-learner-content-v1
KV002359,new-high-risk,sense-note-parenthetical,pm,下午；午后（p.m.）,,The train leaves at 3 pm.,火车下午三点出发。,model-curated-pending-review,third-party-learner-content-v1
KV002367,new-high-risk,sense-note-parenthetical,policewomen,女警察（复数）,,Two policewomen were standing by the gate.,两名女警察站在大门旁。,model-curated-pending-review,third-party-learner-content-v1
KV002380,new-high-risk,multi-meaning-label,possibly,可能；也许；大概,,We could possibly go there tomorrow.,我们明天也许可以去那里。,model-curated-pending-review,third-party-learner-content-v1
KV002393,new-high-risk,acronym-or-allcaps,PRC,中华人民共和国,,PRC stands for the People's Republic of China.,PRC代表中华人民共和国。,model-curated-pending-review,third-party-learner-content-v1
KV002413,new-high-risk,acronym-or-allcaps sense-note-parenthetical,PS,附言；又及（P.S.）,,She added a PS at the end of the letter.,她在信末加了一段附言。,model-curated-pending-review,third-party-learner-content-v1
KV002417,new-high-risk,sense-note-parenthetical,Puma Ranch,Puma Ranch（地名/场景名）,,We stayed at Puma Ranch for the weekend.,我们周末住在Puma Ranch。,model-curated-pending-review,third-party-learner-content-v1
KV002424,new-high-risk,multi-meaning-label,puzzle,谜；难题；谜题,,Can you solve this puzzle?,你能解开这个谜题吗？,model-curated-pending-review,third-party-learner-content-v1
KV002429,new-high-risk,sense-note-parenthetical,quarter,四分之一；一刻钟（15分钟）,,A quarter of the cake is left.,蛋糕还剩四分之一。,model-curated-pending-review,third-party-learner-content-v1
KV002470,new-high-risk,sense-note-parenthetical,ring,（电话、铃等）响；铃声,,I heard the phone ring.,我听见电话响了。,model-curated-pending-review,third-party-learner-content-v1
KV002473,new-high-risk,multi-meaning-label,road,路；道路；公路,,This road leads to the village.,这条路通向村庄。,model-curated-pending-review,third-party-learner-content-v1
KV002515,new-high-risk,duplicate-surface-multi-sense,save,节省；节约,,Turn off the light to save electricity.,关灯可以节约用电。,model-curated-pending-review,third-party-learner-content-v1
KV002516,new-high-risk,duplicate-surface-multi-sense,save,救；挽救,,The lifeguard jumped in to save the child.,救生员跳进水里救那个孩子。,model-curated-pending-review,third-party-learner-content-v1
KV002555,new-high-risk,sense-note-parenthetical,shall,shall 情态动词（用于将来/提议等）,,Shall we go to the park?,我们去公园好吗？,model-curated-pending-review,third-party-learner-content-v1
KV002580,new-high-risk,multi-meaning-label,sign,标志；标牌；指示牌,,The sign says stop.,这个标志写着“停”。,model-curated-pending-review,third-party-learner-content-v1
KV002597,new-high-risk,duplicate-surface-multi-sense,size,大小；尺寸,,What size shoes do you wear?,你穿多大尺码的鞋？,model-curated-pending-review,third-party-learner-content-v1
KV002610,new-high-risk,duplicate-surface-multi-sense,slide,滑动；滑行,,The box began to slide across the floor.,箱子开始在地板上滑动。,model-curated-pending-review,third-party-learner-content-v1
KV002611,new-high-risk,duplicate-surface-multi-sense,slide,滑梯,,The children are playing on the slide.,孩子们正在玩滑梯。,model-curated-pending-review,third-party-learner-content-v1
KV002630,new-high-risk,long-example,snorkel,通气管；用通气管潜泳,,Use a snorkel to breathe while your face is in the water.,脸在水里时用通气管呼吸。,model-curated-pending-review,third-party-learner-content-v1
KV002632,new-high-risk,duplicate-surface-multi-sense sense-note-parenthetical,so,这么；那么（表示程度）,,Why are you so tired?,你为什么这么累？,model-curated-pending-review,third-party-learner-content-v1
KV002672,new-high-risk,multi-meaning-label,spread,涂；抹；铺开,,Spread some jam on the bread.,在面包上涂一些果酱。,model-curated-pending-review,third-party-learner-content-v1
KV002676,new-high-risk,sense-note-parenthetical,stair,（楼梯的）一级；梯级,,I missed the last stair and nearly fell.,我踩空了最后一级楼梯差点摔倒。,model-curated-pending-review,third-party-learner-content-v1
KV002687,new-high-risk,multi-meaning-label,stick,粘；贴；粘住,,Use glue to stick the picture on the card.,用胶水把图片粘在卡片上。,model-curated-pending-review,third-party-learner-content-v1
KV002705,new-high-risk,sense-note-parenthetical,strike,（钟）敲响；报时,,The clock will strike twelve at noon.,钟会在中午敲响十二下。,model-curated-pending-review,third-party-learner-content-v1
KV002731,new-high-risk,duplicate-surface-multi-sense,sure,确信的；确定的,,I am sure this is the right answer.,我确信这是正确答案。,model-curated-pending-review,third-party-learner-content-v1
KV002752,new-high-risk,duplicate-surface-multi-sense multi-meaning-label,take,拿；取；带走,,Please take this book to your teacher.,请把这本书拿给你的老师。,model-curated-pending-review,third-party-learner-content-v1
KV002770,new-high-risk,duplicate-surface-multi-sense,taste,尝；品尝,,Taste the soup and tell me what you think.,尝一尝汤然后告诉我你的感觉。,model-curated-pending-review,third-party-learner-content-v1
KV002779,new-high-risk,sense-note-parenthetical,teeth,牙齿（tooth 的复数）,,Brush your teeth twice a day.,每天刷两次牙。,model-curated-pending-review,third-party-learner-content-v1
KV002810,new-high-risk,multi-meaning-label,them,他们；她们；它们,,I gave them some apples.,我给了他们一些苹果。,model-curated-pending-review,third-party-learner-content-v1
KV002811,new-high-risk,multi-meaning-label,themselves,他们自己；她们自己；它们自己,,They made the cards themselves.,他们自己做了这些卡片。,model-curated-pending-review,third-party-learner-content-v1
KV002842,new-high-risk,sense-note-parenthetical,Tokyo,东京（日本首都）,,Tokyo has many busy train stations.,东京有许多繁忙的火车站。,model-curated-pending-review,third-party-learner-content-v1
KV002873,new-high-risk,multi-meaning-label,trick,把戏；花招；恶作剧,,The magician showed us a clever trick.,魔术师给我们表演了一个巧妙的把戏。,model-curated-pending-review,third-party-learner-content-v1
KV002880,new-high-risk,multi-meaning-label,try out,试用；试一试；试验,,You can try out the new bike.,你可以试一试这辆新自行车。,model-curated-pending-review,third-party-learner-content-v1
KV002884,new-high-risk,duplicate-surface-multi-sense,turn,转；转动,,Turn the key slowly.,慢慢转动钥匙。,model-curated-pending-review,third-party-learner-content-v1
KV002887,new-high-risk,sense-note-parenthetical,turn on,打开；开启（电器、灯等）,,Please turn on the light.,请打开灯。,model-curated-pending-review,third-party-learner-content-v1
KV002899,new-high-risk,acronym-or-allcaps,UFO,不明飞行物；UFO,,The children drew a UFO in the sky.,孩子们画了一个天空中的不明飞行物。,model-curated-pending-review,third-party-learner-content-v1
KV002901,new-high-risk,acronym-or-allcaps,UK,英国；联合王国,,London is the capital of the UK.,伦敦是英国的首都。,model-curated-pending-review,third-party-learner-content-v1
KV002909,new-high-risk,multi-meaning-label,upstairs,楼上；在楼上；上楼,,My bedroom is upstairs.,我的卧室在楼上。,model-curated-pending-review,third-party-learner-content-v1
KV002910,new-high-risk,acronym-or-allcaps,US,我们,,The teacher asked us to sit down.,老师让我们坐下。,model-curated-pending-review,third-party-learner-content-v1
KV002911,new-high-risk,acronym-or-allcaps,USA,美国；美利坚合众国,,The USA is in North America.,美国在北美洲。,model-curated-pending-review,third-party-learner-content-v1
KV002938,new-high-risk,sense-note-parenthetical,watches,手表（watch 的复数）,,Those watches are in the shop window.,那些手表在商店橱窗里。,model-curated-pending-review,third-party-learner-content-v1
KV002941,new-high-risk,duplicate-surface-multi-sense multi-meaning-label,way,路；道路；方向,,Which way should we go?,我们应该往哪个方向走？,model-curated-pending-review,third-party-learner-content-v1
KV002965,new-high-risk,sense-note-parenthetical,wild geese,大雁；雁（wild goose 的复数）,,Wild geese fly south in autumn.,大雁秋天向南飞。,model-curated-pending-review,third-party-learner-content-v1
KV002966,new-high-risk,sense-note-parenthetical,will,将；会（表示将来）,,I will call you tonight.,我今晚会给你打电话。,model-curated-pending-review,third-party-learner-content-v1
KV002978,new-high-risk,sense-note-parenthetical,wolfie,Wolfie（狼的名字）,,Wolfie is the friendly wolf in the story.,Wolfie是故事里那只友善的狼。,model-curated-pending-review,third-party-learner-content-v1
KV002979,new-high-risk,sense-note-parenthetical,women,女人们；妇女们（woman 的复数）,,Three women are waiting for the bus.,三位女士正在等公交车。,model-curated-pending-review,third-party-learner-content-v1
KV003004,new-high-risk,sense-note-parenthetical,yuan,元（人民币货币单位）,,This notebook costs five yuan.,这个笔记本五元钱。,model-curated-pending-review,third-party-learner-content-v1
KV003007,new-high-risk,multi-meaning-label,yum,真好吃；好吃；美味,,Yum! This soup is delicious.,真好吃！这个汤很美味。,model-curated-pending-review,third-party-learner-content-v1
