Word,British,American,MeaningRaw,Book,Grade,Semester,SourceFile,SourceRow
book,[bʊk],[bʊk],"n. 书籍；卷；帐簿；名册；工作簿
vt. 预订；登记",1年级上,1,上,人教版一年级起点一年级上.xlsx,2
ruler,[ˈruːlə(r)],[ˈruːlər],n. 尺；统治者；[测] 划线板，划线的人,1年级上,1,上,人教版一年级起点一年级上.xlsx,3
pencil,[ˈpens(ə)l],[ˈpensl],"n. 铅笔；笔状物
vt. 用铅笔写；用眉笔涂
vi. 成铅笔状",1年级上,1,上,人教版一年级起点一年级上.xlsx,4
schoolbag,[ˈskuːlbæɡ],[ˈskuːlˌbæɡ],n. 书包,1年级上,1,上,人教版一年级起点一年级上.xlsx,5
teacher,[ˈtiːtʃə(r)],[ˈtiːtʃər],n. 教师；导师,1年级上,1,上,人教版一年级起点一年级上.xlsx,6
I,[aɪ],[aɪ],"n. 碘元素；英语字母I
pron. 我",1年级上,1,上,人教版一年级起点一年级上.xlsx,7
have,[həv],[həv; əv; hæv],"aux. 已经
vt. 有；让；拿；从事；允许",1年级上,1,上,人教版一年级起点一年级上.xlsx,8
a,[ə],[ə; eɪ],"n. 字母A；第一流的；学业成绩达最高标准的评价符号
abbr. [物]安（ampere）",1年级上,1,上,人教版一年级起点一年级上.xlsx,9
an,[ən],[ən; æn],art. 一（在元音音素前）,1年级上,1,上,人教版一年级起点一年级上.xlsx,10
face,[feɪs],[feɪs],"n. 脸；表面；面子；面容；外观；威信
vi. 向；朝
vt. 面对；面向；承认；抹盖",1年级上,1,上,人教版一年级起点一年级上.xlsx,11
ear,[ɪə(r)],[ɪr],"n. 耳朵；穗；听觉；倾听
vi. （美俚）听见；抽穗",1年级上,1,上,人教版一年级起点一年级上.xlsx,12
eye,[aɪ],[aɪ],"n. 眼睛；视力；眼光；见解，观点
vt. 注视，看",1年级上,1,上,人教版一年级起点一年级上.xlsx,13
nose,[nəʊz],[noʊz],"n. 鼻子；嗅觉；突出的部分；探问
vt. 嗅；用鼻子触
vi. 小心探索着前进；探问",1年级上,1,上,人教版一年级起点一年级上.xlsx,14
mouth,[maʊθ],[maʊθ],"n. 口，嘴；河口
vt. 做作地说，装腔作势地说；喃喃地说出
vi. 装腔作势说话",1年级上,1,上,人教版一年级起点一年级上.xlsx,15
this,[ðɪs],[ðɪs],"adj. 这；本；这个；今
pron. 这；这个；这里
adv. 这样地；这么",1年级上,1,上,人教版一年级起点一年级上.xlsx,16
is,[ɪz],[ɪz],"v. 是（be的三单形式）
n. 存在",1年级上,1,上,人教版一年级起点一年级上.xlsx,17
my,[maɪ],[maɪ],"pron. 我的
int. 哎呀（表示惊奇等）；喔唷",1年级上,1,上,人教版一年级起点一年级上.xlsx,18
dog,[dɒɡ],[dɔːɡ],"n. 狗；丑女人；卑鄙的人；(俚)朋友
vt. 跟踪；尾随",1年级上,1,上,人教版一年级起点一年级上.xlsx,19
bird,[bɜːd],[bɜːrd],"n. 鸟；家伙；羽毛球
vt. 向…喝倒彩；起哄
vi. 猎鸟；观察研究野鸟",1年级上,1,上,人教版一年级起点一年级上.xlsx,20
tiger,[ˈtaɪɡə(r)],[ˈtaɪɡər],n. 老虎；凶暴的人,1年级上,1,上,人教版一年级起点一年级上.xlsx,21
monkey,[ˈmʌŋki],[ˈmʌŋki],"n. 猴子；顽童
vi. 胡闹；捣蛋
vt. 嘲弄",1年级上,1,上,人教版一年级起点一年级上.xlsx,22
cat,[kæt],[kæt],n. 猫，猫科动物,1年级上,1,上,人教版一年级起点一年级上.xlsx,23
what,[wɒt],[wʌt],"pron. 什么；多么；多少
adv. 到什么程度，在哪一方面
adj. 什么；多么；何等
int. 什么；多么",1年级上,1,上,人教版一年级起点一年级上.xlsx,24
it,[ɪt],[ɪt],"abbr. 信息技术information technology
abbr. 意大利Italy；意大利的Italian",1年级上,1,上,人教版一年级起点一年级上.xlsx,25
one,[wʌn],[wʌn],"pron. 一个人；任何人
adj. 一的；唯一的
n. 一
num. 一；一个",1年级上,1,上,人教版一年级起点一年级上.xlsx,26
two,[tuː],[tuː],"num. 二
n. 两个
adj. 两个的",1年级上,1,上,人教版一年级起点一年级上.xlsx,27
three,[θriː],[θriː],"num. 三
n. 三，三个
adj. 三的，三个的",1年级上,1,上,人教版一年级起点一年级上.xlsx,28
four,[fɔː(r)],[fɔːr],"num. 四；四个
adj. 四的；四个的",1年级上,1,上,人教版一年级起点一年级上.xlsx,29
five,[faɪv],[faɪv],"num. 五，五个
n. 五，五个；五美元钞票
adj. 五的；五个的",1年级上,1,上,人教版一年级起点一年级上.xlsx,30
six,[sɪks],[sɪks],"num. 六，六个
n. 六，六个",1年级上,1,上,人教版一年级起点一年级上.xlsx,31
seven,[ˈsev(ə)n],[ˈsev(ə)n],"num. 七个，七
n. 七个，七
adj. 七的；七个的",1年级上,1,上,人教版一年级起点一年级上.xlsx,32
eight,[eɪt],[eɪt],"num. 八；八个；第八
n. 八字形
adj. 八的",1年级上,1,上,人教版一年级起点一年级上.xlsx,33
nine,[naɪn],[naɪn],"n. 九，九个
num. 九；九个
adj. 九的，九个的",1年级上,1,上,人教版一年级起点一年级上.xlsx,34
ten,[ten],[ten],num. 十个，十,1年级上,1,上,人教版一年级起点一年级上.xlsx,35
how,[haʊ],[haʊ],"adv. 如何；多少；多么
n. 方法；方式
conj. 如何",1年级上,1,上,人教版一年级起点一年级上.xlsx,36
many,[ˈmeni],[ˈmeni],"pron. 许多；许多人
adj. 许多的",1年级上,1,上,人教版一年级起点一年级上.xlsx,37
are,[ɑ:(r)],[ər; ɑːr; er],"v. 是（be的第二人称单复数现在式）
n. 公亩",1年级上,1,上,人教版一年级起点一年级上.xlsx,38
there,[ðeə(r)],[ðer],"n. 那个地方
adv. 在那里；在那边；在那点上
int. 你瞧",1年级上,1,上,人教版一年级起点一年级上.xlsx,39
black,[blæk],[blæk],"n. 黑色；黑人；黑颜料
adj. 黑色的；黑人的；邪恶的
vt. 使变黑；把鞋油等涂在…上；把（眼眶）打成青肿
vi. 变黑",1年级上,1,上,人教版一年级起点一年级上.xlsx,40
yellow,[ˈjeləʊ],[ˈjeloʊ],"n. 黄色；黄种人；黄色颜料
adj. 黄色的；黄皮肤的
vt. 使变黄或发黄
vi. 变黄或发黄",1年级上,1,上,人教版一年级起点一年级上.xlsx,41
blue,[bluː],[bluː],"adj. 蓝色的；沮丧的，忧郁的；下流的
n. 蓝色；[复数]（美国海、陆、空三军穿的）蓝色制服；蓝颜料；[the blue(s)][用作单数或复数]布鲁斯（歌曲）（一种伤感的美国黑人民歌
vi. 变成蓝色，呈蓝色
vt. 把…染成蓝色；使成蓝色；给…用上蓝剂；用上蓝剂于",1年级上,1,上,人教版一年级起点一年级上.xlsx,42
red,[red],[red],"n. 红色，红颜料；赤字
adj. 红色的；红肿的，充血的",1年级上,1,上,人教版一年级起点一年级上.xlsx,43
green,[ɡriːn],[ɡriːn],"n. 绿色；青春
adj. 绿色的；青春的
vt. 使…变绿色
vi. 变绿色",1年级上,1,上,人教版一年级起点一年级上.xlsx,44
colour,[ˈkʌlə(r)],[ˈkʌlər],"n. 颜色；风格；气色，面色；外貌
vt. 把…涂颜色，粉饰；歪曲；使脸红
vi. 变色",1年级上,1,上,人教版一年级起点一年级上.xlsx,45
apple,[ˈæp(ə)l],[ˈæpl],n. 苹果，苹果树，苹果似的东西；[美俚]炸弹，手榴弹，（棒球的）球；[美俚]人，家伙。,1年级上,1,上,人教版一年级起点一年级上.xlsx,46
pear,[peə(r)],[per],n. [园艺] 梨树；梨子,1年级上,1,上,人教版一年级起点一年级上.xlsx,47
banana,[bəˈnɑːnə],[bəˈnænə],n. 香蕉；喜剧演员；大鹰钩鼻,1年级上,1,上,人教版一年级起点一年级上.xlsx,48
orange,[ˈɒrɪndʒ],[ˈɔrɪndʒ],"adj. 橙色的；橘色的
n. 橙；橙色；桔子",1年级上,1,上,人教版一年级起点一年级上.xlsx,49
do,[duː; də; du; dəʊ],[duː; də; du; doʊ],"vi. 行，足够；生长
n. 要求；规定；C大调音阶中的第一音
v. 做；干；学习；研究；进行；完成；解答；整理；算出；引起；行过
aux. 助动词（构成疑问句和否定句）；（代替动词）；（用于加强语气）
n. （口语）事件；（主英国口语）诈骗；（主英国、新西兰口语）宴会；（口语）必须做到的事情",1年级上,1,上,人教版一年级起点一年级上.xlsx,50
you,[ju],[juː; jə],pron. 你；你们,1年级上,1,上,人教版一年级起点一年级上.xlsx,51
like,[laɪk],[laɪk],"vt. 喜欢；想；愿意
vi. 喜欢；希望
prep. 像；如同
adj. 同样的；相似的
n. 爱好；同样的人或物
adv. 可能
conj. 好像",1年级上,1,上,人教版一年级起点一年级上.xlsx,52
yes,[jes],[jes],"n. 是（表示肯定）
adv. 是, 是的",1年级上,1,上,人教版一年级起点一年级上.xlsx,53
no,[nəʊ],[noʊ],"adv. 不
adj. 没有；不是
n. 不；否决票
abbr. 数字（number）；元素锘（nobelium）的符号",1年级上,1,上,人教版一年级起点一年级上.xlsx,54
chair,[tʃeə(r)],[tʃer],"n. 椅子；讲座；（会议的）主席位；大学教授的职位
vt. 担任（会议的）主席；使…入座；使就任要职",1年级下,1,下,人教版一年级起点一年级下.xlsx,2
desk,[desk],[desk],"n. 办公桌；服务台；编辑部；（美）讲道台；乐谱架
adj. 书桌的；桌上用的；伏案做的",1年级下,1,下,人教版一年级起点一年级下.xlsx,3
blackboard,[ˈblækbɔːd],[ˈblækbɔːrd],n. 黑板,1年级下,1,下,人教版一年级起点一年级下.xlsx,4
on,[ɒn],[ɑːn],"adv. 向前地；作用中，行动中；继续着
prep. 向，朝……；关于；在……之上；在……时候
adj. 开着的；发生着的，正在进行中",1年级下,1,下,人教版一年级起点一年级下.xlsx,5
under,[ˈʌndə(r)],[ˈʌndər],"prep. 低于，少于；在...之下
adj. 下面的；从属的
adv. 在下面；在下方",1年级下,1,下,人教版一年级起点一年级下.xlsx,6
in,[ɪn],[ɪn],"prep. 按照（表示方式）；从事于；在…之内
n. 执政者；门路；知情者
adj. 在里面的；时髦的
adv. 进入；当选；（服装等）时髦；在屋里",1年级下,1,下,人教版一年级起点一年级下.xlsx,7
where,[weə(r)],[wer],"conj. 在…的地方
n. 地点
adv. 在哪里
pron. 哪里",1年级下,1,下,人教版一年级起点一年级下.xlsx,8
the,[ðə],[ðə; ði; ðiː],"art. 这；那
adv. 更加（用于比较级，最高级前）",1年级下,1,下,人教版一年级起点一年级下.xlsx,9
light,[laɪt],[laɪt],"n. 光；光线；灯；打火机；领悟；浅色；天窗
adj. 轻的；浅色的；明亮的；轻松的；容易的；清淡的
vi. 点着；变亮；着火
vt. 照亮；点燃；着火
adv. 轻地；清楚地；轻便地",1年级下,1,下,人教版一年级起点一年级下.xlsx,10
bed,[bed],[bed],"n. 床；基础；河底， 海底
vt. 使睡觉；安置，嵌入；栽种
vi. 上床；分层",1年级下,1,下,人教版一年级起点一年级下.xlsx,11
door,[dɔː(r)],[dɔːr],n. 门；家，户；门口；通道,1年级下,1,下,人教版一年级起点一年级下.xlsx,12
box,[bɒks],[bɑːks],"n. 箱，盒子；包厢；一拳
vt. 拳击；装…入盒中；打耳光
vi. 拳击",1年级下,1,下,人教版一年级起点一年级下.xlsx,13
near,[nɪə(r)],[nɪr],"adj. 近的；亲近的；近似的
adv. 近；接近
prep. 靠近；近似于",1年级下,1,下,人教版一年级起点一年级下.xlsx,14
behind,[bɪˈhaɪnd],[bɪˈhaɪnd],"prep. 落后于；支持；晚于
n. 屁股
adv. 在后地；在原处",1年级下,1,下,人教版一年级起点一年级下.xlsx,15
plane,[pleɪn],[pleɪn],"n. 飞机；平面；程度，水平
adj. 平的；平面的
vt. 刨平；用刨子刨；掠过水面
vi. 刨；乘飞机旅行；翱翔",1年级下,1,下,人教版一年级起点一年级下.xlsx,16
ball,[bɔːl],[bɔːl],"n. 球；舞会
vt. 捏成球形
vi. 成团块",1年级下,1,下,人教版一年级起点一年级下.xlsx,17
doll,[dɒl],[dɑːl],"n. 洋娃娃；玩偶；无头脑的美丽女人
vt. 把…打扮得花枝招展",1年级下,1,下,人教版一年级起点一年级下.xlsx,18
train,[treɪn],[treɪn],"n. 火车；行列；长队；裙裾
v. 培养；训练；瞄准",1年级下,1,下,人教版一年级起点一年级下.xlsx,19
car,[kɑː(r)],[kɑːr],n. 汽车；车厢,1年级下,1,下,人教版一年级起点一年级下.xlsx,20
bear,[beə(r)],[ber],"n. 熊
vt. 结果实，开花（正式）
vt. 忍受；承受；具有；支撑",1年级下,1,下,人教版一年级起点一年级下.xlsx,21
can,[kən; kæn],[kən; kæn],"aux. 能； 能够； 可以； 可能
n. 罐头； （用金属或塑料制作的）容器； （马口铁或其他金属制作的）食品罐头
vt. 将…装入密封罐中保存",1年级下,1,下,人教版一年级起点一年级下.xlsx,22
sure,[ʃʊə(r)],[ʃʊr],"adj. 确信的；可靠的；必定的
adv. 当然；的确",1年级下,1,下,人教版一年级起点一年级下.xlsx,23
sorry,[ˈsɒri],[ˈsɑːri],"adj. 遗憾的；对不起的，抱歉的
int. 对不起，抱歉（表示委婉的拒绝等）",1年级下,1,下,人教版一年级起点一年级下.xlsx,24
rice,[raɪs],[raɪs],"n. 稻；米饭
vt. 把…捣成米糊状",1年级下,1,下,人教版一年级起点一年级下.xlsx,25
noodles,[ˈnuːd(ə)lz],[ˈnuːd(ə)lz],n. 面条，挂面（noodle的复数形式),1年级下,1,下,人教版一年级起点一年级下.xlsx,26
vegetable,[ˈvedʒtəb(ə)l],[ˈvedʒtəbl],"n. 蔬菜；植物；植物人
adj. 蔬菜的；植物的",1年级下,1,下,人教版一年级起点一年级下.xlsx,27
fish,[fɪʃ],[fɪʃ],"n. 鱼，鱼类
vt. 钓鱼，捕鱼；搜寻
vi. 捕鱼，钓鱼；用钩捞取",1年级下,1,下,人教版一年级起点一年级下.xlsx,28
chicken,[ˈtʃɪkɪn],[ˈtʃɪkɪn],"n. 鸡肉；小鸡；胆小鬼，懦夫
adj. 鸡肉的；胆怯的；幼小的",1年级下,1,下,人教版一年级起点一年级下.xlsx,29
egg,[eɡ],[eɡ],"n. 蛋；卵子；家伙；鸡蛋
vt. 煽动；怂恿",1年级下,1,下,人教版一年级起点一年级下.xlsx,30
hungry,[ˈhʌŋɡri],[ˈhʌŋɡri],adj. 饥饿的；渴望的；荒年的；不毛的,1年级下,1,下,人教版一年级起点一年级下.xlsx,31
want,[wɒnt],[wɑːnt],"n. 需要；缺乏；贫困；必需品
vt. 需要；希望；应该；缺少
vi. 需要；缺少",1年级下,1,下,人教版一年级起点一年级下.xlsx,32
and,[ənd],[ənd; ən; n; ænd],conj. 和，与；就；而且；但是；然后,1年级下,1,下,人教版一年级起点一年级下.xlsx,33
juice,[dʒuːs],[dʒuːs],n. （水果）汁，液；果汁,1年级下,1,下,人教版一年级起点一年级下.xlsx,34
tea,[tiː],[tiː],"n. 茶叶；茶树；茶点
vt. 给…沏茶
vi. 喝茶；进茶点",1年级下,1,下,人教版一年级起点一年级下.xlsx,35
milk,[mɪlk],[mɪlk],"n. 牛奶；乳状物
vt. 榨取；挤…的奶
vi. 挤奶",1年级下,1,下,人教版一年级起点一年级下.xlsx,36
water,[ˈwɔːtə(r)],[ˈwɔːtər],"n. 水；海水；雨水；海域，大片的水
vt. 使湿；供以水；给…浇水
vi. 加水；流泪；流口水",1年级下,1,下,人教版一年级起点一年级下.xlsx,37
thirsty,[ˈθɜːsti],[ˈθɜːrsti],adj. 口渴的，口干的；渴望的，热望的,1年级下,1,下,人教版一年级起点一年级下.xlsx,38
thanks,[θæŋks],[θæŋks],"n. 谢谢（只用复数）
int. 谢谢",1年级下,1,下,人教版一年级起点一年级下.xlsx,39
shirt,[ʃɜːt],[ʃɜːrt],n. 衬衫；汗衫，内衣,1年级下,1,下,人教版一年级起点一年级下.xlsx,40
T-shirt,[ˈtiː ʃɜːt],[ˈtiː ʃɜːrt],n. 短袖圆领汗衫,1年级下,1,下,人教版一年级起点一年级下.xlsx,41
skirt,[skɜːt],[skɜːrt],"n. 裙子
vt. 绕过，回避；位于…边缘
vi. 沿边走，绕开；环绕",1年级下,1,下,人教版一年级起点一年级下.xlsx,42
dress,[dres],[dres],"n. 连衣裙；女装
vt. 给…穿衣
vi. 穿衣",1年级下,1,下,人教版一年级起点一年级下.xlsx,43
socks,[sɒks],[sɑːks],n. 袜子（sock的复数）,1年级下,1,下,人教版一年级起点一年级下.xlsx,44
shorts,[ʃɔːts],[ʃɔːrts],n. 短裤,1年级下,1,下,人教版一年级起点一年级下.xlsx,45
your,[jɔː(r); jə(r)],[jʊr; jər],pron. 你的，你们的,1年级下,1,下,人教版一年级起点一年级下.xlsx,46
father,[ˈfɑːðə(r)],[ˈfɑːðər],"n. 父亲，爸爸；神父；祖先；前辈
vt. 发明，创立；当…的父亲",2年级上,2,上,人教版一年级起点二年级上.xlsx,2
mother,[ˈmʌðə(r)],[ˈmʌðər],"n. 母亲；大娘；女修道院院长
vt. 生下；养育；像母亲般关怀或照管
adj. 母亲的；出生地的",2年级上,2,上,人教版一年级起点二年级上.xlsx,3
brother,[ˈbrʌðə(r)],[ˈbrʌðər],"n. 兄弟；同事；战友
int. 我的老兄！",2年级上,2,上,人教版一年级起点二年级上.xlsx,4
sister,[ˈsɪstə(r)],[ˈsɪstər],"n. 姐妹；（称志同道合者）姐妹；修女；护士
adj. 姐妹般的；同类型的",2年级上,2,上,人教版一年级起点二年级上.xlsx,5
grandmother,[ˈɡrænmʌðə(r)],[ˈɡrænmʌðər],"n. 祖母；女祖先
vt. 当…的祖母
vi. 当祖母",2年级上,2,上,人教版一年级起点二年级上.xlsx,6
grandfather,[ˈɡrænfɑːðə(r)],[ˈɡrænfɑːðər],"n. 祖父；始祖
vt. 不受新规定限制",2年级上,2,上,人教版一年级起点二年级上.xlsx,7
who,[huː],[huː],pron. 谁；什么人,2年级上,2,上,人教版一年级起点二年级上.xlsx,8
he,[hi; iː; i; hiː],[hi; iː; i; hiː],"n. 男孩，男人；它（雄性动物）
pron. 他",2年级上,2,上,人教版一年级起点二年级上.xlsx,9
she,[ʃi],[ʃi; ʃiː],"n. 女人；雌性动物
pron. 她（主格）；它（用来指雌性动物或国家、船舶、地球、月亮等）",2年级上,2,上,人教版一年级起点二年级上.xlsx,10
classmate,[ˈklɑːsmeɪt],[ˈklæsmeɪt],n. 同班同学,2年级上,2,上,人教版一年级起点二年级上.xlsx,11
friend,[frend],[frend],n. 朋友；助手；赞助者,2年级上,2,上,人教版一年级起点二年级上.xlsx,12
woman,[ˈwʊmən],[ˈwʊmən],n. 妇女；女性；成年女子,2年级上,2,上,人教版一年级起点二年级上.xlsx,13
girl,[ɡɜːl],[ɡɜːrl],"n. 女孩；姑娘，未婚女子；女职员，女演员；（男人的）女朋友
n. （捷）吉尔",2年级上,2,上,人教版一年级起点二年级上.xlsx,14
man,[mæn],[mæn],"n. 人；男人；人类；丈夫；雇工
vt. 操纵；给…配置人员；使增强勇气；在…就位",2年级上,2,上,人教版一年级起点二年级上.xlsx,15
boy,[bɔɪ],[bɔɪ],n. 男孩；男人,2年级上,2,上,人教版一年级起点二年级上.xlsx,16
look,[lʊk],[lʊk],"vt. 看；期待；注意；面向；看上去像
vi. 看；看起来；注意；面向
n. 看；样子；面容",2年级上,2,上,人教版一年级起点二年级上.xlsx,17
his,[hɪz],[hɪz; ɪz],pron. 他的,2年级上,2,上,人教版一年级起点二年级上.xlsx,18
name,[neɪm],[neɪm],"n. 名称，名字；姓名；名誉
vt. 命名，任命；指定；称呼；提名；叫出
adj. 姓名的；据以取名的",2年级上,2,上,人教版一年级起点二年级上.xlsx,19
her,[hə(r)],[hər; ɜːr; ər; hɜːr],pron. 她（she的宾格）；她的（she的所有格）；她（指某个国家；一艘船）,2年级上,2,上,人教版一年级起点二年级上.xlsx,20
or,[ɔː(r)],[ɔːr],conj. 或，或者；还是,2年级上,2,上,人教版一年级起点二年级上.xlsx,21
big,[bɪɡ],[bɪɡ],"adj. 大的；重要的；量大的
adv. 大量地；顺利；夸大地",2年级上,2,上,人教版一年级起点二年级上.xlsx,22
tall,[tɔːl],[tɔːl],"adj. 高的；长的；过分的；夸大的
adv. 夸大地",2年级上,2,上,人教版一年级起点二年级上.xlsx,23
pretty,[ˈprɪti],[ˈprɪti],"n. 有吸引力的事物（尤指饰品）；漂亮的人
adj. 漂亮的；可爱的；优美的
adv. 相当地；颇",2年级上,2,上,人教版一年级起点二年级上.xlsx,24
thin,[θɪn],[θɪn],"n. 细小部分
adj. 薄的；瘦的；稀薄的；微弱的
vt. 使瘦；使淡；使稀疏
vi. 变薄；变瘦；变淡
adv. 稀疏地；微弱地",2年级上,2,上,人教版一年级起点二年级上.xlsx,25
short,[ʃɔːt],[ʃɔːrt],"n. 短；缺乏；短路；短裤
adj. 短的；不足的；矮的，低的
adv. 不足；突然；唐突地",2年级上,2,上,人教版一年级起点二年级上.xlsx,26
handsome,[ˈhænsəm],[ˈhænsəm],adj. （男子）英俊的；可观的；大方的，慷慨的；健美而端庄的,2年级上,2,上,人教版一年级起点二年级上.xlsx,27
new,[njuː],[nuː],"adj. 新的，新鲜的；更新的；初见的
adv. 新近",2年级上,2,上,人教版一年级起点二年级上.xlsx,28
does,[dʌz],[dʌz],v. 做；工作；有用（do的第三人称单数形式）,2年级上,2,上,人教版一年级起点二年级上.xlsx,29
bookshop,[ˈbʊkʃɒp],[ˈbʊkʃɑːp],n. 书店,2年级上,2,上,人教版一年级起点二年级上.xlsx,30
zoo,[zuː],[zuː],n. 动物园; <美俚>（铁路货车的最后一节）守车; <美俚>核粒子园,2年级上,2,上,人教版一年级起点二年级上.xlsx,31
school,[skuːl],[skuːl],"n. 学校；学院；学派；鱼群
vt. 教育",2年级上,2,上,人教版一年级起点二年级上.xlsx,32
supermarket,[ˈsuːpəmɑːkɪt],[ˈsuːpərmɑːrkɪt],n. 超级市场；自助售货商店,2年级上,2,上,人教版一年级起点二年级上.xlsx,33
park,[pɑːk],[pɑːrk],"n. 公园；[交] 停车场
vt. 停放；放置；寄存
vi. 停放车辆",2年级上,2,上,人教版一年级起点二年级上.xlsx,34
hospital,[ˈhɒspɪt(ə)l],[ˈhɑːspɪtl],n. 医院,2年级上,2,上,人教版一年级起点二年级上.xlsx,35
go,[ɡəʊ],[ɡoʊ],"n. 去；进行；尝试
vi. 走；达到；运转；趋于
vt. 忍受；出产；以…打赌
[复数 goes 第三人称单数 goes 过去式 went 过去分词 gone 现在分词 going]",2年级上,2,上,人教版一年级起点二年级上.xlsx,36
to,[tə],[tə; tu; tuː],"prep. 到；向；（表示时间、方向）朝…方向
adv. 向前；（门等）关上",2年级上,2,上,人教版一年级起点二年级上.xlsx,37
grass,[ɡrɑːs],[ɡræs],"n. 草；草地，草坪
vt. 放牧；使……长满草；使……吃草
vi. 长草",2年级上,2,上,人教版一年级起点二年级上.xlsx,38
tree,[triː],[triː],"n. 树；木料；树状物
vt. 把...赶上树
vi. 爬上树；逃上树",2年级上,2,上,人教版一年级起点二年级上.xlsx,39
flower,[ˈflaʊə(r)],[ˈflaʊər],"n. 花；精华；开花植物
vt. 使开花；用花装饰
vi. 成熟，发育；开花；繁荣；旺盛",2年级上,2,上,人教版一年级起点二年级上.xlsx,40
boat,[bəʊt],[boʊt],"n. 小船；轮船
vi. 划船",2年级上,2,上,人教版一年级起点二年级上.xlsx,41
lake,[leɪk],[leɪk],"n. 湖；深红色颜料；胭脂红
vt. （使）血球溶解
vi. （使）血球溶解",2年级上,2,上,人教版一年级起点二年级上.xlsx,42
hill,[hɪl],[hɪl],n. 小山；丘陵；斜坡；山冈,2年级上,2,上,人教版一年级起点二年级上.xlsx,43
Christmas,[ˈkrɪsməs],[ˈkrɪsməs],n. 圣诞节；圣诞节期间,2年级上,2,上,人教版一年级起点二年级上.xlsx,44
Father Christmas,,,na. 圣诞老人,2年级上,2,上,人教版一年级起点二年级上.xlsx,45
Christmas tree,[ˈkrɪsməs triː],[ˈkrɪsməs triː],n. 【节】圣诞树,2年级上,2,上,人教版一年级起点二年级上.xlsx,46
card,[kɑːd],[kɑːrd],"n. 卡片；纸牌；明信片
vt. 记于卡片上",2年级上,2,上,人教版一年级起点二年级上.xlsx,47
present,[ˈprez(ə)nt],[ˈpreznt],"n. 现在；礼物；瞄准
adj. 现在的；出席的
vt. 提出；介绍；呈现；赠送
vi. 举枪瞄准",2年级上,2,上,人教版一年级起点二年级上.xlsx,48
New Year,,,n. 新年,2年级上,2,上,人教版一年级起点二年级上.xlsx,49
merry,[ˈmeri],[ˈmeri],"adj. 愉快的；微醉的；嬉戏作乐的
n. 甜樱桃",2年级上,2,上,人教版一年级起点二年级上.xlsx,50
too,[tuː],[tuː],adv. 太；也；很；还；非常；过度,2年级上,2,上,人教版一年级起点二年级上.xlsx,51
here,[hɪə(r)],[hɪr],"n. 这里
adv. 在这里；此时
int. 嘿！；喂！",2年级上,2,上,人教版一年级起点二年级上.xlsx,52
for,[fə(r)],[fər; fɔːr],"prep. 为，为了；因为；给；对于；至于；适合于
conj. 因为",2年级上,2,上,人教版一年级起点二年级上.xlsx,53
thank,[θæŋk],[θæŋk],"n. 感谢
vt. 感谢
int. 谢谢",2年级上,2,上,人教版一年级起点二年级上.xlsx,54
happy,[ˈhæpi],[ˈhæpi],adj. 幸福的；高兴的；巧妙的,2年级上,2,上,人教版一年级起点二年级上.xlsx,55
play football,,,na. 踢足球；对难办的事采取踢皮球的态度,2年级下,2,下,人教版一年级起点二年级下.xlsx,2
fly a kite,,,na. 放风筝；试探舆论；开空头支票；〈美〉(从狱中)非法寄出信件,2年级下,2,下,人教版一年级起点二年级下.xlsx,3
ride a bike,,,骑自行车；骑车；骑单车,2年级下,2,下,人教版一年级起点二年级下.xlsx,4
make a model plane,,,无,2年级下,2,下,人教版一年级起点二年级下.xlsx,5
swim,[swɪm],[swɪm],"n. 游泳；漂浮；眩晕
adj. 游泳时穿戴的
vi. 游泳；漂浮；浸；眩晕
vt. 游过；使浮起",2年级下,2,下,人教版一年级起点二年级下.xlsx,6
make a snowman,,,堆雪人；做雪人；堆一个雪人,2年级下,2,下,人教版一年级起点二年级下.xlsx,7
can't,,,abbr. 不能（can not）,2年级下,2,下,人教版一年级起点二年级下.xlsx,8
rainy,[ˈreɪni],[ˈreɪni],adj. 下雨的；多雨的,2年级下,2,下,人教版一年级起点二年级下.xlsx,9
cloudy,[ˈklaʊdi],[ˈklaʊdi],adj. 多云的；阴天的；愁容满面的,2年级下,2,下,人教版一年级起点二年级下.xlsx,10
snowy,[ˈsnəʊi],[ˈsnoʊi],adj. 下雪的，多雪的；被雪覆盖的；洁白无瑕的,2年级下,2,下,人教版一年级起点二年级下.xlsx,11
windy,[ˈwɪndi],[ˈwɪndi],adj. 多风的，有风的；腹胀的；吹牛的,2年级下,2,下,人教版一年级起点二年级下.xlsx,12
sunny,[ˈsʌni],[ˈsʌni],adj. 阳光充足的，和煦的；快活的；性情开朗的,2年级下,2,下,人教版一年级起点二年级下.xlsx,13
umbrella,[ʌmˈbrelə],[ʌmˈbrelə],n. 雨伞；保护伞；庇护；伞形结构,2年级下,2,下,人教版一年级起点二年级下.xlsx,14
weather,[ˈweðə(r)],[ˈweðər],"n. 天气；气象；气候；处境
vt. 经受住；使风化；侵蚀；使受风吹雨打
adj. 露天的；迎风的
vi. 风化；受侵蚀；经受风雨",2年级下,2,下,人教版一年级起点二年级下.xlsx,15
wow,[waʊ],[waʊ],"n. 极大的成功；一鸣惊人之举；魔兽世界(World of Warcraft)；失真
int. （表示极大的惊奇或钦佩）哇，呀",2年级下,2,下,人教版一年级起点二年级下.xlsx,16
let's,,,让我们（let us的简写）,2年级下,2,下,人教版一年级起点二年级下.xlsx,17
spring,[sprɪŋ],[sprɪŋ],"n. 春天；弹簧；泉水；活力；跳跃
adj. 春天的
vt. 使跳起；使爆炸；突然提出；使弹开
vi. 生长；涌出；跃出；裂开",2年级下,2,下,人教版一年级起点二年级下.xlsx,18
summer,[ˈsʌmə(r)],[ˈsʌmər],"n. 夏季；全盛时期
adj. 夏季的
vi. 避暑；过夏天",2年级下,2,下,人教版一年级起点二年级下.xlsx,19
autumn,[ˈɔːtəm],[ˈɔːtəm; ˈɑːtəm],"n. 秋天；成熟期；渐衰期，凋落期
adj. 秋天的，秋季的",2年级下,2,下,人教版一年级起点二年级下.xlsx,20
winter,[ˈwɪntə(r)],[ˈwɪntər],"n. 冬季；年岁；萧条期
adj. 冬天的；越冬的
vi. 过冬",2年级下,2,下,人教版一年级起点二年级下.xlsx,21
hot,[hɒt],[hɑːt],"adj. 热的；辣的；热情的；激动的；紧迫的
vt. 增加；给…加温
adv. 热；紧迫地
vi. 变热",2年级下,2,下,人教版一年级起点二年级下.xlsx,22
warm,[wɔːm],[wɔːrm],"n. 取暖；加热
adj. 温暖的；热情的
vt. 使…兴奋；使…温暖；使…感兴趣
vi. 同情；激动；变温暖",2年级下,2,下,人教版一年级起点二年级下.xlsx,23
cool,[kuːl],[kuːl],"n. 凉爽；凉爽的空气
adj. 凉爽的；冷静的；出色的
vt. 使…冷却；使…平静下来
vi. 变凉；平息
adv. 冷静地",2年级下,2,下,人教版一年级起点二年级下.xlsx,24
cold,[kəʊld],[kəʊld],"n. 寒冷；感冒
adj. 寒冷的；冷淡的，不热情的；失去知觉的
adv. 完全地",2年级下,2,下,人教版一年级起点二年级下.xlsx,25
favourite,[ˈfeɪvərɪt],[ˈfeɪvərɪt],"n. 特别喜爱的人（或物）
adj. 特别受喜爱的",2年级下,2,下,人教版一年级起点二年级下.xlsx,26
season,[ˈsiːzn],[ˈsiːzn],"n. 时期；季节；赛季
vt. 给…调味；使适应
vi. 变得成熟；变干燥",2年级下,2,下,人教版一年级起点二年级下.xlsx,27
eleven,[ɪˈlev(ə)n],[ɪˈlevn],"num. 十一；十一个
n. 十一；十一个
adj. 十一的；十一个的",2年级下,2,下,人教版一年级起点二年级下.xlsx,28
twelve,[twelv],[twelv],"num. 十二；十二个
n. 十二；十二个
adj. 十二的；十二个的",2年级下,2,下,人教版一年级起点二年级下.xlsx,29
twenty,[ˈtwenti],[ˈtwenti],"num. 二十
n. 二十；二十年代
adj. 二十的",2年级下,2,下,人教版一年级起点二年级下.xlsx,30
thirty,[ˈθɜːti],[ˈθɜːrti],"num. 三十
n. 三十年代
adj. 三十个的",2年级下,2,下,人教版一年级起点二年级下.xlsx,31
forty,[ˈfɔːti],[ˈfɔːrti],"n. 四十
adj. 四十的；四十个的",2年级下,2,下,人教版一年级起点二年级下.xlsx,32
fifty,[ˈfɪfti],[ˈfɪfti],"n. 五十；五十个；编号为50的东西
adj. 五十的；五十个的；众多的",2年级下,2,下,人教版一年级起点二年级下.xlsx,33
thirteen,[ˌθɜːˈtiːn],[ˌθɜːrˈtiːn],"n. 十三；十三岁；十三个
num. 十三
adj. 十三的；十三个的",2年级下,2,下,人教版一年级起点二年级下.xlsx,34
fourteen,[ˌfɔːˈtiːn],[ˌfɔːrˈtiːn],"num. 十四；十四个；第十四
n. 十四的记号；十四岁；十四点钟；十五世纪",2年级下,2,下,人教版一年级起点二年级下.xlsx,35
fifteen,[ˌfɪfˈtiːn],[ˌfɪfˈtiːn],"n. 十五；十五个；十五人组成的橄榄球队
num. 十五
adj. 十五的",2年级下,2,下,人教版一年级起点二年级下.xlsx,36
time,[taɪm],[taɪm],"n. 时间；时代；次数；节拍；倍数
adj. 定时的；定期的；分期的
vt. 计时；测定…的时间；安排…的速度",2年级下,2,下,人教版一年级起点二年级下.xlsx,37
playtime,[ˈpleɪtaɪm],[ˈpleɪtaɪm],n. 游戏或娱乐的时间；开幕时刻,2年级下,2,下,人教版一年级起点二年级下.xlsx,38
get up,[ɡet ʌp],[ɡet ʌp],na. 起床；起身；站起来；叫…起床,2年级下,2,下,人教版一年级起点二年级下.xlsx,39
eat breakfast,[i:t ˈbrekfəst],[iːt ˈbrekfəst],吃早饭；吃早餐；食早餐,2年级下,2,下,人教版一年级起点二年级下.xlsx,40
go to school,,,na. 到校上课；上学去；开始求学,2年级下,2,下,人教版一年级起点二年级下.xlsx,41
eat lunch,,,吃午饭；吃午餐；吃中午饭,2年级下,2,下,人教版一年级起点二年级下.xlsx,42
go home,,,na. 回家；〈口〉死；(忠告等)刻骨铭心；击中,2年级下,2,下,人教版一年级起点二年级下.xlsx,43
eat dinner,,,吃晚饭；吃晚餐；吃饭,2年级下,2,下,人教版一年级起点二年级下.xlsx,44
go to bed,,,na. 睡；同床；【印】付印,2年级下,2,下,人教版一年级起点二年级下.xlsx,45
when,[wen],[wen],"conj. 考虑到；既然；当…时；在…时；如果
n. 时间，时候；日期；场合
adv. 什么时候，何时；（用于时间的表达方式之后）在那时；其时；当时
pron. 那时；什么时侯",2年级下,2,下,人教版一年级起点二年级下.xlsx,46
every day,,,na. 每日,2年级下,2,下,人教版一年级起点二年级下.xlsx,47
at,[ət],[ət; æt],"prep. 在（表示存在或出现的地点、场所、位置、空间）；以（某种价格、速度等）；向；达；因为；朝；忙于
n. 阿特（老挝货币基本单位att）；[化]砹（极不稳定放射性元素）
abbr. 密封的（airtight）；气温（air temperature）",2年级下,2,下,人教版一年级起点二年级下.xlsx,48
Sunday,[ˈsʌndeɪ],[ˈsʌndeɪ],n. 星期日；礼拜日,2年级下,2,下,人教版一年级起点二年级下.xlsx,49
Monday,[ˈmʌndeɪ],[ˈmʌndeɪ],n. 星期一,2年级下,2,下,人教版一年级起点二年级下.xlsx,50
Tuesday,[ˈtjuːzdeɪ],[ˈtuːzdeɪ],n. 星期二,2年级下,2,下,人教版一年级起点二年级下.xlsx,51
Wednesday,[ˈwenzdeɪ],[ˈwenzdeɪ],n. 星期三,2年级下,2,下,人教版一年级起点二年级下.xlsx,52
Thursday,[ˈθɜːzdeɪ],[ˈθɜːrzdeɪ],n. 星期四,2年级下,2,下,人教版一年级起点二年级下.xlsx,53
Friday,[ˈfraɪdeɪ],[ˈfraɪdeɪ],n. 星期五,2年级下,2,下,人教版一年级起点二年级下.xlsx,54
Saturday,[ˈsætədeɪ],[ˈsætərdeɪ],n. 星期六,2年级下,2,下,人教版一年级起点二年级下.xlsx,55
today,[təˈdeɪ],[təˈdeɪ],"n. 今天；现今
adv. 今天；现今",2年级下,2,下,人教版一年级起点二年级下.xlsx,56
my,[maɪ],[maɪ],"pron. 我的
int. 哎呀（表示惊奇等）；喔唷",3年级上,3,上,人教版一年级起点三年级上.xlsx,2
your,[jɔː(r); jə(r)],[jʊr; jər],pron. 你的，你们的,3年级上,3,上,人教版一年级起点三年级上.xlsx,3
name,[neɪm],[neɪm],"n. 名称，名字；姓名；名誉
vt. 命名，任命；指定；称呼；提名；叫出
adj. 姓名的；据以取名的",3年级上,3,上,人教版一年级起点三年级上.xlsx,4
new,[njuː],[nuː],"adj. 新的，新鲜的；更新的；初见的
adv. 新近",3年级上,3,上,人教版一年级起点三年级上.xlsx,5
year,[jɪə(r)],[jɪr],n. 年；年度；历年；年纪；一年的期间；某年级的学生,3年级上,3,上,人教版一年级起点三年级上.xlsx,6
old,[əʊld],[oʊld],"adj. 陈旧的，古老的；年老的
n. 古时",3年级上,3,上,人教版一年级起点三年级上.xlsx,7
how old,,,conj. 多少岁,3年级上,3,上,人教版一年级起点三年级上.xlsx,8
class,[klɑːs],[klæs],"n. 阶级；班级；种类；班；等级
adj. 极好的；很好的，优秀的，出色的
vt. 分类；把…分等级；把…归入某等级，把…看作（或分类、归类）；把…编入某一班级
vi. 属于…类（或等级），被列为某类（或某级）",3年级上,3,上,人教版一年级起点三年级上.xlsx,9
grade,[ɡreɪd],[ɡreɪd],"n. 年级；等级；成绩；级别；阶段
vt. 评分；把…分等级
vi. 分等级；逐渐变化",3年级上,3,上,人教版一年级起点三年级上.xlsx,10
age,[eɪdʒ],[eɪdʒ],"n. 年龄；时代；寿命，使用年限；阶段
vt. 使成熟；使变老，使上年纪
vi. 成熟；变老",3年级上,3,上,人教版一年级起点三年级上.xlsx,11
dear,[dɪə(r)],[dɪr],"n. 亲爱的人
adj. 亲爱的；尊敬的；昂贵的
adv. 高价地；疼爱地
int. 哎呀",3年级上,3,上,人教版一年级起点三年级上.xlsx,12
body,[ˈbɒdi],[ˈbɑːdi],"n. 身体；主体；大量；团体；主要部分
vt. 赋以形体",3年级上,3,上,人教版一年级起点三年级上.xlsx,13
head,[hed],[hed],"n. 头；头痛；上端；最前的部分；理解力
adj. 头的；主要的；在顶端的
vt. 前进；用头顶；作为…的首领；站在…的前头；给…加标题
vi. 出发；成头状物；船驶往",3年级上,3,上,人教版一年级起点三年级上.xlsx,14
hair,[heə(r)],[her],"n. 头发；毛发；些微
adj. 毛发的；护理毛发的；用毛发制成的
vt. 除去…的毛发
vi. 生长毛发；形成毛状纤维",3年级上,3,上,人教版一年级起点三年级上.xlsx,15
arm,[ɑːm],[ɑːrm],"n. 手臂；武器；袖子；装备；部门
vt. 武装；备战
vi. 武装起来",3年级上,3,上,人教版一年级起点三年级上.xlsx,16
hand,[hænd],[hænd],"n. 手，手艺；帮助；指针；插手
vt. 传递，交给；支持；搀扶",3年级上,3,上,人教版一年级起点三年级上.xlsx,17
leg,[leɡ],[leɡ],n. 腿；支柱,3年级上,3,上,人教版一年级起点三年级上.xlsx,18
foot,[fʊt],[fʊt],"n. 脚；英尺；步调；末尾
vt. 支付；给……换底
vi. 步行；跳舞；总计",3年级上,3,上,人教版一年级起点三年级上.xlsx,19
feet,[fiːt],[fiːt],n. 脚（foot的复数形式）；尺；韵脚,3年级上,3,上,人教版一年级起点三年级上.xlsx,20
the matter,,,有问题，有毛病,3年级上,3,上,人教版一年级起点三年级上.xlsx,21
hurt,[hɜːt],[hɜːrt],"n. 痛苦；危害；痛苦的原因
vt. 使受伤；损害；使疼痛；使痛心
adj. 受伤的；痛苦的；受损的
vi. 感到疼痛；有坏处；带来痛苦",3年级上,3,上,人教版一年级起点三年级上.xlsx,22
help,[help],[help],"n. 帮助；补救办法；帮忙者；有益的东西
vt. 帮助；促进；治疗；补救
vi. 帮助；有用；招待",3年级上,3,上,人教版一年级起点三年级上.xlsx,23
bad,[bæd],[bæd],"n. 坏事；坏人
adj. 坏的；严重的；劣质的
adv. 很，非常；坏地；邪恶地",3年级上,3,上,人教版一年级起点三年级上.xlsx,24
bite,[baɪt],[baɪt],"n. 咬；一口；咬伤；刺痛
abbr. 机内测试设备（Built-In Test Equipment）
vt. 咬；刺痛
vi. 咬；刺痛",3年级上,3,上,人教版一年级起点三年级上.xlsx,25
tongue,[tʌŋ],[tʌŋ],"n. 舌头；语言
vt. 舔；斥责；用舌吹
vi. 说话；吹管乐器",3年级上,3,上,人教版一年级起点三年级上.xlsx,26
kick,[kɪk],[kɪk],"vt. 踢；反冲，朝后座
n. 踢；反冲，后座力
vi. 踢；反冲",3年级上,3,上,人教版一年级起点三年级上.xlsx,27
morning,[ˈmɔːnɪŋ],[ˈmɔːrnɪŋ],n. 早晨；黎明；初期,3年级上,3,上,人教版一年级起点三年级上.xlsx,28
afternoon,[ˌɑːftəˈnuːn],[ˌæftərˈnuːn],n. 午后，下午,3年级上,3,上,人教版一年级起点三年级上.xlsx,29
summary,[ˈsʌməri],[ˈsʌməri],"n. 概要，摘要，总结
adj. 简易的；扼要的",3年级上,3,上,人教版一年级起点三年级上.xlsx,30
face,[feɪs],[feɪs],"n. 脸；表面；面子；面容；外观；威信
vi. 向；朝
vt. 面对；面向；承认；抹盖",3年级上,3,上,人教版一年级起点三年级上.xlsx,31
eye,[aɪ],[aɪ],"n. 眼睛；视力；眼光；见解，观点
vt. 注视，看",3年级上,3,上,人教版一年级起点三年级上.xlsx,32
nose,[nəʊz],[noʊz],"n. 鼻子；嗅觉；突出的部分；探问
vt. 嗅；用鼻子触
vi. 小心探索着前进；探问",3年级上,3,上,人教版一年级起点三年级上.xlsx,33
mouth,[maʊθ],[maʊθ],"n. 口，嘴；河口
vt. 做作地说，装腔作势地说；喃喃地说出
vi. 装腔作势说话",3年级上,3,上,人教版一年级起点三年级上.xlsx,34
ear,[ɪə(r)],[ɪr],"n. 耳朵；穗；听觉；倾听
vi. （美俚）听见；抽穗",3年级上,3,上,人教版一年级起点三年级上.xlsx,35
bread,[bred],[bred],"n. 面包；生计
vt. 在…上洒面包屑",3年级上,3,上,人教版一年级起点三年级上.xlsx,36
cake,[keɪk],[keɪk],"n. 蛋糕；块状物；利益总额
vt. 使结块
vi. 结成块状",3年级上,3,上,人教版一年级起点三年级上.xlsx,37
fruit,[fruːt],[fruːt],"n. 水果；产物
vt. 使……结果实
vi. 结果实",3年级上,3,上,人教版一年级起点三年级上.xlsx,38
ice-cream,[ˈaɪs kriːm],[ˈaɪs kriːm],"a. 冰淇淋的, 乳白色的",3年级上,3,上,人教版一年级起点三年级上.xlsx,39
potato,[pəˈteɪtəʊ],[pəˈteɪtoʊ],n. [作物] 土豆，[作物] 马铃薯,3年级上,3,上,人教版一年级起点三年级上.xlsx,40
tomato,[təˈmɑːtəʊ],[təˈmeɪtoʊ],n. 番茄，西红柿,3年级上,3,上,人教版一年级起点三年级上.xlsx,41
meat,[miːt],[miːt],n. 肉，肉类（食用）,3年级上,3,上,人教版一年级起点三年级上.xlsx,42
for,[fə(r)],[fər; fɔːr],"prep. 为，为了；因为；给；对于；至于；适合于
conj. 因为",3年级上,3,上,人教版一年级起点三年级上.xlsx,43
shopping list,,,n. 购物单；采购单,3年级上,3,上,人教版一年级起点三年级上.xlsx,44
cola,[ˈkəʊlə],[ˈkoʊlə],n. 可乐；可乐树（其子含咖啡碱）,3年级上,3,上,人教版一年级起点三年级上.xlsx,45
buy,[baɪ],[baɪ],"n. 购买，买卖；所购的物品
vi. 买，采购
vt. 购买；获得；贿赂",3年级上,3,上,人教版一年级起点三年级上.xlsx,46
rice,[raɪs],[raɪs],"n. 稻；米饭
vt. 把…捣成米糊状",3年级上,3,上,人教版一年级起点三年级上.xlsx,47
noodles,[ˈnuːd(ə)lz],[ˈnuːd(ə)lz],n. 面条，挂面（noodle的复数形式),3年级上,3,上,人教版一年级起点三年级上.xlsx,48
vegetables,[ˈvedʒtəb(ə)lz],[ˈvedʒtəb(ə)lz],n. [园艺] 蔬菜（vegetable的复数形式）；菜类,3年级上,3,上,人教版一年级起点三年级上.xlsx,49
fish,[fɪʃ],[fɪʃ],"n. 鱼，鱼类
vt. 钓鱼，捕鱼；搜寻
vi. 捕鱼，钓鱼；用钩捞取",3年级上,3,上,人教版一年级起点三年级上.xlsx,50
chicken,[ˈtʃɪkɪn],[ˈtʃɪkɪn],"n. 鸡肉；小鸡；胆小鬼，懦夫
adj. 鸡肉的；胆怯的；幼小的",3年级上,3,上,人教版一年级起点三年级上.xlsx,51
egg,[eɡ],[eɡ],"n. 蛋；卵子；家伙；鸡蛋
vt. 煽动；怂恿",3年级上,3,上,人教版一年级起点三年级上.xlsx,52
duck,[dʌk],[dʌk],"n. 鸭子；鸭肉；（英）宝贝儿；零分
vt. 躲避；猛按…入水
vi. 闪避；没入水中",3年级上,3,上,人教版一年级起点三年级上.xlsx,53
chicken,[ˈtʃɪkɪn],[ˈtʃɪkɪn],"n. 鸡肉；小鸡；胆小鬼，懦夫
adj. 鸡肉的；胆怯的；幼小的",3年级上,3,上,人教版一年级起点三年级上.xlsx,54
rabbit,[ˈræbɪt],[ˈræbɪt],"n. 兔子，野兔
vt. 让…见鬼去吧
vi. 猎兔",3年级上,3,上,人教版一年级起点三年级上.xlsx,55
pet,[pet],[pet],"n. 宠物；生气；受宠爱的人
adj. 宠爱的
vt. 宠爱
vi. 生气；爱抚",3年级上,3,上,人教版一年级起点三年级上.xlsx,56
snake,[sneɪk],[sneɪk],"n. 蛇；阴险的人
vt. 拉（木材等）；迂回前进
vi. 迂回前进",3年级上,3,上,人教版一年级起点三年级上.xlsx,57
turtle,[ˈtɜːt(ə)l],[ˈtɜːrtl],n. 龟，甲鱼；海龟,3年级上,3,上,人教版一年级起点三年级上.xlsx,58
small,[smɔːl],[smɔːl],"n. 小件物品；矮小的人
adj. 少的，小的；微弱的；几乎没有的；不重要的；幼小的
adv. 小小地；卑鄙地",3年级上,3,上,人教版一年级起点三年级上.xlsx,59
long,[lɒŋ],[lɔːŋ],"n. 长时间；[语] 长音节；（服装的）长尺寸；长裤
adj. 长的；过长的；做多头的；长时间的；冗长的，长音
vi. 渴望；热望
adv. 长期地；始终",3年级上,3,上,人教版一年级起点三年级上.xlsx,60
look for,[ˈlʊk fɔː(r)],[ˈlʊk fɔːr],v. 寻找；探索；渴望；盼望,3年级上,3,上,人教版一年级起点三年级上.xlsx,61
tail,[teɪl],[teɪl],"n. 尾巴；踪迹；辫子；燕尾服
adj. 从后面而来的；尾部的
vt. 尾随；装上尾巴
vi. 跟踪；变少或缩小",3年级上,3,上,人教版一年级起点三年级上.xlsx,62
dance,[dɑːns],[dæns],"n. 舞蹈；舞会；舞曲
adj. 舞蹈的；用于跳舞的
vt. 跳舞；使跳跃
vi. 跳舞；跳跃；飘扬",3年级上,3,上,人教版一年级起点三年级上.xlsx,63
cat,[kæt],[kæt],n. 猫，猫科动物,3年级上,3,上,人教版一年级起点三年级上.xlsx,64
dog,[dɒɡ],[dɔːɡ],"n. 狗；丑女人；卑鄙的人；(俚)朋友
vt. 跟踪；尾随",3年级上,3,上,人教版一年级起点三年级上.xlsx,65
bird,[bɜːd],[bɜːrd],"n. 鸟；家伙；羽毛球
vt. 向…喝倒彩；起哄
vi. 猎鸟；观察研究野鸟",3年级上,3,上,人教版一年级起点三年级上.xlsx,66
fish,[fɪʃ],[fɪʃ],"n. 鱼，鱼类
vt. 钓鱼，捕鱼；搜寻
vi. 捕鱼，钓鱼；用钩捞取",3年级上,3,上,人教版一年级起点三年级上.xlsx,67
monkey,[ˈmʌŋki],[ˈmʌŋki],"n. 猴子；顽童
vi. 胡闹；捣蛋
vt. 嘲弄",3年级上,3,上,人教版一年级起点三年级上.xlsx,68
tiger,[ˈtaɪɡə(r)],[ˈtaɪɡər],n. 老虎；凶暴的人,3年级上,3,上,人教版一年级起点三年级上.xlsx,69
big,[bɪɡ],[bɪɡ],"adj. 大的；重要的；量大的
adv. 大量地；顺利；夸大地",3年级上,3,上,人教版一年级起点三年级上.xlsx,70
short,[ʃɔːt],[ʃɔːrt],"n. 短；缺乏；短路；短裤
adj. 短的；不足的；矮的，低的
adv. 不足；突然；唐突地",3年级上,3,上,人教版一年级起点三年级上.xlsx,71
cap,[kæp],[kæp],"n. 盖；帽子
vt. 覆盖；胜过；给…戴帽；加盖于
vi. 脱帽致意",3年级上,3,上,人教版一年级起点三年级上.xlsx,72
coat,[kəʊt],[koʊt],"n. 外套
vt. 覆盖…的表面",3年级上,3,上,人教版一年级起点三年级上.xlsx,73
shoes,['ʃu:z],[ʃuːz],"n. 鞋子（shoe的复数）
v. 穿鞋（shoe的第三人称单数）",3年级上,3,上,人教版一年级起点三年级上.xlsx,74
sweater,[ˈswetə(r)],[ˈswetər],n. 毛线衣，运动衫；大量出汗的人，发汗剂,3年级上,3,上,人教版一年级起点三年级上.xlsx,75
jacket,[ˈdʒækɪt],[ˈdʒækɪt],"n. 羽绒滑雪衫；西装短外套；短上衣，夹克；土豆皮；书籍的护封；文件套，公文夹
vt. 给…穿夹克；给…装护套；给…包上护封；〈口〉打",3年级上,3,上,人教版一年级起点三年级上.xlsx,76
gloves,[ɡlʌvz],[ɡlʌvz],"n. [服装] 手套（glove的复数）
v. 给…戴手套（glove的三单形式）",3年级上,3,上,人教版一年级起点三年级上.xlsx,77
trousers,[ˈtraʊzəz],[ˈtraʊzərz],n. 裤子，长裤,3年级上,3,上,人教版一年级起点三年级上.xlsx,78
should,[ʃəd; ʃʊd],[ʃəd; ʃʊd],aux. 应该；就；可能；将要,3年级上,3,上,人教版一年级起点三年级上.xlsx,79
wear,[weə(r)],[wer],"n. 衣物；磨损；耐久性
v. 穿着；用旧；耗损；面露",3年级上,3,上,人教版一年级起点三年级上.xlsx,80
week,[wiːk],[wiːk],n. 周，星期,3年级上,3,上,人教版一年级起点三年级上.xlsx,81
soon,[suːn],[suːn],adv. 快；不久，一会儿；立刻；宁愿,3年级上,3,上,人教版一年级起点三年级上.xlsx,82
look forward to,,,na. 盼望,3年级上,3,上,人教版一年级起点三年级上.xlsx,83
T-shirt,[ˈtiː ʃɜːt],[ˈtiː ʃɜːrt],n. 短袖圆领汗衫,3年级上,3,上,人教版一年级起点三年级上.xlsx,84
shorts,[ʃɔːts],[ʃɔːrts],n. 短裤,3年级上,3,上,人教版一年级起点三年级上.xlsx,85
socks,[sɒks],[sɑːks],n. 袜子（sock的复数）,3年级上,3,上,人教版一年级起点三年级上.xlsx,86
skirt,[skɜːt],[skɜːrt],"n. 裙子
vt. 绕过，回避；位于…边缘
vi. 沿边走，绕开；环绕",3年级上,3,上,人教版一年级起点三年级上.xlsx,87
dress,[dres],[dres],"n. 连衣裙；女装
vt. 给…穿衣
vi. 穿衣",3年级上,3,上,人教版一年级起点三年级上.xlsx,88
shirt,[ʃɜːt],[ʃɜːrt],n. 衬衫；汗衫，内衣,3年级上,3,上,人教版一年级起点三年级上.xlsx,89
January,[ˈdʒænjuəri],[ˈdʒænjueri],n. 一月,3年级上,3,上,人教版一年级起点三年级上.xlsx,90
February,[ˈfebruəri],[ˈfebrueri],n. 二月,3年级上,3,上,人教版一年级起点三年级上.xlsx,91
March,[mɑːtʃ],[mɑːrtʃ],n. 三月,3年级上,3,上,人教版一年级起点三年级上.xlsx,92
April,[ˈeɪprəl],[ˈeɪprəl],n. 四月,3年级上,3,上,人教版一年级起点三年级上.xlsx,93
May,[meɪ],[meɪ],aux. 可以，能够；可能，也许；祝，愿；会，能,3年级上,3,上,人教版一年级起点三年级上.xlsx,94
June,[dʒuːn],[dʒuːn],n. 六月；琼（人名，来源于拉丁语，含义是“年轻气盛的六月”）,3年级上,3,上,人教版一年级起点三年级上.xlsx,95
July,[dʒʊˈlaɪ],[dʒʊˈlaɪ],n. 七月,3年级上,3,上,人教版一年级起点三年级上.xlsx,96
August,[ˈɔːɡəst],[ˈɔːɡəst],"n. 八月（简写为Aug）
adj. 威严的；令人敬畏的",3年级上,3,上,人教版一年级起点三年级上.xlsx,97
September,[sepˈtembə(r)],[sepˈtembər],n. 九月,3年级上,3,上,人教版一年级起点三年级上.xlsx,98
October,[ɒkˈtəʊbə(r)],[ɑːkˈtoʊbər],n. [天] 十月,3年级上,3,上,人教版一年级起点三年级上.xlsx,99
November,[nəʊˈvembə(r)],[noʊˈvembər],n. 十一月,3年级上,3,上,人教版一年级起点三年级上.xlsx,100
December,[dɪˈsembə(r)],[dɪˈsembər],n. 十二月,3年级上,3,上,人教版一年级起点三年级上.xlsx,101
birthday,[ˈbɜːθdeɪ],[ˈbɜːrθdeɪ],n. 生日，诞辰；诞生的日子,3年级上,3,上,人教版一年级起点三年级上.xlsx,102
first,[fɜːst],[fɜːrst],"num. 第一
n. 第一；开始；冠军
adj. 第一的；基本的；最早的
adv. 第一；首先；优先；宁愿",3年级上,3,上,人教版一年级起点三年级上.xlsx,103
party,[ˈpɑːti],[ˈpɑːrti],"n. 政党，党派；聚会，派对；当事人 [复数 parties]
vi. 参加社交聚会 [ 过去式 partied 过去分词 partied 现在分词 partying ]",3年级上,3,上,人教版一年级起点三年级上.xlsx,104
delicious,[dɪˈlɪʃəs],[dɪˈlɪʃəs],adj. 美味的；可口的,3年级上,3,上,人教版一年级起点三年级上.xlsx,105
Chinese,[ˌtʃaɪˈniːz],[ˌtʃaɪˈniːz],"n. 中文，汉语；中国人
adj. 中国的，中国人的；中国话的",3年级下,3,下,人教版一年级起点三年级下.xlsx,2
English,[ˈɪŋɡlɪʃ],[ˈɪŋɡlɪʃ],"n. 英语；英国人；英文；英格兰人
adj. 英国人的；英国的；英文的
vt. 把…译成英语",3年级下,3,下,人教版一年级起点三年级下.xlsx,3
science,[ˈsaɪəns],[ˈsaɪəns],n. 科学；技术；学科；理科,3年级下,3,下,人教版一年级起点三年级下.xlsx,4
PE,[peɪ],[peɪ],abbr. 体育课，体能训练（physical education）,3年级下,3,下,人教版一年级起点三年级下.xlsx,5
music,[ˈmjuːzɪk],[ˈmjuːzɪk],n. 音乐，乐曲,3年级下,3,下,人教版一年级起点三年级下.xlsx,6
maths,[mæθs],[mæθs],n. 数学（等于mathematics）,3年级下,3,下,人教版一年级起点三年级下.xlsx,7
art,[ɑːt],[ɑːrt],"n. 艺术；美术；艺术品
v. 是（be的变体）
adj. 艺术的；艺术品的",3年级下,3,下,人教版一年级起点三年级下.xlsx,8
computer class,,,计算机课；电脑班；电脑课,3年级下,3,下,人教版一年级起点三年级下.xlsx,9
we,[wi; wiː],[wi],pron. 我们（主格）；笔者，本人（作者或演讲人使用）；朕，寡人,3年级下,3,下,人教版一年级起点三年级下.xlsx,10
that,[ðæt],[ðæt],"conj. 因为；以至于
adj. 那；那个
pron. 那；那个
adv. 那么；那样",3年级下,3,下,人教版一年级起点三年级下.xlsx,11
classroom,[ˈklɑːsruːm],[ˈklæsruːm; ˈklæsrʊm],n. 教室,3年级下,3,下,人教版一年级起点三年级下.xlsx,12
library,[ˈlaɪbrəri; ˈlaɪbri],[ˈlaɪbreri],n. 图书馆，藏书室；文库,3年级下,3,下,人教版一年级起点三年级下.xlsx,13
toilet,[ˈtɔɪlət],[ˈtɔɪlət],"n. 厕所，盥洗室；梳妆，打扮
vt. 给…梳妆打扮
vi. 梳妆，打扮",3年级下,3,下,人教版一年级起点三年级下.xlsx,14
playground,[ˈpleɪɡraʊnd],[ˈpleɪɡraʊnd],n. 运动场，操场；游乐场,3年级下,3,下,人教版一年级起点三年级下.xlsx,15
first,[fɜːst],[fɜːrst],"num. 第一
n. 第一；开始；冠军
adj. 第一的；基本的；最早的
adv. 第一；首先；优先；宁愿",3年级下,3,下,人教版一年级起点三年级下.xlsx,16
second,[ˈsekənd],[ˈsekənd; sɪˈkɑːnd],"num. 第二
n. 秒；第二名；瞬间；二等品
adj. 第二的；次要的；附加的
vt. 支持
adv. 第二；其次；居第二位",3年级下,3,下,人教版一年级起点三年级下.xlsx,17
third,[θɜːd],[θɜːrd],"num. 第三；三分之一
adj. 第三的；三分之一的",3年级下,3,下,人教版一年级起点三年级下.xlsx,18
floor,[flɔː(r)],[flɔːr],"n. 地板，地面；楼层；基底；议员席
vt. 铺地板；打倒，击倒；（被困难）难倒",3年级下,3,下,人教版一年级起点三年级下.xlsx,19
room,[ruːm],[ruːm; rʊm],"n. 房间；空间；余地；机会；房间里所有的人
vt. 为…提供住处；租房，合住；投宿，住宿；留…住宿
vi. 居住；住宿",3年级下,3,下,人教版一年级起点三年级下.xlsx,20
our,[ɑː(r)],[ɑːr],pron. 我们的,3年级下,3,下,人教版一年级起点三年级下.xlsx,21
they,[ðeɪ],[ðeɪ],pron. 他们；它们；她们,3年级下,3,下,人教版一年级起点三年级下.xlsx,22
chair,[tʃeə(r)],[tʃer],"n. 椅子；讲座；（会议的）主席位；大学教授的职位
vt. 担任（会议的）主席；使…入座；使就任要职",3年级下,3,下,人教版一年级起点三年级下.xlsx,23
desk,[desk],[desk],"n. 办公桌；服务台；编辑部；（美）讲道台；乐谱架
adj. 书桌的；桌上用的；伏案做的",3年级下,3,下,人教版一年级起点三年级下.xlsx,24
blackboard,[ˈblækbɔːd],[ˈblækbɔːrd],n. 黑板,3年级下,3,下,人教版一年级起点三年级下.xlsx,25
after school,,,na. 放学后,3年级下,3,下,人教版一年级起点三年级下.xlsx,26
play sports,,,做运动；进行体育运动；进行体育活动,3年级下,3,下,人教版一年级起点三年级下.xlsx,27
draw pictures,,,画画；画图画；画儿,3年级下,3,下,人教版一年级起点三年级下.xlsx,28
play chess,[pleɪ tʃes],[pleɪ tʃes],na. 下象棋,3年级下,3,下,人教版一年级起点三年级下.xlsx,29
dance,[dɑːns],[dæns],"n. 舞蹈；舞会；舞曲
adj. 舞蹈的；用于跳舞的
vt. 跳舞；使跳跃
vi. 跳舞；跳跃；飘扬",3年级下,3,下,人教版一年级起点三年级下.xlsx,30
sing songs,,,n. 歌咏,3年级下,3,下,人教版一年级起点三年级下.xlsx,31
read books,,,读书；看书；阅读,3年级下,3,下,人教版一年级起点三年级下.xlsx,32
really,[ˈriːəli],[ˈriːəli],adv. 实际上，事实上；真正地，真实地；真的吗？（表语气）,3年级下,3,下,人教版一年级起点三年级下.xlsx,33
tomorrow,[təˈmɒrəʊ],[təˈmɑːroʊ],"n. 明天；未来
adv. 明天；未来地（等于to-morrow）",3年级下,3,下,人教版一年级起点三年级下.xlsx,34
wake up,[ˈweɪk ˌʌp],[ˈweɪk ˌʌp],na. 同“wake”；叫醒；醒来；振作起来,3年级下,3,下,人教版一年级起点三年级下.xlsx,35
be back,,,na. 回家；回来,3年级下,3,下,人教版一年级起点三年级下.xlsx,36
play football,,,na. 踢足球；对难办的事采取踢皮球的态度,3年级下,3,下,人教版一年级起点三年级下.xlsx,37
fly a kite,,,na. 放风筝；试探舆论；开空头支票；〈美〉(从狱中)非法寄出信件,3年级下,3,下,人教版一年级起点三年级下.xlsx,38
ride a bike,,,骑自行车；骑车；骑单车,3年级下,3,下,人教版一年级起点三年级下.xlsx,39
swim,[swɪm],[swɪm],"n. 游泳；漂浮；眩晕
adj. 游泳时穿戴的
vi. 游泳；漂浮；浸；眩晕
vt. 游过；使浮起",3年级下,3,下,人教版一年级起点三年级下.xlsx,40
make a model plane,,,无,3年级下,3,下,人教版一年级起点三年级下.xlsx,41
make a snowman,,,堆雪人；做雪人；堆一个雪人,3年级下,3,下,人教版一年级起点三年级下.xlsx,42
family,[ˈfæməli],[ˈfæməli],"n. 家庭；亲属；家族；子女；[生]科；语族；[化]族
adj. 家庭的；家族的；适合于全家的",3年级下,3,下,人教版一年级起点三年级下.xlsx,43
uncle,[ˈʌŋk(ə)l],[ˈʌŋkl],n. 叔叔；伯父；伯伯；舅父；姨丈；姑父,3年级下,3,下,人教版一年级起点三年级下.xlsx,44
aunt,[ɑːnt],[ænt],n. 阿姨；姑妈；伯母；舅妈,3年级下,3,下,人教版一年级起点三年级下.xlsx,45
cousin,[ˈkʌzn],[ˈkʌzn],n. 堂兄弟姊妹；表兄弟姊妹,3年级下,3,下,人教版一年级起点三年级下.xlsx,46
handsome,[ˈhænsəm],[ˈhænsəm],adj. （男子）英俊的；可观的；大方的，慷慨的；健美而端庄的,3年级下,3,下,人教版一年级起点三年级下.xlsx,47
beautiful,[ˈbjuːtɪf(ə)l],[ˈbjuːtɪf(ə)l],"adj. 美丽的
出色地
出色的
迷人的
迷人地",3年级下,3,下,人教版一年级起点三年级下.xlsx,48
lost,[lɒst],[lɔːst],"adj. 失去的；丧失的；迷惑的
v. 遗失（lose的过去分词）；失败",3年级下,3,下,人教版一年级起点三年级下.xlsx,49
water bottle,,,un. 水壶；采水瓶；采水器；采水样器,3年级下,3,下,人教版一年级起点三年级下.xlsx,50
know,[nəʊ],[noʊ],"vt. 知道；认识；懂得
vi. 了解；熟悉；确信",3年级下,3,下,人教版一年级起点三年级下.xlsx,51
ok,[əʊˈkeɪ],[oʊˈkeɪ],"adj. 好的；不错的
adv. 行；很好
int. 好；可以
vt. 对…表示同意
n. 同意",3年级下,3,下,人教版一年级起点三年级下.xlsx,52
much,[mʌtʃ],[mʌtʃ],"adv. 非常，很
adj. 大量的
n. 许多，大量
pron. 许多，大量",3年级下,3,下,人教版一年级起点三年级下.xlsx,53
welcome,[ˈwelkəm],[ˈwelkəm],"n. 欢迎
vt. 欢迎
adj. 受欢迎的
int. 欢迎",3年级下,3,下,人教版一年级起点三年级下.xlsx,54
grandfather,[ˈɡrænfɑːðə(r)],[ˈɡrænfɑːðər],"n. 祖父；始祖
vt. 不受新规定限制",3年级下,3,下,人教版一年级起点三年级下.xlsx,55
grandmother,[ˈɡrænmʌðə(r)],[ˈɡrænmʌðər],"n. 祖母；女祖先
vt. 当…的祖母
vi. 当祖母",3年级下,3,下,人教版一年级起点三年级下.xlsx,56
father,[ˈfɑːðə(r)],[ˈfɑːðər],"n. 父亲，爸爸；神父；祖先；前辈
vt. 发明，创立；当…的父亲",3年级下,3,下,人教版一年级起点三年级下.xlsx,57
mother,[ˈmʌðə(r)],[ˈmʌðər],"n. 母亲；大娘；女修道院院长
vt. 生下；养育；像母亲般关怀或照管
adj. 母亲的；出生地的",3年级下,3,下,人教版一年级起点三年级下.xlsx,58
brother,[ˈbrʌðə(r)],[ˈbrʌðər],"n. 兄弟；同事；战友
int. 我的老兄！",3年级下,3,下,人教版一年级起点三年级下.xlsx,59
sister,[ˈsɪstə(r)],[ˈsɪstər],"n. 姐妹；（称志同道合者）姐妹；修女；护士
adj. 姐妹般的；同类型的",3年级下,3,下,人教版一年级起点三年级下.xlsx,60
cooking dinner,,,做饭；做晚餐；正在做饭,3年级下,3,下,人教版一年级起点三年级下.xlsx,61
walking the dog,,,无,3年级下,3,下,人教版一年级起点三年级下.xlsx,62
watering the plants,,,无,3年级下,3,下,人教版一年级起点三年级下.xlsx,63
cleaning the room,,,无,3年级下,3,下,人教版一年级起点三年级下.xlsx,64
listening to music,,,无,3年级下,3,下,人教版一年级起点三年级下.xlsx,65
watching TV,,,看电视；正在看电视；他在看电视,3年级下,3,下,人教版一年级起点三年级下.xlsx,66
feeding the fish,,,"喂鱼
晕船",3年级下,3,下,人教版一年级起点三年级下.xlsx,67
play with,[pleɪ wɪð],[pleɪ wɪð],na. 玩弄(火等)；以…自娱,3年级下,3,下,人教版一年级起点三年级下.xlsx,68
in one hour,,,无,3年级下,3,下,人教版一年级起点三年级下.xlsx,69
everyone,[ˈevriwʌn],[ˈevriwʌn],"n. 每个人
pron. 每个人；人人",3年级下,3,下,人教版一年级起点三年级下.xlsx,70
children,[ˈtʃɪldrən],[ˈtʃɪldrən],n. 孩子们（child的复数）,3年级下,3,下,人教版一年级起点三年级下.xlsx,71
run,[rʌn],[rʌn],"n. 奔跑；赛跑；趋向；奔跑的路程
vt. 管理，经营；运行；参赛
vi. 经营；奔跑；运转",3年级下,3,下,人教版一年级起点三年级下.xlsx,72
home,[həʊm],[hoʊm],"n. 家，住宅；产地；家乡；避难所
adj. 国内的，家庭的；有效的
vt. 归巢，回家
adv. 在家，回家；深入地",3年级下,3,下,人教版一年级起点三年级下.xlsx,73
bedroom,[ˈbedruːm],[ˈbedruːm; ˈbedrʊm],"n. 卧室
adj. 两性关系的；城郊住宅区的",3年级下,3,下,人教版一年级起点三年级下.xlsx,74
living room,['lɪvɪŋ ru:m],[ˈlɪvɪŋ ruːm],n. 客厅；起居室,3年级下,3,下,人教版一年级起点三年级下.xlsx,75
bathroom,[ˈbɑːθruːm; ˈbɑːθrʊm],[ˈbæθruːm],n. 浴室；厕所；盥洗室,3年级下,3,下,人教版一年级起点三年级下.xlsx,76
dining room,,,n. 饭厅；餐厅,3年级下,3,下,人教版一年级起点三年级下.xlsx,77
study,[ˈstʌdi],[ˈstʌdi],"n. 学习，研究；课题；书房；学问
vt. 学习；考虑；攻读；细察
vi. 研究；用功",3年级下,3,下,人教版一年级起点三年级下.xlsx,78
kitchen,[ˈkɪtʃɪn],[ˈkɪtʃɪn],n. 厨房；炊具；炊事人员,3年级下,3,下,人教版一年级起点三年级下.xlsx,79
for rent,,,na. 出租的；招租,3年级下,3,下,人教版一年级起点三年级下.xlsx,80
sofa,[ˈsəʊfə],[ˈsoʊfə],n. 沙发；长椅,3年级下,3,下,人教版一年级起点三年级下.xlsx,81
light,[laɪt],[laɪt],"n. 光；光线；灯；打火机；领悟；浅色；天窗
adj. 轻的；浅色的；明亮的；轻松的；容易的；清淡的
vi. 点着；变亮；着火
vt. 照亮；点燃；着火
adv. 轻地；清楚地；轻便地",3年级下,3,下,人教版一年级起点三年级下.xlsx,82
bed,[bed],[bed],"n. 床；基础；河底， 海底
vt. 使睡觉；安置，嵌入；栽种
vi. 上床；分层",3年级下,3,下,人教版一年级起点三年级下.xlsx,83
door,[dɔː(r)],[dɔːr],n. 门；家，户；门口；通道,3年级下,3,下,人教版一年级起点三年级下.xlsx,84
box,[bɒks],[bɑːks],"n. 箱，盒子；包厢；一拳
vt. 拳击；装…入盒中；打耳光
vi. 拳击",3年级下,3,下,人教版一年级起点三年级下.xlsx,85
running,[ˈrʌnɪŋ],[ˈrʌnɪŋ],"n. 运转；赛跑；流出
v. 跑；运转（run的ing形式）；行驶
adj. 连续的；流动的；跑着的；运转着的",4年级上,4,上,人教版一年级起点四年级上.xlsx,2
basketball,[ˈbɑːskɪtbɔːl],[ˈbæskɪtbɔːl],n. 篮球；篮球运动,4年级上,4,上,人教版一年级起点四年级上.xlsx,3
roller skating,,,un. 滑旱冰,4年级上,4,上,人教版一年级起点四年级上.xlsx,4
jumping rope,,,跳绳；正在跳绳；跳跳绳,4年级上,4,上,人教版一年级起点四年级上.xlsx,5
ping-pong,[ˈpɪŋ pɒŋ],[ˈpɪŋ pɑːŋ],n. 乒乓球；桌球,4年级上,4,上,人教版一年级起点四年级上.xlsx,6
What about ...?,,,un. 不；…怎样,4年级上,4,上,人教版一年级起点四年级上.xlsx,7
interesting,[ˈɪntrəstɪŋ],[ˈɪntrəstɪŋ; ˈɪntrestɪŋ],adj. 有趣的；引起兴趣的，令人关注的,4年级上,4,上,人教版一年级起点四年级上.xlsx,8
often,[ˈɒf(ə)n],[ˈɔːf(ə)n],adv. 常常，时常,4年级上,4,上,人教版一年级起点四年级上.xlsx,9
be good at,,,v. 善于,4年级上,4,上,人教版一年级起点四年级上.xlsx,10
late,[leɪt],[leɪt],"adj. 晚的；迟的；已故的；最近的
adv. 晚；迟；最近；在晚期",4年级上,4,上,人教版一年级起点四年级上.xlsx,11
swim,[swɪm],[swɪm],"n. 游泳；漂浮；眩晕
adj. 游泳时穿戴的
vi. 游泳；漂浮；浸；眩晕
vt. 游过；使浮起",4年级上,4,上,人教版一年级起点四年级上.xlsx,12
friend,[frend],[frend],n. 朋友；助手；赞助者,4年级上,4,上,人教版一年级起点四年级上.xlsx,13
father,[ˈfɑːðə(r)],[ˈfɑːðər],"n. 父亲，爸爸；神父；祖先；前辈
vt. 发明，创立；当…的父亲",4年级上,4,上,人教版一年级起点四年级上.xlsx,14
get up,[ɡet ʌp],[ɡet ʌp],na. 起床；起身；站起来；叫…起床,4年级上,4,上,人教版一年级起点四年级上.xlsx,15
visit one's grandparents,,,无,4年级上,4,上,人教版一年级起点四年级上.xlsx,16
go to a drawing club,,,无,4年级上,4,上,人教版一年级起点四年级上.xlsx,17
climb a hill,,,无,4年级上,4,上,人教版一年级起点四年级上.xlsx,18
pick fruit,,,无,4年级上,4,上,人教版一年级起点四年级上.xlsx,19
play computer games,,,玩电脑游戏；打电脑游戏；玩电子游戏,4年级上,4,上,人教版一年级起点四年级上.xlsx,20
go fishing,,,去钓鱼；垂钓；我以前常去钓鱼,4年级上,4,上,人教版一年级起点四年级上.xlsx,21
go to the cinema,,,去看电影；去电影院；上电影院,4年级上,4,上,人教版一年级起点四年级上.xlsx,22
on the weekend,,,在周末；在这个周末；美式英语,4年级上,4,上,人教版一年级起点四年级上.xlsx,23
fun,[fʌn],[fʌn],"n. 乐趣；玩笑；有趣的人或事
adj. 供娱乐用的
vi. 开玩笑",4年级上,4,上,人教版一年级起点四年级上.xlsx,24
always,[ˈɔːlweɪz],[ˈɔːlweɪz],adv. 永远，一直；总是；常常,4年级上,4,上,人教版一年级起点四年级上.xlsx,25
step,[step],[step],"n. 步，脚步；步骤；步伐；梯级
vt. 走，迈步
vi. 踏，踩；走",4年级上,4,上,人教版一年级起点四年级上.xlsx,26
paint,[peɪnt],[peɪnt],"vt. 油漆；绘画；装饰；涂色于；描绘；（用语言，文字等）描写；擦脂粉等
vi. 油漆；描绘；绘画；化妆
n. 油漆；颜料，涂料；绘画作品；胭脂等化妆品；色彩，装饰",4年级上,4,上,人教版一年级起点四年级上.xlsx,27
evening,[ˈiːvnɪŋ],[ˈiːvnɪŋ],"n. 晚上；傍晚；（联欢性的）晚会；后期
adj. 在晚上的；为晚上的；晚上用的
int. 晚上好（等于good evening）",4年级上,4,上,人教版一年级起点四年级上.xlsx,28
dirty,[ˈdɜːti],[ˈdɜːrti],"adj. 下流的，卑鄙的；肮脏的；恶劣的；暗淡的
vt. 弄脏
vi. 变脏",4年级上,4,上,人教版一年级起点四年级上.xlsx,29
their,[ðeə(r)],[ðer],pron. 他们的，她们的；它们的,4年级上,4,上,人教版一年级起点四年级上.xlsx,30
house,[haʊs],[haʊs],"n. 住宅；家庭；机构；议会；某种用途的建筑物
vt. 覆盖；给…房子住；把…储藏在房内
vi. 住",4年级上,4,上,人教版一年级起点四年级上.xlsx,31
poor,[pɔː(r)],[pʊr; pɔːr],adj. 贫穷的；可怜的；贫乏的；卑鄙的,4年级上,4,上,人教版一年级起点四年级上.xlsx,32
hope,[həʊp],[hoʊp],"n. 希望；期望；信心
vi. 希望；期待；信赖
vt. 希望；期望",4年级上,4,上,人教版一年级起点四年级上.xlsx,33
so,[səʊ],[soʊ],"conj. 所以；因此
adv. 如此，这么；确是如此
pron. 这样",4年级上,4,上,人教版一年级起点四年级上.xlsx,34
Saturday,[ˈsætədeɪ],[ˈsætərdeɪ],n. 星期六,4年级上,4,上,人教版一年级起点四年级上.xlsx,35
near,[nɪə(r)],[nɪr],"adj. 近的；亲近的；近似的
adv. 近；接近
prep. 靠近；近似于",4年级上,4,上,人教版一年级起点四年级上.xlsx,36
day,[deɪ],[deɪ],"n. 一天；时期；白昼
adj. 日间的；逐日的
adv. 每天；经常在白天地",4年级上,4,上,人教版一年级起点四年级上.xlsx,37
usually,[ˈjuːʒuəli],[ˈjuːʒuəli; ˈjuːʒəli],adv. 通常，经常,4年级上,4,上,人教版一年级起点四年级上.xlsx,38
by bus,,,na. 乘公共汽车,4年级上,4,上,人教版一年级起点四年级上.xlsx,39
by boat,,,na. 乘船,4年级上,4,上,人教版一年级起点四年级上.xlsx,40
by ship,,,乘船；乘轮船；坐轮船,4年级上,4,上,人教版一年级起点四年级上.xlsx,41
by car,,,na. 乘电车；乘汽车,4年级上,4,上,人教版一年级起点四年级上.xlsx,42
by taxi,,,乘出租车；坐出租车；打的,4年级上,4,上,人教版一年级起点四年级上.xlsx,43
by bike,,,骑自行车；骑车；骑单车,4年级上,4,上,人教版一年级起点四年级上.xlsx,44
on foot,,,na. 步行；在进行中；徒步,4年级上,4,上,人教版一年级起点四年级上.xlsx,45
by school bus,,,无,4年级上,4,上,人教版一年级起点四年级上.xlsx,46
by subway,,,乘地铁；坐地铁；乘坐地铁,4年级上,4,上,人教版一年级起点四年级上.xlsx,47
by plane,,,adv. 乘飞机,4年级上,4,上,人教版一年级起点四年级上.xlsx,48
by train,,,na. 坐火车,4年级上,4,上,人教版一年级起点四年级上.xlsx,49
garden,[ˈɡɑːdn],[ˈɡɑːrdn],"n. 花园；菜园
vt. 栽培花木
vi. 从事园艺；在园中种植",4年级上,4,上,人教版一年级起点四年级上.xlsx,50
meeting place,[ˈmiːtɪŋ pleɪs],[ˈmiːtɪŋ pleɪs],n. 会场；聚集的地方,4年级上,4,上,人教版一年级起点四年级上.xlsx,51
gate,[ɡeɪt],[ɡeɪt],"n. 大门；出入口；门道
vt. 给…装大门",4年级上,4,上,人教版一年级起点四年级上.xlsx,52
transportation,[ˌtrænspɔːˈteɪʃn],[ˌtrænspɔːrˈteɪʃn],n. 运输；运输系统；运输工具；流放,4年级上,4,上,人教版一年级起点四年级上.xlsx,53
film,[fɪlm],[fɪlm],"n. 电影；薄膜；胶卷；轻烟
vt. 在…上覆以薄膜；把…拍成电影
vi. 摄制电影；生薄膜；变得朦胧",4年级上,4,上,人教版一年级起点四年级上.xlsx,54
earth,[ɜːθ],[ɜːrθ],"n. 地球；地表，陆地；土地，土壤；尘事，俗事；兽穴
vt. 把（电线）[电] 接地；盖（土）；追赶入洞穴
vi. 躲进地洞",4年级上,4,上,人教版一年级起点四年级上.xlsx,55
snow,[snəʊ],[snoʊ],"n. 雪，积雪；下雪
vt. 使纷纷落下；使变白
vi. 降雪",4年级上,4,上,人教版一年级起点四年级上.xlsx,56
theatre,[ˈθɪətə(r)],[ˈθiːətər],n. 电影院，戏院；戏剧；阶梯式讲堂,4年级上,4,上,人教版一年级起点四年级上.xlsx,57
come,[kʌm],[kʌm],"vi. 来；开始；出现；发生；变成；到达
vt. 做；假装；将满（…岁）
int. 嗨！",4年级上,4,上,人教版一年级起点四年级上.xlsx,58
enjoy,[ɪnˈdʒɔɪ],[ɪnˈdʒɔɪ],vt. 欣赏，享受；喜爱；使过得快活,4年级上,4,上,人教版一年级起点四年级上.xlsx,59
park,[pɑːk],[pɑːrk],"n. 公园；[交] 停车场
vt. 停放；放置；寄存
vi. 停放车辆",4年级上,4,上,人教版一年级起点四年级上.xlsx,60
apple,[ˈæp(ə)l],[ˈæpl],n. 苹果，苹果树，苹果似的东西；[美俚]炸弹，手榴弹，（棒球的）球；[美俚]人，家伙。,4年级上,4,上,人教版一年级起点四年级上.xlsx,61
pen,[pen],[pen],"n. 钢笔；作家；围栏
vt. 写；关入栏中",4年级上,4,上,人教版一年级起点四年级上.xlsx,62
knife,[naɪf],[naɪf],"n. 刀；匕首
vt. 用刀切；（口）伤害
vi. 劈开；划过",4年级上,4,上,人教版一年级起点四年级上.xlsx,63
eraser,[ɪˈreɪzə(r)],[ɪˈreɪsər],n. 橡皮；擦除器；[计] 清除器,4年级上,4,上,人教版一年级起点四年级上.xlsx,64
crayon,[ˈkreɪən; ˈkreɪɒn],[ˈkreɪən; ˈkreɪɑːn],"n. 蜡笔，有色粉笔
vt. 以蜡笔作画，用颜色粉笔画",4年级上,4,上,人教版一年级起点四年级上.xlsx,65
scissors,[ˈsɪzəz],[ˈsɪzərz],"n. 剪刀；剪式跳法
v. 剪开；删除（scissor的第三人称单数）",4年级上,4,上,人教版一年级起点四年级上.xlsx,66
glue stick,,,n. 胶棒,4年级上,4,上,人教版一年级起点四年级上.xlsx,67
paper,[ˈpeɪpə(r)],[ˈpeɪpər],"n. 纸；论文；文件；报纸
adj. 纸做的
vt. 用纸糊；用纸包装
vi. 贴糊墙纸；发交通违章传票",4年级上,4,上,人教版一年级起点四年级上.xlsx,68
use,[juːz],[juːz],"n. 使用；用途；发挥
vt. 利用；耗费
vi. 使用，运用",4年级上,4,上,人教版一年级起点四年级上.xlsx,69
please,[pliːz],[pliːz],"int. 请（礼貌用语）
vt. 使喜欢；使高兴，使满意
vi. 讨人喜欢；令人高兴",4年级上,4,上,人教版一年级起点四年级上.xlsx,70
find,[faɪnd],[faɪnd],"n. 发现
vi. 裁决
vt. 查找，找到；发现；认为；感到；获得",4年级上,4,上,人教版一年级起点四年级上.xlsx,71
Information Centre,,,信息中心；资讯中心；情报中心,4年级上,4,上,人教版一年级起点四年级上.xlsx,72
Excuse me,[ɪk'skjʊs mi],[ɪkˈskjuːz mi],un. 请原谅；对不起,4年级上,4,上,人教版一年级起点四年级上.xlsx,73
phone,[fəʊn],[foʊn],"n. 电话；耳机，听筒
vt. 打电话
vi. 打电话",4年级上,4,上,人教版一年级起点四年级上.xlsx,74
dad,[dæd],[dæd],n. 爸爸；爹爹,4年级上,4,上,人教版一年级起点四年级上.xlsx,75
hamburger,[ˈhæmbɜːɡə(r)],[ˈhæmbɜːrɡər],n. 汉堡包，火腿汉堡；牛肉饼，肉饼；碎牛肉,4年级上,4,上,人教版一年级起点四年级上.xlsx,76
ruler,[ˈruːlə(r)],[ˈruːlər],n. 尺；统治者；[测] 划线板，划线的人,4年级上,4,上,人教版一年级起点四年级上.xlsx,77
pencil,[ˈpens(ə)l],[ˈpensl],"n. 铅笔；笔状物
vt. 用铅笔写；用眉笔涂
vi. 成铅笔状",4年级上,4,上,人教版一年级起点四年级上.xlsx,78
schoolbag,[ˈskuːlbæɡ],[ˈskuːlˌbæɡ],n. 书包,4年级上,4,上,人教版一年级起点四年级上.xlsx,79
shop,[ʃɒp],[ʃɑːp],"n. 商店；店铺
vt. 购物
vi. 购物；买东西",4年级上,4,上,人教版一年级起点四年级上.xlsx,80
climb on the window ledge,,,无,4年级上,4,上,人教版一年级起点四年级上.xlsx,81
dangerous,[ˈdeɪndʒərəs],[ˈdeɪndʒərəs],"adj. 危险的
危险地",4年级上,4,上,人教版一年级起点四年级上.xlsx,82
play with fire,,,na. 轻举妄动,4年级上,4,上,人教版一年级起点四年级上.xlsx,83
Be careful!,,,小心；当心；注意,4年级上,4,上,人教版一年级起点四年级上.xlsx,84
run down the stairs,,,无,4年级上,4,上,人教版一年级起点四年级上.xlsx,85
sidewalk,[ˈsaɪdwɔːk],[ˈsaɪdwɔːk],n. 人行道,4年级上,4,上,人教版一年级起点四年级上.xlsx,86
wait for,,,na. 等；等待,4年级上,4,上,人教版一年级起点四年级上.xlsx,87
safe,[seɪf],[seɪf],"n. 保险箱；冷藏室；纱橱
adj. 安全的；可靠的；平安的",4年级上,4,上,人教版一年级起点四年级上.xlsx,88
stop,[stɒp],[stɑːp],"n. 停止；车站；障碍；逗留
vi. 停止；中止；逗留；被塞住
vt. 停止；堵塞；断绝",4年级上,4,上,人教版一年级起点四年级上.xlsx,89
street,[striːt],[striːt],"n. 街道
adj. 街道的",4年级上,4,上,人教版一年级起点四年级上.xlsx,90
safety rule,,,安全规程,4年级上,4,上,人教版一年级起点四年级上.xlsx,91
green,[ɡriːn],[ɡriːn],"n. 绿色；青春
adj. 绿色的；青春的
vt. 使…变绿色
vi. 变绿色",4年级上,4,上,人教版一年级起点四年级上.xlsx,92
red,[red],[red],"n. 红色，红颜料；赤字
adj. 红色的；红肿的，充血的",4年级上,4,上,人教版一年级起点四年级上.xlsx,93
play football,,,na. 踢足球；对难办的事采取踢皮球的态度,4年级上,4,上,人教版一年级起点四年级上.xlsx,94
nurse,[nɜːs],[nɜːrs],"vt. 看护，护理；照顾；培养；给…喂奶
vi. 照料，护理；喂奶；当保姆
n. 护士；奶妈，保姆",4年级上,4,上,人教版一年级起点四年级上.xlsx,95
cook,[kʊk],[kʊk],"n. 厨师，厨子
vt. 烹调，煮
vi. 烹调，做菜",4年级上,4,上,人教版一年级起点四年级上.xlsx,96
doctor,[ˈdɒktə(r)],[ˈdɑːktər],"vt. 修理；篡改，伪造；为…治病；授以博士学位
n. 医生；博士
vi. 就医；行医",4年级上,4,上,人教版一年级起点四年级上.xlsx,97
bus driver,,,na. (公共汽车)驾驶员；〈俚〉轰炸机驾驶员,4年级上,4,上,人教版一年级起点四年级上.xlsx,98
police officer,[pəˈliːs ɒfɪsə(r)],[pəˈlis ˈɔfɪsɚ],n. 警官；警察；警务人员,4年级上,4,上,人教版一年级起点四年级上.xlsx,99
taxi driver,,,n. 计程车司机,4年级上,4,上,人教版一年级起点四年级上.xlsx,100
farmer,[ˈfɑːmə(r)],[ˈfɑːrmər],n. 农夫，农民,4年级上,4,上,人教版一年级起点四年级上.xlsx,101
worker,[ˈwɜːkə(r)],[ˈwɜːrkər],n. 工人；劳动者；职蚁,4年级上,4,上,人教版一年级起点四年级上.xlsx,102
in the future,,,adv. 今后,4年级上,4,上,人教版一年级起点四年级上.xlsx,103
great,[ɡreɪt],[ɡreɪt],"n. 大师；大人物；伟人们
adj. 伟大的，重大的；极好的，好的；主要的",4年级上,4,上,人教版一年级起点四年级上.xlsx,104
job,[dʒɒb],[dʒɑːb],"n. 工作；职业
vt. 承包；代客买卖
vi. 做零工",4年级上,4,上,人教版一年级起点四年级上.xlsx,105
sick,[sɪk],[sɪk],"adj. 厌恶的；病态的；不舒服；渴望的；恶心的 ；生病的
n. 病人
vt. 使狗去咬；呕吐；追击",4年级上,4,上,人教版一年级起点四年级上.xlsx,106
people,[ˈpiːp(ə)l],[ˈpiːpl],"n. 人；人类；民族；公民
vt. 居住于；使住满人",4年级上,4,上,人教版一年级起点四年级上.xlsx,107
teach,[tiːtʃ],[tiːtʃ],"vt. 教；教授；教导
vi. 教授；讲授；当老师",4年级上,4,上,人教版一年级起点四年级上.xlsx,108
just,[dʒʌst],[dʒʌst],"adv. 只是，仅仅；刚才，刚刚；正好，恰好；实在；刚要
adj. 公正的，合理的；正直的，正义的；正确的；公平的；应得的",4年级上,4,上,人教版一年级起点四年级上.xlsx,109
myself,[maɪˈself],[maɪˈself],pron. 我自己；我亲自；我的正常的健康状况和正常情绪,4年级上,4,上,人教版一年级起点四年级上.xlsx,110
sound,[saʊnd],[saʊnd],"n. 声音，语音；噪音；海峡；吵闹；听力范围；[医] 探条
adj. 健全的，健康的；合理的；可靠的；有效彻底的
vt. 听（诊）；测量，测…深；使发声；试探；宣告
vi. 听起来；发出声音；回响；测深
adv. 彻底地，充分地",4年级上,4,上,人教版一年级起点四年级上.xlsx,111
Monday,[ˈmʌndeɪ],[ˈmʌndeɪ],n. 星期一,4年级上,4,上,人教版一年级起点四年级上.xlsx,112
Tuesday,[ˈtjuːzdeɪ],[ˈtuːzdeɪ],n. 星期二,4年级上,4,上,人教版一年级起点四年级上.xlsx,113
Wednesday,[ˈwenzdeɪ],[ˈwenzdeɪ],n. 星期三,4年级上,4,上,人教版一年级起点四年级上.xlsx,114
Thursday,[ˈθɜːzdeɪ],[ˈθɜːrzdeɪ],n. 星期四,4年级上,4,上,人教版一年级起点四年级上.xlsx,115
Friday,[ˈfraɪdeɪ],[ˈfraɪdeɪ],n. 星期五,4年级上,4,上,人教版一年级起点四年级上.xlsx,116
teacher,[ˈtiːtʃə(r)],[ˈtiːtʃər],n. 教师；导师,4年级上,4,上,人教版一年级起点四年级上.xlsx,117
across from,,,na. 在…的正对面,4年级下,4,下,人教版一年级起点四年级下.xlsx,2
next to,,,prep. 紧邻；在…近旁；仅次于；紧接,4年级下,4,下,人教版一年级起点四年级下.xlsx,3
between,[bɪˈtwiːn],[bɪˈtwiːn],"prep. 在…之间
adv. 在中间",4年级下,4,下,人教版一年级起点四年级下.xlsx,4
restaurant,[ˈrestrɒnt],[ˈrestrɑːnt; ˈrestərɑːnt],n. 餐馆；[经] 饭店,4年级下,4,下,人教版一年级起点四年级下.xlsx,5
post office,[ˈpəust ɔfis],[ˈpost ɔfɪs],n. 邮局；邮政部门；邮政系统；邮差敲门游戏（儿童用假托的信件换取亲吻）,4年级下,4,下,人教版一年级起点四年级下.xlsx,6
bank,[bæŋk],[bæŋk],"n. 银行；岸；浅滩；储库
vt. 将…存入银行；倾斜转弯
vi. 堆积；倾斜转弯",4年级下,4,下,人教版一年级起点四年级下.xlsx,7
grocery,[ˈɡrəʊsəri],[ˈɡroʊsəri],"n. 食品杂货店
食品杂货",4年级下,4,下,人教版一年级起点四年级下.xlsx,8
turn left,[tɜ:n left],[tɝ​n lɛft],un. 向左转,4年级下,4,下,人教版一年级起点四年级下.xlsx,9
turn right,,,na. 转往右面,4年级下,4,下,人教版一年级起点四年级下.xlsx,10
go straight,,,na. 笔直走,4年级下,4,下,人教版一年级起点四年级下.xlsx,11
crossroads,[ˈkrɒsrəʊdz],[ˈkrɔːsroʊdz],n. 十字路口；交叉路口；聚会的中心地点（crossroad的复数形式）,4年级下,4,下,人教版一年级起点四年级下.xlsx,12
neighbourhood,[ˈneɪbəhʊd],[ˈneɪbərhʊd],n. 邻近；周围；邻居关系；附近一带,4年级下,4,下,人教版一年级起点四年级下.xlsx,13
send,[send],[send],"n. 上升运动
vi. 派人；寄信
vt. 发送，寄；派遣；使进入；发射",4年级下,4,下,人教版一年级起点四年级下.xlsx,14
get,[ɡet],[ɡet],"n. 生殖；幼兽
vi. 成为；变得；到达
vt. 使得；获得；受到；变成",4年级下,4,下,人教版一年级起点四年级下.xlsx,15
money,[ˈmʌni],[ˈmʌni],n. 钱；货币；财富,4年级下,4,下,人教版一年级起点四年级下.xlsx,16
get to,,,na. 接触到；开始；〈美口〉收买,4年级下,4,下,人教版一年级起点四年级下.xlsx,17
before,[bɪˈfɔː(r)],[bɪˈfɔːr],"prep. 在…之前，先于
conj. 在…以前；在…之前
adv. 以前；在前",4年级下,4,下,人教版一年级起点四年级下.xlsx,18
leave,[liːv],[liːv],"vt. 离开；留下；遗忘；委托
vi. 离开，出发；留下
n. 许可，同意；休假",4年级下,4,下,人教版一年级起点四年级下.xlsx,19
toy,[tɔɪ],[tɔɪ],"n. 玩具；小装饰品；不值钱的东西
adj. 作为玩具的；玩物似的
vi. 玩弄；调情；随随便便地对待",4年级下,4,下,人教版一年级起点四年级下.xlsx,20
hospital,[ˈhɒspɪt(ə)l],[ˈhɑːspɪtl],n. 医院,4年级下,4,下,人教版一年级起点四年级下.xlsx,21
bookshop,[ˈbʊkʃɒp],[ˈbʊkʃɑːp],n. 书店,4年级下,4,下,人教版一年级起点四年级下.xlsx,22
school,[skuːl],[skuːl],"n. 学校；学院；学派；鱼群
vt. 教育",4年级下,4,下,人教版一年级起点四年级下.xlsx,23
supermarket,[ˈsuːpəmɑːkɪt],[ˈsuːpərmɑːrkɪt],n. 超级市场；自助售货商店,4年级下,4,下,人教版一年级起点四年级下.xlsx,24
ball,[bɔːl],[bɔːl],"n. 球；舞会
vt. 捏成球形
vi. 成团块",4年级下,4,下,人教版一年级起点四年级下.xlsx,25
city,[ˈsɪti],[ˈsɪti],"n. 城市，都市
adj. 城市的；都会的",4年级下,4,下,人教版一年级起点四年级下.xlsx,26
street,[striːt],[striːt],"n. 街道
adj. 街道的",4年级下,4,下,人教版一年级起点四年级下.xlsx,27
sports centre,,,"体育运动中心, 运动场",4年级下,4,下,人教版一年级起点四年级下.xlsx,28
hotel,[həʊˈtel],[hoʊˈtel],"n. 旅馆，饭店；客栈
vt. 使…在饭店下榻
vi. 进行旅馆式办公",4年级下,4,下,人教版一年级起点四年级下.xlsx,29
square,[skweə(r)],[skwer],"n. 平方；广场；正方形
adj. 平方的；正方形的；直角的；正直的
vt. 使成方形；与…一致
vi. 一致；成方形
adv. 成直角地",4年级下,4,下,人教版一年级起点四年级下.xlsx,30
buy toys,,,无,4年级下,4,下,人教版一年级起点四年级下.xlsx,31
see a film,,,看电影；去看电影；去电影院看电影,4年级下,4,下,人教版一年级起点四年级下.xlsx,32
go boating,,,na. 乘船〔尤指划船〕游玩,4年级下,4,下,人教版一年级起点四年级下.xlsx,33
busy,[ˈbɪzi],[ˈbɪzi],"adj. 忙碌的；热闹的；正被占用的
vt. 使忙于",4年级下,4,下,人教版一年级起点四年级下.xlsx,34
station,[ˈsteɪʃ(ə)n],[ˈsteɪʃn],"n. 车站；驻地；地位；身份
vt. 配置；安置；驻扎",4年级下,4,下,人教版一年级起点四年级下.xlsx,35
place,[pleɪs],[pleɪs],"n. 地方；住所；座位
vt. 放置；任命；寄予
vi. 名列前茅；取得名次",4年级下,4,下,人教版一年级起点四年级下.xlsx,36
thing,[θɪŋ],[θɪŋ],n. 事情；东西；事物；情况,4年级下,4,下,人教版一年级起点四年级下.xlsx,37
stay,[steɪ],[steɪ],"n. 逗留；停止；支柱
vi. 停留；坚持；暂住；停下
vt. 坚持；暂住；抑制",4年级下,4,下,人教版一年级起点四年级下.xlsx,38
star,[stɑː(r)],[stɑːr],"n. 星，恒星；明星；星形物
adj. 明星的，主角的；星形的
vt. 用星号标于；由…主演，由…担任主角
vi. 担任主角",4年级下,4,下,人教版一年级起点四年级下.xlsx,39
king,[kɪŋ],[kɪŋ],"n. 国王；最有势力者；王棋
vi. 统治；做国王
vt. 立…为王
adj. 主要的，最重要的，最大的",4年级下,4,下,人教版一年级起点四年级下.xlsx,40
central,[ˈsentrəl],[ˈsentrəl],"n. 电话总机
adj. 中心的；主要的；中枢的",4年级下,4,下,人教版一年级起点四年级下.xlsx,41
take photos,,,照相；拍照；拍照片,4年级下,4,下,人教版一年级起点四年级下.xlsx,42
museum,[mjuˈziːəm],[mjuˈziːəm],n. 博物馆,4年级下,4,下,人教版一年级起点四年级下.xlsx,43
dream,[driːm],[driːm],"n. 梦想，愿望；梦
adj. 梦的；理想的；不切实际的
vt. 梦想；做梦；想到
vi. 梦想；做梦，梦见；想到",4年级下,4,下,人教版一年级起点四年级下.xlsx,44
sea,[siː],[siː],n. 海；海洋；许多；大量,4年级下,4,下,人教版一年级起点四年级下.xlsx,45
ski,[skiː],[skiː],"n. 滑雪橇
vi. 滑雪
adj. 滑雪（用）的",4年级下,4,下,人教版一年级起点四年级下.xlsx,46
eat seafood,,,无,4年级下,4,下,人教版一年级起点四年级下.xlsx,47
visit the Mogao Caves,,,无,4年级下,4,下,人教版一年级起点四年级下.xlsx,48
West Lake,,,西湖；杭州西湖；浙江杭州,4年级下,4,下,人教版一年级起点四年级下.xlsx,49
row a boat,,,划船；摇船；划船最好用,4年级下,4,下,人教版一年级起点四年级下.xlsx,50
the Great Wall,,,长城；万里长城；中国万里长城,4年级下,4,下,人教版一年级起点四年级下.xlsx,51
take photos,,,照相；拍照；拍照片,4年级下,4,下,人教版一年级起点四年级下.xlsx,52
summer vacation,,,n. 暑假,4年级下,4,下,人教版一年级起点四年级下.xlsx,53
travel,[ˈtræv(ə)l],[ˈtrævl],"n. 旅行；游历；漫游
vt. 经过；在…旅行
vi. 旅行；行进；步行；交往",4年级下,4,下,人教版一年级起点四年级下.xlsx,54
reading,[ˈriːdɪŋ],[ˈriːdɪŋ],"n. 阅读，朗读；读物；读数
v. 阅读（read的ing形式）
adj. 阅读的",4年级下,4,下,人教版一年级起点四年级下.xlsx,55
skateboarding,[ˈskeɪtbɔːdɪŋ],[ˈskeɪtbɔːrdɪŋ],n. 滑板运动,4年级下,4,下,人教版一年级起点四年级下.xlsx,56
singing,[ˈsɪŋɪŋ],[ˈsɪŋɪŋ],"n. 歌唱；歌声；耳鸣；振鸣
v. 唱歌（sing的ing形式）
adj. 唱歌的；音乐般的",4年级下,4,下,人教版一年级起点四年级下.xlsx,57
dancing,[ˈdɑːnsɪŋ],[ˈdænsɪŋ],"n. 跳舞；舞蹈
v. 跳舞；摇晃（dance的ing形式）",4年级下,4,下,人教版一年级起点四年级下.xlsx,58
doing jigsaw puzzles,,,无,4年级下,4,下,人教版一年级起点四年级下.xlsx,59
making models,,,无,4年级下,4,下,人教版一年级起点四年级下.xlsx,60
collecting erasers,,,无,4年级下,4,下,人教版一年级起点四年级下.xlsx,61
different,[ˈdɪfrənt],[ˈdɪfrənt],adj. 不同的；个别的，与众不同的,4年级下,4,下,人教版一年级起点四年级下.xlsx,62
hobby,[ˈhɒbi],[ˈhɑːbi],n. 嗜好；业余爱好,4年级下,4,下,人教版一年级起点四年级下.xlsx,63
stamp,[stæmp],[stæmp],"n. 邮票；印记；标志；跺脚
vt. 铭记；标出；盖章于…；贴邮票于…；用脚踩踏
vi. 跺脚；捣碎；毁掉",4年级下,4,下,人教版一年级起点四年级下.xlsx,64
catch,[kætʃ],[kætʃ],"n. 捕捉；捕获物；窗钩
vt. 赶上；抓住；感染；了解
vi. 赶上；抓住",4年级下,4,下,人教版一年级起点四年级下.xlsx,65
go for a picnic,,,去野餐；去野炊；出去野炊,4年级下,4,下,人教版一年级起点四年级下.xlsx,66
play the violin,,,拉小提琴；弹小提琴；演奏小提琴,4年级下,4,下,人教版一年级起点四年级下.xlsx,67
go skating,,,去滑冰；去溜冰；滑雪,4年级下,4,下,人教版一年级起点四年级下.xlsx,68
go camping,,,去野营；去露营；宿营,4年级下,4,下,人教版一年级起点四年级下.xlsx,69
do the housework,,,做家务；做家务活；料理家务,4年级下,4,下,人教版一年级起点四年级下.xlsx,70
free,[friː],[friː],"adj. 免费的；自由的，不受约束的；[化学] 游离的
vt. 使自由，解放；释放
adv. 自由地；免费",4年级下,4,下,人教版一年级起点四年级下.xlsx,71
never,[ˈnevə(r)],[ˈnevər],adv. 从未；决不,4年级下,4,下,人教版一年级起点四年级下.xlsx,72
once a week,,,一周一次；每周一次；一星期一次,4年级下,4,下,人教版一年级起点四年级下.xlsx,73
twice a week,,,一周两次；每周两次；一星期两次,4年级下,4,下,人教版一年级起点四年级下.xlsx,74
three times a week,,,一周三次；每周三次；一星期三次,4年级下,4,下,人教版一年级起点四年级下.xlsx,75
Canada,[ˈkænədə],[ˈkænədə],n. 加拿大（北美洲国家）,4年级下,4,下,人教版一年级起点四年级下.xlsx,76
Australia,[ɒˈstreɪliə],[ɔːˈstreɪliə],n. 澳大利亚，澳洲,4年级下,4,下,人教版一年级起点四年级下.xlsx,77
the UK,,,（等于the United Kingdom）英国,4年级下,4,下,人教版一年级起点四年级下.xlsx,78
the USA,,,美国；美利坚合众国；现在我们有美国的大哥,4年级下,4,下,人教版一年级起点四年级下.xlsx,79
China,[ˈtʃaɪnə],[ˈtʃaɪnə],"n. 中国
n. china，瓷器
adj. 中国的；中国制造的
adj. china，瓷制的",4年级下,4,下,人教版一年级起点四年级下.xlsx,80
koala,[kəʊˈɑːlə],[koʊˈɑːlə],n. 树袋熊，无尾熊（产于澳大利亚，又名考拉）,4年级下,4,下,人教版一年级起点四年级下.xlsx,81
maple leaves,,,枫叶；枫树叶子；枫树留下,4年级下,4,下,人教版一年级起点四年级下.xlsx,82
Big Ben,,,"n. 英国伦敦议会大厦顶的大钟, 美国得州西南部的国立大本德公园(Big Bend National Park)",4年级下,4,下,人教版一年级起点四年级下.xlsx,83
Disneyland,[ˈdɪznilænd],[ˈdɪznilænd],n. 迪斯尼乐园；幻想世界,4年级下,4,下,人教版一年级起点四年级下.xlsx,84
campfire,[ˈkæmpfaɪə(r)],[ˈkæmpfaɪər],n. 营火；营火会,4年级下,4,下,人教版一年级起点四年级下.xlsx,85
cute,[kjuːt],[kjuːt],adj. 可爱的；漂亮的；聪明的，伶俐的,4年级下,4,下,人教版一年级起点四年级下.xlsx,86
country,[ˈkʌntri],[ˈkʌntri],"n. 国家，国土；国民；乡下，农村；乡村；故乡
adj. 祖国的，故乡的；地方的，乡村的；国家的；粗鲁的；乡村音乐的",4年级下,4,下,人教版一年级起点四年级下.xlsx,87
pretty,[ˈprɪti],[ˈprɪti],"n. 有吸引力的事物（尤指饰品）；漂亮的人
adj. 漂亮的；可爱的；优美的
adv. 相当地；颇",4年级下,4,下,人教版一年级起点四年级下.xlsx,88
clever,[ˈklevə(r)],[ˈklevər],"adj. 聪明的；机灵的；熟练的
[ 比较级cleverer 最高级 cleverest ]",5年级上,5,上,人教版一年级起点五年级上.xlsx,2
careless,[ˈkeələs],[ˈkerləs],adj. 粗心的；无忧无虑的；淡漠的,5年级上,5,上,人教版一年级起点五年级上.xlsx,3
polite,[pəˈlaɪt],[pəˈlaɪt],adj. 有礼貌的，客气的；文雅的；上流的；优雅的,5年级上,5,上,人教版一年级起点五年级上.xlsx,4
quiet,[ˈkwaɪət],[ˈkwaɪət],"n. 安静；和平
adj. 安静的；安定的；不动的；温顺的
vt. 使平息；安慰
vi. 平静下来",5年级上,5,上,人教版一年级起点五年级上.xlsx,5
cute,[kjuːt],[kjuːt],adj. 可爱的；漂亮的；聪明的，伶俐的,5年级上,5,上,人教版一年级起点五年级上.xlsx,6
friendly,[ˈfrendli],[ˈfrendli],"adj. 友好的；亲切的；支持的；融洽的，和睦的
adv. 友善地；温和地",5年级上,5,上,人教版一年级起点五年级上.xlsx,7
helpful,[ˈhelpfl],[ˈhelpfl],adj. 有帮助的；有益的,5年级上,5,上,人教版一年级起点五年级上.xlsx,8
active,[ˈæktɪv],[ˈæktɪv],"n. 主动语态；积极分子
adj. 积极的；活跃的；主动的；有效的；现役的",5年级上,5,上,人教版一年级起点五年级上.xlsx,9
popular,[ˈpɒpjələ(r)],[ˈpɑːpjələr],adj. 流行的，通俗的；受欢迎的；大众的；普及的,5年级上,5,上,人教版一年级起点五年级上.xlsx,10
talk,[tɔːk],[tɔːk],"n. 谈话；演讲；空谈
vi. 谈话；说闲话
vt. 说；谈话；讨论",5年级上,5,上,人教版一年级起点五年级上.xlsx,11
party,[ˈpɑːti],[ˈpɑːrti],"n. 政党，党派；聚会，派对；当事人 [复数 parties]
vi. 参加社交聚会 [ 过去式 partied 过去分词 partied 现在分词 partying ]",5年级上,5,上,人教版一年级起点五年级上.xlsx,12
all,[ɔːl],[ɔːl],"n. 全部
adj. 全部的
adv. 全然地；越发
pron. 全部",5年级上,5,上,人教版一年级起点五年级上.xlsx,13
but,[bət],[bət; bʌt],"conj. 但是；而是；然而
adv. 仅仅，只
prep. 除…以外",5年级上,5,上,人教版一年级起点五年级上.xlsx,14
sometimes,[ˈsʌmtaɪmz],[ˈsʌmtaɪmz],adv. 有时，间或,5年级上,5,上,人教版一年级起点五年级上.xlsx,15
bark,[bɑːk],[bɑːrk],"n. 树皮；深青棕色；毛皮；皮肤；狗叫
vt. 狗叫；尖叫；剥皮",5年级上,5,上,人教版一年级起点五年级上.xlsx,16
forget,[fəˈɡet],[fərˈɡet],"vi. 忘记
vt. 忘记；忽略",5年级上,5,上,人教版一年级起点五年级上.xlsx,17
with,[wɪð],[wɪð; wɪθ],prep. 用；随着；支持；和…在一起,5年级上,5,上,人教版一年级起点五年级上.xlsx,18
wear glasses,,,戴眼镜；戴着眼镜；带着眼镜,5年级上,5,上,人教版一年级起点五年级上.xlsx,19
slim,[slɪm],[slɪm],"adj. 苗条的；修长的；微小的；差的
vt. 使…体重减轻；使…苗条
vi. 减轻体重；变细",5年级上,5,上,人教版一年级起点五年级上.xlsx,20
curly,[ˈkɜːli],[ˈkɜːrli],adj. 卷曲的；卷毛的；（木材）有皱状纹理的；蜷缩的,5年级上,5,上,人教版一年级起点五年级上.xlsx,21
straight,[streɪt],[streɪt],"n. 直；直线；直男，直女，异性恋者
adj. 直的；连续的；笔直的；正直的；整齐的；异性恋的
adv. 直接地；不断地；立即；坦率地",5年级上,5,上,人教版一年级起点五年级上.xlsx,22
nice,[naɪs],[naɪs],adj. 精密的；美好的；细微的；和蔼的,5年级上,5,上,人教版一年级起点五年级上.xlsx,23
young,[jʌŋ],[jʌŋ],"n. 年轻人；（动物的）崽，仔
adj. 年轻的；初期的；没有经验的",5年级上,5,上,人教版一年级起点五年级上.xlsx,24
teach,[tiːtʃ],[tiːtʃ],"vt. 教；教授；教导
vi. 教授；讲授；当老师",5年级上,5,上,人教版一年级起点五年级上.xlsx,25
guess,[ɡes],[ɡes],"n. 猜测；推测
vi. 猜；推测；猜中
vt. 猜测；认为；推测；猜中
n. 盖尔斯（美国服装品牌）",5年级上,5,上,人教版一年级起点五年级上.xlsx,26
has,[həz],[həz; əz; hæz],v. 有，吃，得到，从事，允许，雇用，享有（have的第三人称单数）；（亲属关系中）接受；拿；买到,5年级上,5,上,人教版一年级起点五年级上.xlsx,27
animal,[ˈænɪm(ə)l],[ˈænɪm(ə)l],"n. 动物
动物的",5年级上,5,上,人教版一年级起点五年级上.xlsx,28
elephant,[ˈelɪfənt],[ˈelɪfənt],n. 象；大号图画纸,5年级上,5,上,人教版一年级起点五年级上.xlsx,29
panda,[ˈpændə],[ˈpændə],n. 熊猫；猫熊,5年级上,5,上,人教版一年级起点五年级上.xlsx,30
horse,[hɔːs],[hɔːrs],"n. 马；骑兵；脚架；海洛因
vt. 使骑马；系马于；捉弄
vi. 骑马；作弄人",5年级上,5,上,人教版一年级起点五年级上.xlsx,31
cow,[kaʊ],[kaʊ],"n. 奶牛，母牛；母兽
vt. 威胁，恐吓",5年级上,5,上,人教版一年级起点五年级上.xlsx,32
pig,[pɪɡ],[pɪɡ],"n. 猪；猪肉
vi. 生小猪；像猪一样过活
n. 警察（俚语，带有攻击性）",5年级上,5,上,人教版一年级起点五年级上.xlsx,33
sheep,[ʃiːp],[ʃiːp],n. 羊，绵羊；胆小鬼,5年级上,5,上,人教版一年级起点五年级上.xlsx,34
bee,[biː],[biː],n. 蜜蜂，蜂；勤劳的人,5年级上,5,上,人教版一年级起点五年级上.xlsx,35
farm,[fɑːm],[fɑːrm],"n. 农场；农家；畜牧场
vt. 养殖；耕种；佃出（土地）
vi. 种田，务农；经营农场",5年级上,5,上,人教版一年级起点五年级上.xlsx,36
fast,[fɑːst],[fæst],"n. 斋戒；绝食
adj. 快速的，迅速的；紧的，稳固的
adv. 迅速地；紧紧地；彻底地
vi. 禁食，斋戒",5年级上,5,上,人教版一年级起点五年级上.xlsx,37
why,[waɪ],[waɪ],"int. 哎呀！什么？
adv. 为什么",5年级上,5,上,人教版一年级起点五年级上.xlsx,38
lovely,[ˈlʌvli],[ˈlʌvli],"adj. 可爱的；令人愉快的；爱恋的；秀丽的，优美的
n. 美女；可爱的东西",5年级上,5,上,人教版一年级起点五年级上.xlsx,39
butterfly,[ˈbʌtəflaɪ],[ˈbʌtərflaɪ],n. 蝴蝶；蝶泳；举止轻浮的人；追求享乐的人,5年级上,5,上,人教版一年级起点五年级上.xlsx,40
exercise book,,,n. 练习本；练习册；作业本,5年级上,5,上,人教版一年级起点五年级上.xlsx,41
pencil sharpener,,,n. 卷笔刀,5年级上,5,上,人教版一年级起点五年级上.xlsx,42
a pair of scissors,,,一把剪刀；一副剪刀；一双剪刀,5年级上,5,上,人教版一年级起点五年级上.xlsx,43
pencil box,,,铅笔盒；文具盒；你的铅笔盒,5年级上,5,上,人教版一年级起点五年级上.xlsx,44
a box of crayons,,,无,5年级上,5,上,人教版一年级起点五年级上.xlsx,45
please,[pliːz],[pliːz],"int. 请（礼貌用语）
vt. 使喜欢；使高兴，使满意
vi. 讨人喜欢；令人高兴",5年级上,5,上,人教版一年级起点五年级上.xlsx,46
only,[ˈəʊnli],[ˈoʊnli],"adv. 只，仅仅；不料
adj. 唯一的，仅有的；最合适的
conj. 但是；不过；可是",5年级上,5,上,人教版一年级起点五年级上.xlsx,47
also,[ˈɔːlsəʊ],[ˈɔːlsoʊ],"conj. 并且；另外
adv. 也；而且；同样",5年级上,5,上,人教版一年级起点五年级上.xlsx,48
saleswoman,[ˈseɪlzwʊmən],[ˈseɪlzwʊmən],n. [贸易] 女售货员；[贸易] 女店员,5年级上,5,上,人教版一年级起点五年级上.xlsx,49
great,[ɡreɪt],[ɡreɪt],"n. 大师；大人物；伟人们
adj. 伟大的，重大的；极好的，好的；主要的",5年级上,5,上,人教版一年级起点五年级上.xlsx,50
love,[lʌv],[lʌv],"n. 恋爱；亲爱的；酷爱；喜爱的事物；爱情，爱意；疼爱；热爱；爱人，所爱之物
v. 爱，热爱；爱戴；赞美，称赞；喜爱；喜好；喜欢；爱慕",5年级上,5,上,人教版一年级起点五年级上.xlsx,51
how much,[haʊ mʌtʃ],[haʊ mʌtʃ],conj. 多少,5年级上,5,上,人教版一年级起点五年级上.xlsx,52
a lot,,,"n. 许多
adv. 常",5年级上,5,上,人教版一年级起点五年级上.xlsx,53
wonderful,[ˈwʌndəf(ə)l],[ˈwʌndərf(ə)l],adj. 极好的，精彩的，绝妙的；奇妙的；美妙；胜；神妙,5年级上,5,上,人教版一年级起点五年级上.xlsx,54
cool,[kuːl],[kuːl],"n. 凉爽；凉爽的空气
adj. 凉爽的；冷静的；出色的
vt. 使…冷却；使…平静下来
vi. 变凉；平息
adv. 冷静地",5年级上,5,上,人教版一年级起点五年级上.xlsx,55
fantastic,[fænˈtæstɪk],[fænˈtæstɪk],"n. 古怪的人
adj. 奇异的；空想的；异想天开的；古怪的；极好的，极出色的；不可思议的；不切实际的",5年级上,5,上,人教版一年级起点五年级上.xlsx,56
cartoons,[kɑːˈtuːnz],[kɑrˈtʊn],"n. 卡通动画；动漫图书（cartoon的复数）
v. 画漫画（cartoon的三单形式）",5年级上,5,上,人教版一年级起点五年级上.xlsx,57
news shows,,,新闻节目,5年级上,5,上,人教版一年级起点五年级上.xlsx,58
nature shows,,,无,5年级上,5,上,人教版一年级起点五年级上.xlsx,59
chore,[tʃɔː(r)],[tʃɔːr],n. 家庭杂务；日常的零星事务；讨厌的或累人的工作,5年级上,5,上,人教版一年级起点五年级上.xlsx,60
clean the room,,,打扫房间；清扫房间；清洁房间,5年级上,5,上,人教版一年级起点五年级上.xlsx,61
make the bed,,,铺床；整理床铺；整理被物,5年级上,5,上,人教版一年级起点五年级上.xlsx,62
take out the rubbish,,,无,5年级上,5,上,人教版一年级起点五年级上.xlsx,63
wash clothes,,,洗衣服；爱洗衣服的小羊；清洗衣物,5年级上,5,上,人教版一年级起点五年级上.xlsx,64
tidy the desk,,,无,5年级上,5,上,人教版一年级起点五年级上.xlsx,65
sweep the floor,,,扫地；清扫地板；打扫地板,5年级上,5,上,人教版一年级起点五年级上.xlsx,66
call,[kɔːl],[kɔːl],"n. 电话；呼叫；要求；访问
vi. 呼叫；拜访；叫牌
vt. 呼叫；称呼；召集",5年级上,5,上,人教版一年级起点五年级上.xlsx,67
too much,,,na. 太过份,5年级下,5,下,人教版一年级起点五年级下.xlsx,2
candy,[ˈkændi],[ˈkændi],"n. 糖果（等于sweets）；冰糖（等于sugar candy，rock candy）；毒品
adj. 新潮的（服饰）；甜言蜜语的
vt. 用糖煮；使结晶为砂糖；美化
vi. 糖煮；成为结晶",5年级下,5,下,人教版一年级起点五年级下.xlsx,3
go to bed,,,na. 睡；同床；【印】付印,5年级下,5,下,人教版一年级起点五年级下.xlsx,4
early,[ˈɜːli],[ˈɜːrli],"adj. 早期的；早熟的
adv. 提早；在初期",5年级下,5,下,人教版一年级起点五年级下.xlsx,5
exercise,[ˈeksəsaɪz],[ˈeksərsaɪz],"n. 运动；练习；运用；操练；礼拜；典礼
vt. 锻炼；练习；使用；使忙碌；使惊恐
vi. 运动；练习",5年级下,5,下,人教版一年级起点五年级下.xlsx,6
tired,[ˈtaɪəd],[ˈtaɪərd],"v. 疲倦；对…腻烦（tire的过去分词形式）
adj. 疲倦的；厌倦的，厌烦的",5年级下,5,下,人教版一年级起点五年级下.xlsx,7
drink,[drɪŋk],[drɪŋk],"n. 酒，饮料；喝酒
vt. 喝，饮；吸收；举杯庆贺
vi. 喝酒；饮水；干杯",5年级下,5,下,人教版一年级起点五年级下.xlsx,8
before,[bɪˈfɔː(r)],[bɪˈfɔːr],"prep. 在…之前，先于
conj. 在…以前；在…之前
adv. 以前；在前",5年级下,5,下,人教版一年级起点五年级下.xlsx,9
dirty,[ˈdɜːti],[ˈdɜːrti],"adj. 下流的，卑鄙的；肮脏的；恶劣的；暗淡的
vt. 弄脏
vi. 变脏",5年级下,5,下,人教版一年级起点五年级下.xlsx,10
always,[ˈɔːlweɪz],[ˈɔːlweɪz],adv. 永远，一直；总是；常常,5年级下,5,下,人教版一年级起点五年级下.xlsx,11
stomachache,[ˈstʌməkeɪk],[ˈstʌməkˌeɪk],n. 腹痛，肚子痛；胃痛,5年级下,5,下,人教版一年级起点五年级下.xlsx,12
headache,[ˈhedeɪk],[ˈhedeɪk],n. 头痛；麻烦；令人头痛之事,5年级下,5,下,人教版一年级起点五年级下.xlsx,13
toothache,[ˈtuːθeɪk],[ˈtuːθeɪk],n. [口腔] 牙痛,5年级下,5,下,人教版一年级起点五年级下.xlsx,14
a lot of,,,det. 许多,5年级下,5,下,人教版一年级起点五年级下.xlsx,15
sleepy,[ˈsliːpi],[ˈsliːpi],adj. 欲睡的；困乏的；不活跃的,5年级下,5,下,人教版一年级起点五年级下.xlsx,16
subject,[ˈsʌbdʒɪkt; ˈsʌbdʒekt],[ˈsʌbdʒɪkt; ˈsʌbdʒekt],"n. 主题；科目；[语] 主语；国民
adj. 服从的；易患…的；受制于…的
vt. 使…隶属；使屈从于…",5年级下,5,下,人教版一年级起点五年级下.xlsx,17
mark,[mɑːk],[mɑːrk],"n. 标志；马克；符号；痕迹；分数
vi. 作记号
vt. .标志；做标记于；打分数
n. . 标志；做标记于；打分数",5年级下,5,下,人教版一年级起点五年级下.xlsx,18
advice,[ədˈvaɪs],[ədˈvaɪs],n. 建议；忠告；劝告；通知,5年级下,5,下,人教版一年级起点五年级下.xlsx,19
more,[mɔː(r)],[mɔːr],"adv. 更多；此外；更大程度地
adj. 更多的；附加的
pron. 更多的数量
n. 更多",5年级下,5,下,人教版一年级起点五年级下.xlsx,20
New Year's Day,,,na. 元旦,5年级下,5,下,人教版一年级起点五年级下.xlsx,21
Tree Planting Day,,,无,5年级下,5,下,人教版一年级起点五年级下.xlsx,22
Mother's Day,,,na. (美国和加拿大的)母亲节,5年级下,5,下,人教版一年级起点五年级下.xlsx,23
Children's Day,,,na. 儿童节,5年级下,5,下,人教版一年级起点五年级下.xlsx,24
Father's Day,,,na. 〈美〉父亲节(每年六月的第三个星期日),5年级下,5,下,人教版一年级起点五年级下.xlsx,25
Teachers' Day,,,n. 教师节,5年级下,5,下,人教版一年级起点五年级下.xlsx,26
National Day,,,na. 国庆日,5年级下,5,下,人教版一年级起点五年级下.xlsx,27
Christmas Day,,,"n. 【宗,基督】圣诞节；圣诞节时期",5年级下,5,下,人教版一年级起点五年级下.xlsx,28
birthday,[ˈbɜːθdeɪ],[ˈbɜːrθdeɪ],n. 生日，诞辰；诞生的日子,5年级下,5,下,人教版一年级起点五年级下.xlsx,29
fifth,[fɪfθ],[fɪfθ],"num. 第五
n. 第五；五分之一
adj. 第五的；五分之一的",5年级下,5,下,人教版一年级起点五年级下.xlsx,30
5th,,,n. 第五（fifth）,5年级下,5,下,人教版一年级起点五年级下.xlsx,31
tenth,[tenθ],[tenθ],"num. 第十；十分之一
adj. 十分之一的；第十个的",5年级下,5,下,人教版一年级起点五年级下.xlsx,32
10th,,,无,5年级下,5,下,人教版一年级起点五年级下.xlsx,33
twelfth,[twelfθ],[twelfθ],"n. 第十二；月的第十二日
adj. 第十二的，第十二个",5年级下,5,下,人教版一年级起点五年级下.xlsx,34
12th,,,无,5年级下,5,下,人教版一年级起点五年级下.xlsx,35
twenty-fifth,,,第二十五,5年级下,5,下,人教版一年级起点五年级下.xlsx,36
25th,,,无,5年级下,5,下,人教版一年级起点五年级下.xlsx,37
plant,[plɑːnt],[plænt],"n. 工厂，车间；植物；设备；庄稼
vt. 种植；培养；栽培；安置
vi. 种植",5年级下,5,下,人教版一年级起点五年级下.xlsx,38
make a poster,,,制作海报；做海报；作一个海报,5年级下,5,下,人教版一年级起点五年级下.xlsx,39
celebrate,[ˈselɪbreɪt],[ˈselɪbreɪt],"vt. 庆祝；举行；赞美；祝贺；宣告
vi. 庆祝；过节；举行宗教仪式",5年级下,5,下,人教版一年级起点五年级下.xlsx,40
have a picnic,,,举行野餐；去野餐；吃野餐,5年级下,5,下,人教版一年级起点五年级下.xlsx,41
office,[ˈɒfɪs],[ˈɑːfɪs],n. 办公室；政府机关；官职；营业处,5年级下,5,下,人教版一年级起点五年级下.xlsx,42
together,[təˈɡeðə(r)],[təˈɡeðər],"adj. 新潮的；情绪稳定的，做事有效率的
adv. 一起；同时；相互；连续地；总共",5年级下,5,下,人教版一年级起点五年级下.xlsx,43
special,[ˈspeʃ(ə)l],[ˈspeʃl],"n. 特使，特派人员；特刊；特色菜；专车；特价商品
adj. 特别的；专门的，专用的",5年级下,5,下,人教版一年级起点五年级下.xlsx,44
send an email,,,无,5年级下,5,下,人教版一年级起点五年级下.xlsx,45
write a letter,,,na. 写信,5年级下,5,下,人教版一年级起点五年级下.xlsx,46
make a phone call,,,打电话；打个电话；打电话号码,5年级下,5,下,人教版一年级起点五年级下.xlsx,47
send a short message,,,无,5年级下,5,下,人教版一年级起点五年级下.xlsx,48
mail a present,,,无,5年级下,5,下,人教版一年级起点五年级下.xlsx,49
make a video call,,,无,5年级下,5,下,人教版一年级起点五年级下.xlsx,50
say,[seɪ],[seɪ],"vt. 讲；说明；例如；声称；假设；指明
vi. 讲；表示；念；假定；背诵",5年级下,5,下,人教版一年级起点五年级下.xlsx,51
make a card,,,na. (牌戏)打成一墩,5年级下,5,下,人教版一年级起点五年级下.xlsx,52
everywhere,[ˈevriweə(r)],[ˈevriwer],"n. 每个地方
adv. 到处",5年级下,5,下,人教版一年级起点五年级下.xlsx,53
flower show,,,na. 花卉展览,5年级下,5,下,人教版一年级起点五年级下.xlsx,54
cleaned the window,,,无,5年级下,5,下,人教版一年级起点五年级下.xlsx,55
watched TV,,,无,5年级下,5,下,人教版一年级起点五年级下.xlsx,56
climbed a hill,,,无,5年级下,5,下,人教版一年级起点五年级下.xlsx,57
visited grandparents,,,无,5年级下,5,下,人教版一年级起点五年级下.xlsx,58
danced,,,v. 跳舞( dance的过去式和过去分词 ); 手舞足蹈; 摇晃; 跳跃,5年级下,5,下,人教版一年级起点五年级下.xlsx,59
jumped rope,,,跳绳游戏；跨越横线,5年级下,5,下,人教版一年级起点五年级下.xlsx,60
listened to music,,,无,5年级下,5,下,人教版一年级起点五年级下.xlsx,61
rowed a boat,,,无,5年级下,5,下,人教版一年级起点五年级下.xlsx,62
played computer games,,,无,5年级下,5,下,人教版一年级起点五年级下.xlsx,63
stayed at home,,,无,5年级下,5,下,人教版一年级起点五年级下.xlsx,64
played the piano,,,无,5年级下,5,下,人教版一年级起点五年级下.xlsx,65
played chess,[pleɪ tʃes],[pleɪ tʃes],无,5年级下,5,下,人教版一年级起点五年级下.xlsx,66
washed clothes,,,无,5年级下,5,下,人教版一年级起点五年级下.xlsx,67
boring,[ˈbɔːrɪŋ],[ˈbɔːrɪŋ],"n. 钻孔
adj. 无聊的；令人厌烦的
v. 钻孔；使厌烦；挖空（bore的ing形式）",5年级下,5,下,人教版一年级起点五年级下.xlsx,68
badminton,[ˈbædmɪntən],[ˈbædmɪntən],n. 羽毛球,5年级下,5,下,人教版一年级起点五年级下.xlsx,69
won,[wʌn],[wʌn],vt. 赢得（win的过去式和过去分词）,5年级下,5,下,人教版一年级起点五年级下.xlsx,70
went to the beach,,,无,5年级下,5,下,人教版一年级起点五年级下.xlsx,71
drank cold drinks,,,无,5年级下,5,下,人教版一年级起点五年级下.xlsx,72
swam,[swæm],[swæm],v. 游泳（swim的过去式）,5年级下,5,下,人教版一年级起点五年级下.xlsx,73
ate ice-cream,,,无,5年级下,5,下,人教版一年级起点五年级下.xlsx,74
the Stone Forest,,,无,5年级下,5,下,人教版一年级起点五年级下.xlsx,75
bought some gifts,,,无,5年级下,5,下,人教版一年级起点五年级下.xlsx,76
took photos,,,无,5年级下,5,下,人教版一年级起点五年级下.xlsx,77
saw flowers,,,无,5年级下,5,下,人教版一年级起点五年级下.xlsx,78
slept,[slept],[slept],v. 睡觉（sleep的过去式和过去分词）,5年级下,5,下,人教版一年级起点五年级下.xlsx,79
delicious,[dɪˈlɪʃəs],[dɪˈlɪʃəs],adj. 美味的；可口的,5年级下,5,下,人教版一年级起点五年级下.xlsx,80
felt happy,,,无,5年级下,5,下,人教版一年级起点五年级下.xlsx,81
sad,[sæd],[sæd],adj. 难过的；悲哀的，令人悲痛的；凄惨的，阴郁的（形容颜色）,5年级下,5,下,人教版一年级起点五年级下.xlsx,82
left,[left],[left],"adj. 左边的；左派的；剩下的
adv. 在左面
n. 左边；左派；激进分子
v. 离开（leave的过去式）",5年级下,5,下,人教版一年级起点五年级下.xlsx,83
French fries,[ˈfrentʃ fraɪz],[frentʃ fraɪz],n. 【食】炸薯条,5年级下,5,下,人教版一年级起点五年级下.xlsx,84
were,[wə(r); wɜː(r)],[wər; wɜːr],v. 是，在（are的过去式）,5年级下,5,下,人教版一年级起点五年级下.xlsx,85
was born,,,出生；出生於；出生于,5年级下,5,下,人教版一年级起点五年级下.xlsx,86
started to speak,,,无,5年级下,5,下,人教版一年级起点五年级下.xlsx,87
learned to walk,,,无,5年级下,5,下,人教版一年级起点五年级下.xlsx,88
learned to ride a bike,,,无,5年级下,5,下,人教版一年级起点五年级下.xlsx,89
went to kindergarten,,,无,5年级下,5,下,人教版一年级起点五年级下.xlsx,90
went to school,,,"vbl.到校上课,开始求学",5年级下,5,下,人教版一年级起点五年级下.xlsx,91
learned to swim,,,无,5年级下,5,下,人教版一年级起点五年级下.xlsx,92
fifteenth,[ˌfɪfˈtiːnθ],[ˌfɪfˈtiːnθ],"adj. 第十五的；十五分之一的
num. 第十五",5年级下,5,下,人教版一年级起点五年级下.xlsx,93
15th,,,无,5年级下,5,下,人教版一年级起点五年级下.xlsx,94
started to buy things,,,无,5年级下,5,下,人教版一年级起点五年级下.xlsx,95
started to study English,,,无,5年级下,5,下,人教版一年级起点五年级下.xlsx,96
started to use a computer,,,无,5年级下,5,下,人教版一年级起点五年级下.xlsx,97
all over,,,"adj. 满
n. 全花织物",5年级下,5,下,人教版一年级起点五年级下.xlsx,98
out of,,,prep. 来自；离开,5年级下,5,下,人教版一年级起点五年级下.xlsx,99
into,[ˈɪntə],[ˈɪntə; ˈɪntu; ˈɪntuː],prep. 到…里；深入…之中；成为…状况；进入到…之内,5年级下,5,下,人教版一年级起点五年级下.xlsx,100
chopsticks,[ˈtʃɒpstɪks],[ˈtʃɑːpstɪks],n. 筷子,5年级下,5,下,人教版一年级起点五年级下.xlsx,101
wet,[wet],[wet],"n. 雨天；湿气
adj. [气象][物] 潮湿的；有雨的
vt. 弄湿
vi. 变湿",5年级下,5,下,人教版一年级起点五年级下.xlsx,102
morning tea,,,n. 早茶,6年级上,6,上,人教版一年级起点六年级上.xlsx,2
soup,[suːp],[suːp],"n. 汤，羹；马力
vt. 加速；增加马力",6年级上,6,上,人教版一年级起点六年级上.xlsx,3
garden,[ˈɡɑːdn],[ˈɡɑːrdn],"n. 花园；菜园
vt. 栽培花木
vi. 从事园艺；在园中种植",6年级上,6,上,人教版一年级起点六年级上.xlsx,4
the Potala Palace,,,布达拉宫；中国西藏布达拉宫,6年级上,6,上,人教版一年级起点六年级上.xlsx,5
the Summer Palace,,,颐和园；颐和圆；之颐和园,6年级上,6,上,人教版一年级起点六年级上.xlsx,6
the Terracotta Army,,,无,6年级上,6,上,人教版一年级起点六年级上.xlsx,7
vacation,[veɪˈkeɪʃn; vəˈkeɪʃn],[veɪˈkeɪʃn; vəˈkeɪʃn],"n. 假期；（房屋）搬出
vi. 休假，度假",6年级上,6,上,人教版一年级起点六年级上.xlsx,8
taste,[teɪst],[teɪst],"n. 味道；品味；审美
vt. 尝；体验
vi. 尝起来；有…的味道",6年级上,6,上,人教版一年级起点六年级上.xlsx,9
map,[mæp],[mæp],"vt. 映射；计划；绘制地图；确定基因在染色体中的位置
n. 地图；示意图；染色体图
vi. 基因被安置",6年级上,6,上,人教版一年级起点六年级上.xlsx,10
north,[nɔːθ],[nɔːrθ],"n. 北，北方
adj. 北方的；朝北的
adv. 在北方，向北方",6年级上,6,上,人教版一年级起点六年级上.xlsx,11
south,[saʊθ],[saʊθ],"n. 南方，南边；南部
adj. 南的，南方的
adv. 在南方，向南方",6年级上,6,上,人教版一年级起点六年级上.xlsx,12
east,[iːst],[iːst],"n. 东方；东风；东方国家
adj. 东方的；向东的；从东方来的
adv. 向东方，在东方",6年级上,6,上,人教版一年级起点六年级上.xlsx,13
west,[west],[west],"n. 西；西方；西部
adj. 西方的；朝西的
adv. 在西方；向西方；自西方",6年级上,6,上,人教版一年级起点六年级上.xlsx,14
famous,[ˈfeɪməs],[ˈfeɪməs],adj. 著名的；极好的，非常令人满意的,6年级上,6,上,人教版一年级起点六年级上.xlsx,15
temple,[ˈtemp(ə)l],[ˈtempl],n. 庙宇；寺院；神殿；太阳穴,6年级上,6,上,人教版一年级起点六年级上.xlsx,16
around,[əˈraʊnd],[əˈraʊnd],"prep. 四处；在…周围
adv. 大约；到处；在附近",6年级上,6,上,人教版一年级起点六年级上.xlsx,17
the Yangtze River,,,na. 长江,6年级上,6,上,人教版一年级起点六年级上.xlsx,18
foggy,[ˈfɒɡi],[ˈfɑːɡi],adj. 有雾的；模糊的，朦胧的,6年级上,6,上,人教版一年级起点六年级上.xlsx,19
spicy,[ˈspaɪsi],[ˈspaɪsi],adj. 辛辣的；香的，多香料的；下流的,6年级上,6,上,人教版一年级起点六年级上.xlsx,20
silk,[sɪlk],[sɪlk],"n. 丝绸；蚕丝；丝织物
adj. 丝的；丝绸的；丝制的
vi. （玉米）处于长须的阶段中",6年级上,6,上,人教版一年级起点六年级上.xlsx,21
forest,[ˈfɒrɪst],[ˈfɔːrɪst],"n. 森林
vt. 植树于，使成为森林",6年级上,6,上,人教版一年级起点六年级上.xlsx,22
stone,[stəʊn],[stoʊn],"n. 石头；结石；[宝] 宝石
adj. 石的，石制的
vt. 向扔石块；用石头铺",6年级上,6,上,人教版一年级起点六年级上.xlsx,23
London,[ˈlʌndən],[ˈlʌndən],n. 伦敦,6年级上,6,上,人教版一年级起点六年级上.xlsx,24
Toronto,[təˈrɒntəʊ],[təˈrɑːntoʊ],n. 多伦多（加拿大城市）,6年级上,6,上,人教版一年级起点六年级上.xlsx,25
Sydney,[ˈsɪdni],[ˈsɪdni],n. 悉尼（澳大利亚港市）,6年级上,6,上,人教版一年级起点六年级上.xlsx,26
Washington D.C.,,,华盛顿；华盛顿哥伦比亚特区；华盛顿特区,6年级上,6,上,人教版一年级起点六年级上.xlsx,27
the British Museum,,,大英博物馆；伦敦大英博物馆；不列颠博物馆,6年级上,6,上,人教版一年级起点六年级上.xlsx,28
the CN Tower,,,无,6年级上,6,上,人教版一年级起点六年级上.xlsx,29
kangaroo,[ˌkæŋɡəˈruː],[ˌkæŋɡəˈruː],n. 袋鼠,6年级上,6,上,人教版一年级起点六年级上.xlsx,30
the Opera House,,,悉尼歌剧院；剧院及电影院；大剧院,6年级上,6,上,人教版一年级起点六年级上.xlsx,31
the White House,,,na. 白宫,6年级上,6,上,人教版一年级起点六年级上.xlsx,32
clock,[klɒk],[klɑːk],"n. 时钟；计时器
vt. 记录；记时
vi. 打卡；记录时间",6年级上,6,上,人教版一年级起点六年级上.xlsx,33
speak,[spiːk],[spiːk],"vi. 说话；演讲；表明；陈述
vt. 讲话；发言；讲演",6年级上,6,上,人教版一年级起点六年级上.xlsx,34
French,[frentʃ],[frentʃ],"n. 法国人；法语
adj. 法国的；法语的；法国人的",6年级上,6,上,人教版一年级起点六年级上.xlsx,35
Tower Bridge,,,n. 【旅】塔桥；【旅】伦敦塔桥,6年级上,6,上,人教版一年级起点六年级上.xlsx,36
the London Eye,,,伦敦眼；英航伦敦眼；英国伦敦眼,6年级上,6,上,人教版一年级起点六年级上.xlsx,37
hiking,[ˈhaɪkɪŋ],[ˈhaɪkɪŋ],n. 徒步旅行,6年级上,6,上,人教版一年级起点六年级上.xlsx,38
sunrise,[ˈsʌnraɪz],[ˈsʌnraɪz],n. 日出；黎明,6年级上,6,上,人教版一年级起点六年级上.xlsx,39
president,[ˈprezɪdənt],[ˈprezɪdənt],n. 总统；董事长；校长；主席,6年级上,6,上,人教版一年级起点六年级上.xlsx,40
reptile,[ˈreptaɪl],[ˈreptaɪl; ˈreptl],"n. 爬行动物；卑鄙的人
adj. 爬虫类的；卑鄙的",6年级上,6,上,人教版一年级起点六年级上.xlsx,41
bird,[bɜːd],[bɜːrd],"n. 鸟；家伙；羽毛球
vt. 向…喝倒彩；起哄
vi. 猎鸟；观察研究野鸟",6年级上,6,上,人教版一年级起点六年级上.xlsx,42
fish,[fɪʃ],[fɪʃ],"n. 鱼，鱼类
vt. 钓鱼，捕鱼；搜寻
vi. 捕鱼，钓鱼；用钩捞取",6年级上,6,上,人教版一年级起点六年级上.xlsx,43
mammal,[ˈmæm(ə)l],[ˈmæml],n. [脊椎] 哺乳动物,6年级上,6,上,人教版一年级起点六年级上.xlsx,44
insect,[ˈɪnsekt],[ˈɪnsekt],n. 昆虫；卑鄙的人,6年级上,6,上,人教版一年级起点六年级上.xlsx,45
penguin,[ˈpeŋɡwɪn],[ˈpeŋɡwɪn],n. 企鹅；空军地勤人员,6年级上,6,上,人教版一年级起点六年级上.xlsx,46
shark,[ʃɑːk],[ʃɑːrk],"n. 鲨鱼；骗子
vt. 敲诈
vi. 诈骗",6年级上,6,上,人教版一年级起点六年级上.xlsx,47
whale,[weɪl],[weɪl],"n. 鲸；巨大的东西
vt. 猛揍；使惨败
vi. 捕鲸",6年级上,6,上,人教版一年级起点六年级上.xlsx,48
kind,[kaɪnd],[kaɪnd],"n. 种类；性质
adj. 和蔼的；宽容的；令人感激的",6年级上,6,上,人教版一年级起点六年级上.xlsx,49
metre,[ˈmiːtə(r)],[ˈmiːtər],n. 米；公尺；韵律,6年级上,6,上,人教版一年级起点六年级上.xlsx,50
spend,[spend],[spend],"n. 预算
vt. 度过，消磨（时光）；花费；浪费；用尽
vi. 花钱；用尽，耗尽",6年级上,6,上,人教版一年级起点六年级上.xlsx,51
trunk,[trʌŋk],[trʌŋk],"n. 树干；躯干；象鼻；汽车车尾的行李箱
adj. 干线的；躯干的；箱子的
vt. 把…放入旅行箱内",6年级上,6,上,人教版一年级起点六年级上.xlsx,52
peanut,[ˈpiːnʌt],[ˈpiːnʌt],n. 花生,6年级上,6,上,人教版一年级起点六年级上.xlsx,53
fan,[fæn],[fæn],"n. 迷；风扇；爱好者
vt. 煽动；刺激；吹拂
vi. 成扇形散开；飘动",6年级上,6,上,人教版一年级起点六年级上.xlsx,54
tusk,[tʌsk],[tʌsk],"n. 长牙；尖头，尖形物
vt. 以牙刺戳；以长牙掘",6年级上,6,上,人教版一年级起点六年级上.xlsx,55
Africa,[ˈæfrɪkə],[ˈæfrɪkə],n. 非洲,6年级上,6,上,人教版一年级起点六年级上.xlsx,56
Asia,[ˈeɪʒə],[ˈeɪʒə],n. 亚洲,6年级上,6,上,人教版一年级起点六年级上.xlsx,57
smart,[smɑːt],[smɑːrt],adj. 聪明的；巧妙的；敏捷的；厉害的；潇洒的；剧烈的；时髦的,6年级上,6,上,人教版一年级起点六年级上.xlsx,58
scared,[skeəd],[skerd],"v. 使害怕（scare的过去分词）
adj. 害怕的",6年级上,6,上,人教版一年级起点六年级上.xlsx,59
worried,[ˈwʌrid],[ˈwɜːrid],adj. 担心的,6年级上,6,上,人教版一年级起点六年级上.xlsx,60
angry,[ˈæŋɡri],[ˈæŋɡri],adj. 生气的；愤怒的；狂暴的；（伤口等）发炎的,6年级上,6,上,人教版一年级起点六年级上.xlsx,61
proud,[praʊd],[praʊd],adj. 自豪的；得意的；自负的,6年级上,6,上,人教版一年级起点六年级上.xlsx,62
sad,[sæd],[sæd],adj. 难过的；悲哀的，令人悲痛的；凄惨的，阴郁的（形容颜色）,6年级上,6,上,人教版一年级起点六年级上.xlsx,63
excited,[ɪkˈsaɪtɪd],[ɪkˈsaɪtɪd],"v. 激动；唤起（excite的过去分词）
adj. 兴奋的；激动的；活跃的",6年级上,6,上,人教版一年级起点六年级上.xlsx,64
happy,[ˈhæpi],[ˈhæpi],adj. 幸福的；高兴的；巧妙的,6年级上,6,上,人教版一年级起点六年级上.xlsx,65
ill,[ɪl],[ɪl],"n. 疾病；不幸
adj. 生病的；坏的；邪恶的；不吉利的
adv. 不利地；恶劣地；几乎不",6年级上,6,上,人教版一年级起点六年级上.xlsx,66
win,[wɪn],[wɪn],"n. 赢；胜利
vt. 赢得；在…中获胜；劝诱
vi. 赢；获胜；成功",6年级上,6,上,人教版一年级起点六年级上.xlsx,67
race,[reɪs],[reɪs],"n. 属，种；种族，人种；家庭，门第
vt. 使参加比赛；和…竞赛；使急走，使全速行进
vi. 比速度，参加竞赛；全速行进",6年级上,6,上,人教版一年级起点六年级上.xlsx,68
find,[faɪnd],[faɪnd],"n. 发现
vi. 裁决
vt. 查找，找到；发现；认为；感到；获得",6年级上,6,上,人教版一年级起点六年级上.xlsx,69
cry,[kraɪ],[kraɪ],"n. 叫喊；叫声；口号；呼叫
vi. 哭；叫；喊
vt. 叫喊；哭出；大声说",6年级上,6,上,人教版一年级起点六年级上.xlsx,70
because,[bɪˈkəz],[bɪˈkəz],conj. 因为,6年级上,6,上,人教版一年级起点六年级上.xlsx,71
test,[test],[test],"n. 试验；检验
vt. 试验；测试
vi. 试验；测试",6年级上,6,上,人教版一年级起点六年级上.xlsx,72
competition,[ˌkɒmpəˈtɪʃn],[ˌkɑːmpəˈtɪʃn],n. 竞争；比赛，竞赛,6年级上,6,上,人教版一年级起点六年级上.xlsx,73
hurt,[hɜːt],[hɜːrt],"n. 痛苦；危害；痛苦的原因
vt. 使受伤；损害；使疼痛；使痛心
adj. 受伤的；痛苦的；受损的
vi. 感到疼痛；有坏处；带来痛苦",6年级上,6,上,人教版一年级起点六年级上.xlsx,74
inventor,[ɪnˈventə(r)],[ɪnˈventər],n. 发明家；[专利] 发明人；创造者,6年级上,6,上,人教版一年级起点六年级上.xlsx,75
artist,[ˈɑːtɪst],[ˈɑːrtɪst],n. 艺术家；美术家（尤指画家）；大师,6年级上,6,上,人教版一年级起点六年级上.xlsx,76
scientist,[ˈsaɪəntɪst],[ˈsaɪəntɪst],n. 科学家,6年级上,6,上,人教版一年级起点六年级上.xlsx,77
poet,[ˈpəʊɪt],[ˈpoʊət],n. 诗人,6年级上,6,上,人教版一年级起点六年级上.xlsx,78
writer,[ˈraɪtə(r)],[ˈraɪtər],n. 作家；作者,6年级上,6,上,人教版一年级起点六年级上.xlsx,79
American,[əˈmerɪkən],[əˈmerɪkən],"n. 美国人，美洲人；美国英语
adj. 美国的，美洲的；地道美国式的",6年级上,6,上,人教版一年级起点六年级上.xlsx,80
French,[frentʃ],[frentʃ],"n. 法国人；法语
adj. 法国的；法语的；法国人的",6年级上,6,上,人教版一年级起点六年级上.xlsx,81
Danish,[ˈdeɪnɪʃ],[ˈdeɪnɪʃ],"n. 丹麦语
adj. 丹麦的；丹麦人的；丹麦语（文）的",6年级上,6,上,人教版一年级起点六年级上.xlsx,82
poem,[ˈpəʊɪm],[ˈpoʊəm],n. 诗,6年级上,6,上,人教版一年级起点六年级上.xlsx,83
paint,[peɪnt],[peɪnt],"vt. 油漆；绘画；装饰；涂色于；描绘；（用语言，文字等）描写；擦脂粉等
vi. 油漆；描绘；绘画；化妆
n. 油漆；颜料，涂料；绘画作品；胭脂等化妆品；色彩，装饰",6年级上,6,上,人教版一年级起点六年级上.xlsx,84
invention,[ɪnˈvenʃn],[ɪnˈvenʃn],n. 发明；发明物；虚构；发明才能,6年级上,6,上,人教版一年级起点六年级上.xlsx,85
invent,[ɪnˈvent],[ɪnˈvent],vt. 发明；创造；虚构,6年级上,6,上,人教版一年级起点六年级上.xlsx,86
study,[ˈstʌdi],[ˈstʌdi],"n. 学习，研究；课题；书房；学问
vt. 学习；考虑；攻读；细察
vi. 研究；用功",6年级上,6,上,人教版一年级起点六年级上.xlsx,87
story,[ˈstɔːri],[ˈstɔːri],"n. 故事；小说；新闻报道；来历；假话
vt. 用历史故事画装饰
vi. 说谎",6年级上,6,上,人教版一年级起点六年级上.xlsx,88
university,[ˌjuːnɪˈvɜːsəti],[ˌjuːnɪˈvɜːrsəti],n. 大学；综合性大学；大学校舍,6年级上,6,上,人教版一年级起点六年级上.xlsx,89
deaf,[def],[def],adj. 聋的,6年级上,6,上,人教版一年级起点六年级上.xlsx,90
blind,[blaɪnd],[blaɪnd],"n. 掩饰，借口；百叶窗
adj. 盲目的；瞎的
vt. 使失明；使失去理智
adv. 盲目地；看不见地",6年级上,6,上,人教版一年级起点六年级上.xlsx,91
fall,[fɔːl],[fɔːl],"n. 下降；秋天；瀑布
adj. 秋天的
vi. 落下；变成；来临；减弱
vt. 砍倒；击倒",6年级上,6,上,人教版一年级起点六年级上.xlsx,92
dumpling,[ˈdʌmplɪŋ],[ˈdʌmplɪŋ],n. 饺子，汤团；面团布丁,6年级上,6,上,人教版一年级起点六年级上.xlsx,93
fan,[fæn],[fæn],"n. 迷；风扇；爱好者
vt. 煽动；刺激；吹拂
vi. 成扇形散开；飘动",6年级上,6,上,人教版一年级起点六年级上.xlsx,94
ice lantern,,,无,6年级上,6,上,人教版一年级起点六年级上.xlsx,95
bring,[brɪŋ],[brɪŋ],vt. 带来；促使；引起；使某人处于某种情况或境地,6年级上,6,上,人教版一年级起点六年级上.xlsx,96
be afraid of,,,na. 怕,6年级上,6,上,人教版一年级起点六年级上.xlsx,97
hear,[hɪə(r)],[hɪr],"vi. 听；听见
vt. 听到，听；听说；审理",6年级上,6,上,人教版一年级起点六年级上.xlsx,98
pen pal,[ˈpen pæl],[ˈpen pæl],"abbr. (=pen-friend)
n. 笔友",6年级上,6,上,人教版一年级起点六年级上.xlsx,99
broken,[ˈbrəʊkən],[ˈbroʊkən],"v. 折断；打碎；损坏（break的过去分词）
adj. 破碎的；坏掉的",6年级上,6,上,人教版一年级起点六年级上.xlsx,100
pity,[ˈpɪti],[ˈpɪti],"n. 怜悯，同情；遗憾
vt. 对……表示怜悯；对……感到同情",6年级上,6,上,人教版一年级起点六年级上.xlsx,101
prize,[praɪz],[praɪz],"n. 奖品；奖赏；战利品
adj. 获奖的
vt. 珍视；捕获；估价",6年级上,6,上,人教版一年级起点六年级上.xlsx,102
look forward to,,,na. 盼望,6年级上,6,上,人教版一年级起点六年级上.xlsx,103
live,[lɪv; laɪv],[lɪv; laɪv],"adj. 活的；生动的；实况转播的；精力充沛的
vt. 经历；度过
vi. 活；居住；生存",6年级下,6,下,人教版一年级起点六年级下.xlsx,2
quite,[kwaɪt],[kwaɪt],adv. 很；相当；完全,6年级下,6,下,人教版一年级起点六年级下.xlsx,3
scarf,[skɑːf],[skɑːrf],"n. 围巾；嵌接，嵌接处；头巾领巾
vt. 披嵌接；用围巾围",6年级下,6,下,人教版一年级起点六年级下.xlsx,4
airport,[ˈeəpɔːt],[ˈerpɔːrt],n. 机场；航空站,6年级下,6,下,人教版一年级起点六年级下.xlsx,5
pupil,[ˈpjuːp(ə)l],[ˈpjuːpl],n. 学生；[解剖] 瞳孔；未成年人,6年级下,6,下,人教版一年级起点六年级下.xlsx,6
arrive,[əˈraɪv],[əˈraɪv],vi. 到达；成功；达成；出生,6年级下,6,下,人教版一年级起点六年级下.xlsx,7
meet,[miːt],[miːt],"vt. 满足；遇见；对付
vi. 相遇；接触
n. 集会
adj. 合适的；适宜的",6年级下,6,下,人教版一年级起点六年级下.xlsx,8
wardrobe,[ˈwɔːdrəʊb],[ˈwɔːrdroʊb],n. 衣柜；行头；全部戏装,6年级下,6,下,人教版一年级起点六年级下.xlsx,9
show ... around,,,v. 带…参观,6年级下,6,下,人教版一年级起点六年级下.xlsx,10
Queen's Park,,,皇后公园；女王公园；女王公园酒店,6年级下,6,下,人教版一年级起点六年级下.xlsx,11
art gallery,,,n. 美术馆；艺术展览馆,6年级下,6,下,人教版一年级起点六年级下.xlsx,12
public library,,,na. 公立[公共]图书馆,6年级下,6,下,人教版一年级起点六年级下.xlsx,13
downtown,[ˌdaʊnˈtaʊn],[ˌdaʊnˈtaʊn],"n. 市中心区；三分线以外
adj. 市中心的
adv. 往闹市区；在市区",6年级下,6,下,人教版一年级起点六年级下.xlsx,14
Lake Ontario,,,n. 安大略湖,6年级下,6,下,人教版一年级起点六年级下.xlsx,15
stadium,[ˈsteɪdiəm],[ˈsteɪdiəm],n. 体育场；露天大型运动场,6年级下,6,下,人教版一年级起点六年级下.xlsx,16
volunteer,[ˌvɒlənˈtɪə(r)],[ˌvɑːlənˈtɪr],"n. 志愿者；志愿兵
adj. 志愿的
vt. 自愿
vi. 自愿",6年级下,6,下,人教版一年级起点六年级下.xlsx,17
sandwich,[ˈsænwɪtʃ; ˈsænwɪdʒ],[ˈsænwɪtʃ; ˈsænwɪdʒ],"n. 三明治；夹心面包
vt. 夹入；挤进；把...做成三明治",6年级下,6,下,人教版一年级起点六年级下.xlsx,18
top,[tɒp],[tɑːp],"n. 顶部，顶端；上部；首席；陀螺
adj. 最高的，顶上的；头等的
vt. 超越，超过；给…加盖；达到…的顶端
vi. 高出，超越；结束；达到顶点",6年级下,6,下,人教版一年级起点六年级下.xlsx,19
habit,[ˈhæbɪt],[ˈhæbɪt],"n. 习惯，习性；嗜好
vt. 使穿衣",6年级下,6,下,人教版一年级起点六年级下.xlsx,20
idea,[aɪˈdɪə],[aɪˈdiːə],n. 想法；主意；概念,6年级下,6,下,人教版一年级起点六年级下.xlsx,21
less,[les],[les],"adv. 较少地；较小地；更小地
adj. 较少的；较小的
prep. 减去
n. 较少；较小",6年级下,6,下,人教版一年级起点六年级下.xlsx,22
at least,,,na. 至少,6年级下,6,下,人教版一年级起点六年级下.xlsx,23
talk about,,,na. 讲(某事),6年级下,6,下,人教版一年级起点六年级下.xlsx,24
hockey,[ˈhɒki],[ˈhɑːki],n. 曲棍球；冰球,6年级下,6,下,人教版一年级起点六年级下.xlsx,25
together,[təˈɡeðə(r)],[təˈɡeðər],"adj. 新潮的；情绪稳定的，做事有效率的
adv. 一起；同时；相互；连续地；总共",6年级下,6,下,人教版一年级起点六年级下.xlsx,26
special,[ˈspeʃ(ə)l],[ˈspeʃl],"n. 特使，特派人员；特刊；特色菜；专车；特价商品
adj. 特别的；专门的，专用的",6年级下,6,下,人教版一年级起点六年级下.xlsx,27
beaver,[ˈbiːvə(r)],[ˈbiːvər],n. 海狸；海狸皮毛,6年级下,6,下,人教版一年级起点六年级下.xlsx,28
raccoon,[rəˈkuːn],[ræˈkuːn],n. 浣熊；浣熊毛皮,6年级下,6,下,人教版一年级起点六年级下.xlsx,29
moose,[muːs],[muːs],"n. [脊椎] 驼鹿；麋
[ 复数 moose ]",6年级下,6,下,人教版一年级起点六年级下.xlsx,30
countryside,[ˈkʌntrisaɪd],[ˈkʌntrisaɪd],n. 农村，乡下；乡下的全体居民,6年级下,6,下,人教版一年级起点六年级下.xlsx,31
Thanksgiving,,,n. 感恩,6年级下,6,下,人教版一年级起点六年级下.xlsx,32
roast turkey,,,n. 【食】烤火鸡,6年级下,6,下,人教版一年级起点六年级下.xlsx,33
squirrel,[ˈskwɪrəl],[ˈskwɜːrəl],"n. 松鼠；松鼠毛皮
vt. 贮藏",6年级下,6,下,人教版一年级起点六年级下.xlsx,34
swan,[swɒn],[swɑːn],"n. 天鹅；天鹅星座
vi. 游荡，闲荡",6年级下,6,下,人教版一年级起点六年级下.xlsx,35
wild goose,,,na. 【鸟】雁,6年级下,6,下,人教版一年级起点六年级下.xlsx,36
frog,[frɒɡ],[frɑːɡ],"n. 青蛙；[铁路] 辙叉；饰扣
vi. 捕蛙",6年级下,6,下,人教版一年级起点六年级下.xlsx,37
English-Chinese dictionary,,,英汉字典；辞典；氏英字典,6年级下,6,下,人教版一年级起点六年级下.xlsx,38
shopping centre,,,n. 购物中心（集中一批商店，有时在同一建筑物内）,6年级下,6,下,人教版一年级起点六年级下.xlsx,39
shopping mall,,,un. 商业区林荫路,6年级下,6,下,人教版一年级起点六年级下.xlsx,40
amazing,[əˈmeɪzɪŋ],[əˈmeɪzɪŋ],"adj. 令人惊异的
v. 使吃惊（amaze的ing形式）",6年级下,6,下,人教版一年级起点六年级下.xlsx,41
hot pot,,,na. 〈英〉马铃薯炖牛[羊]肉,6年级下,6,下,人教版一年级起点六年级下.xlsx,42
