NoteID,CanonicalWord,Word,British,American,MeaningPrimary,ExampleSentence,ExampleTranslation,LearnerLevel,Sources,SourceBooks,Tags
KV000175,cool,cool,[kuːl],[kuːl],凉爽的,It is cool enough to walk outside this evening.,今晚天气很凉爽，适合出去走走。,4,rj_start1,rj_start1::2年级下|rj_start1::5年级上,learner::klose::level::4 learner::klose::released source::rj_start1 source::rj_start1::grade::2 source::rj_start1::grade::2::下 source::rj_start1::grade::5 source::rj_start1::grade::5::上
KV000196,go to bed,go to bed,,,上床睡觉,I go to bed at nine.,我九点上床睡觉。,4,rj_start1,rj_start1::2年级下|rj_start1::5年级下,learner::klose::level::4 learner::klose::released source::rj_start1 source::rj_start1::grade::2 source::rj_start1::grade::2::下 source::rj_start1::grade::5 source::rj_start1::grade::5::下
KV000278,birthday,birthday,[ˈbɜːθdeɪ],[ˈbɜːrθdeɪ],生日,"My birthday is in May, so I like spring.",我的生日在五月，所以我喜欢春天。,4,rj_start1,rj_start1::3年级上|rj_start1::5年级下,learner::klose::level::4 learner::klose::released source::rj_start1 source::rj_start1::grade::3 source::rj_start1::grade::3::上 source::rj_start1::grade::5 source::rj_start1::grade::5::下
KV000280,party,party,[ˈpɑːti],[ˈpɑːrti],聚会；派对,We have a birthday party.,我们举办生日聚会。,4,rj_start1,rj_start1::3年级上|rj_start1::5年级上,learner::klose::level::4 learner::klose::released source::rj_start1 source::rj_start1::grade::3 source::rj_start1::grade::3::上 source::rj_start1::grade::5 source::rj_start1::grade::5::上
KV000281,delicious,delicious,[dɪˈlɪʃəs],[dɪˈlɪʃəs],美味的；好吃的,The cake is delicious.,蛋糕很好吃。,4,rj_start1,rj_start1::3年级上|rj_start1::5年级下,learner::klose::level::4 learner::klose::released source::rj_start1 source::rj_start1::grade::3 source::rj_start1::grade::3::上 source::rj_start1::grade::5 source::rj_start1::grade::5::下
KV000363,always,always,[ˈɔːlweɪz],[ˈɔːlweɪz],总是,I always get up at seven.,我总是七点起床。,4,rj_start1,rj_start1::4年级上|rj_start1::5年级下,learner::klose::level::4 learner::klose::released source::rj_start1 source::rj_start1::grade::4 source::rj_start1::grade::4::上 source::rj_start1::grade::5 source::rj_start1::grade::5::下
KV000367,dirty,dirty,[ˈdɜːti],[ˈdɜːrti],脏的,My shoes are dirty.,我的鞋脏了。,4,rj_start1,rj_start1::4年级上|rj_start1::5年级下,learner::klose::level::4 learner::klose::released source::rj_start1 source::rj_start1::grade::4 source::rj_start1::grade::4::上 source::rj_start1::grade::5 source::rj_start1::grade::5::下
KV000404,please,please,[pliːz],[pliːz],请,Please give me the paper.,请把纸给我。,4,rj_start1,rj_start1::4年级上|rj_start1::5年级上,learner::klose::level::4 learner::klose::released source::rj_start1 source::rj_start1::grade::4 source::rj_start1::grade::4::上 source::rj_start1::grade::5 source::rj_start1::grade::5::上
KV000432,great,great,[ɡreɪt],[ɡreɪt],很棒的；伟大的,That is a great job.,那是一份很棒的工作。,4,rj_start1,rj_start1::4年级上|rj_start1::5年级上,learner::klose::level::4 learner::klose::released source::rj_start1 source::rj_start1::grade::4 source::rj_start1::grade::4::上 source::rj_start1::grade::5 source::rj_start1::grade::5::上
KV000436,teach,teach,[tiːtʃ],[tiːtʃ],教,Teachers teach children.,老师教孩子们。,4,rj_start1,rj_start1::4年级上|rj_start1::5年级上,learner::klose::level::4 learner::klose::released source::rj_start1 source::rj_start1::grade::4 source::rj_start1::grade::4::上 source::rj_start1::grade::5 source::rj_start1::grade::5::上
KV000456,before,before,[bɪˈfɔː(r)],[bɪˈfɔːr],在……之前,I get up before seven.,我七点前起床。,4,rj_start1,rj_start1::4年级下|rj_start1::5年级下,learner::klose::level::4 learner::klose::released source::rj_start1 source::rj_start1::grade::4 source::rj_start1::grade::4::下 source::rj_start1::grade::5 source::rj_start1::grade::5::下
KV000517,cute,cute,[kjuːt],[kjuːt],可爱的,The koala is very cute.,考拉非常可爱。,4,rj_start1,rj_start1::4年级下|rj_start1::5年级上,learner::klose::level::4 learner::klose::released source::rj_start1 source::rj_start1::grade::4 source::rj_start1::grade::4::下 source::rj_start1::grade::5 source::rj_start1::grade::5::上
KV000519,clever,clever,[ˈklevə(r)],[ˈklevər],聪明的,She is clever and helpful.,她聪明又乐于助人。,4,rj_start1,rj_start1::5年级上,learner::klose::level::4 source::rj_start1 source::rj_start1::grade::5 source::rj_start1::grade::5::上
KV000520,careless,careless,[ˈkeələs],[ˈkerləs],粗心的,Don't be careless with your homework.,做作业不要粗心。,4,rj_start1,rj_start1::5年级上,learner::klose::level::4 source::rj_start1 source::rj_start1::grade::5 source::rj_start1::grade::5::上
KV000521,polite,polite,[pəˈlaɪt],[pəˈlaɪt],有礼貌的,The boy is polite to everyone.,这个男孩对每个人都很有礼貌。,4,rj_start1,rj_start1::5年级上,learner::klose::level::4 source::rj_start1 source::rj_start1::grade::5 source::rj_start1::grade::5::上
KV000522,quiet,quiet,[ˈkwaɪət],[ˈkwaɪət],安静的；文静的,She is quiet in class.,她在课堂上很安静。,4,rj_start1,rj_start1::5年级上,learner::klose::level::4 source::rj_start1 source::rj_start1::grade::5 source::rj_start1::grade::5::上
KV000523,friendly,friendly,[ˈfrendli],[ˈfrendli],友好的,Our new teacher is friendly.,我们的新老师很友好。,4,rj_start1,rj_start1::5年级上,learner::klose::level::4 source::rj_start1 source::rj_start1::grade::5 source::rj_start1::grade::5::上
KV000524,helpful,helpful,[ˈhelpfl],[ˈhelpfl],乐于助人的；有帮助的,He is always helpful at home.,他在家总是乐于帮忙。,4,rj_start1,rj_start1::5年级上,learner::klose::level::4 source::rj_start1 source::rj_start1::grade::5 source::rj_start1::grade::5::上
KV000525,active,active,[ˈæktɪv],[ˈæktɪv],活跃的；积极的,She is active in class.,她在课堂上很活跃。,4,rj_start1,rj_start1::5年级上,learner::klose::level::4 source::rj_start1 source::rj_start1::grade::5 source::rj_start1::grade::5::上
KV000526,popular,popular,[ˈpɒpjələ(r)],[ˈpɑːpjələr],受欢迎的,He is popular at school.,他在学校很受欢迎。,4,rj_start1,rj_start1::5年级上,learner::klose::level::4 source::rj_start1 source::rj_start1::grade::5 source::rj_start1::grade::5::上
KV000527,talk,talk,[tɔːk],[tɔːk],交谈；说话,We often talk after school.,我们经常放学后聊天。,4,rj_start1,rj_start1::5年级上,learner::klose::level::4 source::rj_start1 source::rj_start1::grade::5 source::rj_start1::grade::5::上
KV000528,all,all,[ɔːl],[ɔːl],全部；所有,All the children are here.,所有孩子都在这里。,4,rj_start1,rj_start1::5年级上,learner::klose::level::4 source::rj_start1 source::rj_start1::grade::5 source::rj_start1::grade::5::上
KV000529,but,but,[bət],[bət; bʌt],但是,He is young but tall.,他很年轻但是个子高。,4,rj_start1,rj_start1::5年级上,learner::klose::level::4 source::rj_start1 source::rj_start1::grade::5 source::rj_start1::grade::5::上
KV000530,sometimes,sometimes,[ˈsʌmtaɪmz],[ˈsʌmtaɪmz],有时,I sometimes go to the library.,我有时去图书馆。,4,rj_start1,rj_start1::5年级上,learner::klose::level::4 source::rj_start1 source::rj_start1::grade::5 source::rj_start1::grade::5::上
KV000531,bark,bark,[bɑːk],[bɑːrk],狗叫；吠,The dog barks at night.,狗在晚上叫。,4,rj_start1,rj_start1::5年级上,learner::klose::level::4 source::rj_start1 source::rj_start1::grade::5 source::rj_start1::grade::5::上
KV000532,forget,forget,[fəˈɡet],[fərˈɡet],忘记,Don't forget your schoolbag.,别忘了你的书包。,4,rj_start1,rj_start1::5年级上,learner::klose::level::4 source::rj_start1 source::rj_start1::grade::5 source::rj_start1::grade::5::上
KV000533,with,with,[wɪð],[wɪð; wɪθ],和；跟；带有,I play with my friends.,我和朋友一起玩。,4,rj_start1,rj_start1::5年级上,learner::klose::level::4 source::rj_start1 source::rj_start1::grade::5 source::rj_start1::grade::5::上
KV000534,wear glasses,wear glasses,,,戴眼镜,My teacher wears glasses.,我的老师戴眼镜。,4,rj_start1,rj_start1::5年级上,learner::klose::level::4 source::rj_start1 source::rj_start1::grade::5 source::rj_start1::grade::5::上
KV000535,slim,slim,[slɪm],[slɪm],苗条的,My sister is tall and slim.,我姐姐高而苗条。,4,rj_start1,rj_start1::5年级上,learner::klose::level::4 source::rj_start1 source::rj_start1::grade::5 source::rj_start1::grade::5::上
KV000536,curly,curly,[ˈkɜːli],[ˈkɜːrli],卷曲的,She has curly hair.,她有卷发。,4,rj_start1,rj_start1::5年级上,learner::klose::level::4 source::rj_start1 source::rj_start1::grade::5 source::rj_start1::grade::5::上
KV000537,straight,straight,[streɪt],[streɪt],直的,She has long straight hair.,她有长直发。,4,rj_start1,rj_start1::5年级上,learner::klose::level::4 source::rj_start1 source::rj_start1::grade::5 source::rj_start1::grade::5::上
KV000538,nice,nice,[naɪs],[naɪs],友好的；好的,Our new classmate is very nice.,我们的新同学很好。,4,rj_start1,rj_start1::5年级上,learner::klose::level::4 source::rj_start1 source::rj_start1::grade::5 source::rj_start1::grade::5::上
KV000539,young,young,[jʌŋ],[jʌŋ],年轻的,Our English teacher is young.,我们的英语老师很年轻。,4,rj_start1,rj_start1::5年级上,learner::klose::level::4 source::rj_start1 source::rj_start1::grade::5 source::rj_start1::grade::5::上
KV000540,guess,guess,[ɡes],[ɡes],猜；猜测,Can you guess his name?,你能猜出他的名字吗？,4,rj_start1,rj_start1::5年级上,learner::klose::level::4 source::rj_start1 source::rj_start1::grade::5 source::rj_start1::grade::5::上
KV000541,has,has,[həz],[həz; əz; hæz],有（have的第三人称单数）,The panda has black ears.,熊猫有黑色的耳朵。,4,rj_start1,rj_start1::5年级上,learner::klose::level::4 source::rj_start1 source::rj_start1::grade::5 source::rj_start1::grade::5::上
KV000542,animal,animal,[ˈænɪm(ə)l],[ˈænɪm(ə)l],动物,My favourite animal is the panda.,我最喜欢的动物是熊猫。,4,rj_start1,rj_start1::5年级上,learner::klose::level::4 source::rj_start1 source::rj_start1::grade::5 source::rj_start1::grade::5::上
KV000543,elephant,elephant,[ˈelɪfənt],[ˈelɪfənt],大象,The elephant is big.,大象很大。,4,rj_start1,rj_start1::5年级上,learner::klose::level::4 source::rj_start1 source::rj_start1::grade::5 source::rj_start1::grade::5::上
KV000544,panda,panda,[ˈpændə],[ˈpændə],熊猫,The panda is black.,熊猫是黑色的。,4,rj_start1,rj_start1::5年级上,learner::klose::level::4 source::rj_start1 source::rj_start1::grade::5 source::rj_start1::grade::5::上
KV000545,horse,horse,[hɔːs],[hɔːrs],马,The horse can run fast.,马跑得很快。,4,rj_start1,rj_start1::5年级上,learner::klose::level::4 source::rj_start1 source::rj_start1::grade::5 source::rj_start1::grade::5::上
KV000546,cow,cow,[kaʊ],[kaʊ],奶牛；母牛,The cow lives on a farm.,奶牛生活在农场。,4,rj_start1,rj_start1::5年级上,learner::klose::level::4 source::rj_start1 source::rj_start1::grade::5 source::rj_start1::grade::5::上
KV000547,pig,pig,[pɪɡ],[pɪɡ],猪,The pig lives on a farm.,猪生活在农场。,4,rj_start1,rj_start1::5年级上,learner::klose::level::4 source::rj_start1 source::rj_start1::grade::5 source::rj_start1::grade::5::上
KV000548,sheep,sheep,[ʃiːp],[ʃiːp],绵羊；羊,The sheep is on the farm.,绵羊在农场里。,4,rj_start1,rj_start1::5年级上,learner::klose::level::4 source::rj_start1 source::rj_start1::grade::5 source::rj_start1::grade::5::上
KV000549,bee,bee,[biː],[biː],蜜蜂,A bee can fly.,蜜蜂会飞。,4,rj_start1,rj_start1::5年级上,learner::klose::level::4 source::rj_start1 source::rj_start1::grade::5 source::rj_start1::grade::5::上
KV000550,farm,farm,[fɑːm],[fɑːrm],农场,There are many animals on the farm.,农场里有许多动物。,4,rj_start1,rj_start1::5年级上,learner::klose::level::4 source::rj_start1 source::rj_start1::grade::5 source::rj_start1::grade::5::上
KV000551,fast,fast,[fɑːst],[fæst],快的；快速地,The horse can run fast.,马能跑得很快。,4,rj_start1,rj_start1::5年级上,learner::klose::level::4 source::rj_start1 source::rj_start1::grade::5 source::rj_start1::grade::5::上
KV000552,why,why,[waɪ],[waɪ],为什么,Why do you like pandas?,你为什么喜欢熊猫？,4,rj_start1,rj_start1::5年级上,learner::klose::level::4 source::rj_start1 source::rj_start1::grade::5 source::rj_start1::grade::5::上
KV000553,lovely,lovely,[ˈlʌvli],[ˈlʌvli],可爱的；讨人喜欢的,The little panda is lovely.,小熊猫很可爱。,4,rj_start1,rj_start1::5年级上,learner::klose::level::4 source::rj_start1 source::rj_start1::grade::5 source::rj_start1::grade::5::上
KV000554,butterfly,butterfly,[ˈbʌtəflaɪ],[ˈbʌtərflaɪ],蝴蝶,The butterfly is beautiful.,蝴蝶很漂亮。,4,rj_start1,rj_start1::5年级上,learner::klose::level::4 source::rj_start1 source::rj_start1::grade::5 source::rj_start1::grade::5::上
KV000555,exercise book,exercise book,,,练习本,I need a new exercise book.,我需要一本新练习本。,4,rj_start1,rj_start1::5年级上,learner::klose::level::4 source::rj_start1 source::rj_start1::grade::5 source::rj_start1::grade::5::上
KV000556,pencil sharpener,pencil sharpener,,,卷笔刀,I need a pencil sharpener.,我需要一个卷笔刀。,4,rj_start1,rj_start1::5年级上,learner::klose::level::4 source::rj_start1 source::rj_start1::grade::5 source::rj_start1::grade::5::上
KV000557,a pair of scissors,a pair of scissors,,,一把剪刀,I need a pair of scissors.,我需要一把剪刀。,4,rj_start1,rj_start1::5年级上,learner::klose::level::4 source::rj_start1 source::rj_start1::grade::5 source::rj_start1::grade::5::上
KV000558,pencil box,pencil box,,,铅笔盒,My pencils are in the pencil box.,我的铅笔在铅笔盒里。,4,rj_start1,rj_start1::5年级上,learner::klose::level::4 source::rj_start1 source::rj_start1::grade::5 source::rj_start1::grade::5::上
KV000559,a box of crayons,a box of crayons,,,一盒蜡笔,I want a box of crayons.,我想要一盒蜡笔。,4,rj_start1,rj_start1::5年级上,learner::klose::level::4 source::rj_start1 source::rj_start1::grade::5 source::rj_start1::grade::5::上
KV000560,only,only,[ˈəʊnli],[ˈoʊnli],只；仅仅,I only need one pencil.,我只需要一支铅笔。,4,rj_start1,rj_start1::5年级上,learner::klose::level::4 source::rj_start1 source::rj_start1::grade::5 source::rj_start1::grade::5::上
KV000561,also,also,[ˈɔːlsəʊ],[ˈɔːlsoʊ],也；还,I also need an eraser.,我还需要一块橡皮。,4,rj_start1,rj_start1::5年级上,learner::klose::level::4 source::rj_start1 source::rj_start1::grade::5 source::rj_start1::grade::5::上
KV000562,saleswoman,saleswoman,[ˈseɪlzwʊmən],[ˈseɪlzwʊmən],女售货员,The saleswoman is very helpful.,女售货员很热心。,4,rj_start1,rj_start1::5年级上,learner::klose::level::4 source::rj_start1 source::rj_start1::grade::5 source::rj_start1::grade::5::上
KV000563,love,love,[lʌv],[lʌv],喜爱；爱,I love this new pencil box.,我很喜欢这个新铅笔盒。,4,rj_start1,rj_start1::5年级上,learner::klose::level::4 source::rj_start1 source::rj_start1::grade::5 source::rj_start1::grade::5::上
KV000564,how much,how much,[haʊ mʌtʃ],[haʊ mʌtʃ],多少钱,How much is this pencil box?,这个铅笔盒多少钱？,4,rj_start1,rj_start1::5年级上,learner::klose::level::4 source::rj_start1 source::rj_start1::grade::5 source::rj_start1::grade::5::上
KV000565,a lot,a lot,,,很多；非常,Thanks a lot for your help.,非常感谢你的帮助。,4,rj_start1,rj_start1::5年级上,learner::klose::level::4 source::rj_start1 source::rj_start1::grade::5 source::rj_start1::grade::5::上
KV000566,wonderful,wonderful,[ˈwʌndəf(ə)l],[ˈwʌndərf(ə)l],精彩的；极好的,The cartoon is wonderful.,这部动画片很精彩。,4,rj_start1,rj_start1::5年级上,learner::klose::level::4 source::rj_start1 source::rj_start1::grade::5 source::rj_start1::grade::5::上
KV000567,fantastic,fantastic,[fænˈtæstɪk],[fænˈtæstɪk],极好的；非常棒的,The nature show is fantastic.,这个自然节目非常棒。,4,rj_start1,rj_start1::5年级上,learner::klose::level::4 source::rj_start1 source::rj_start1::grade::5 source::rj_start1::grade::5::上
KV000568,cartoons,cartoons,[kɑːˈtuːnz],[kɑrˈtʊn],动画片；卡通片,I like watching cartoons.,我喜欢看动画片。,4,rj_start1,rj_start1::5年级上,learner::klose::level::4 source::rj_start1 source::rj_start1::grade::5 source::rj_start1::grade::5::上
KV000569,news shows,news shows,,,新闻节目,My father watches news shows.,我爸爸看新闻节目。,4,rj_start1,rj_start1::5年级上,learner::klose::level::4 source::rj_start1 source::rj_start1::grade::5 source::rj_start1::grade::5::上
KV000570,nature shows,nature shows,,,自然节目,I like nature shows about animals.,我喜欢关于动物的自然节目。,4,rj_start1,rj_start1::5年级上,learner::klose::level::4 source::rj_start1 source::rj_start1::grade::5 source::rj_start1::grade::5::上
KV000571,chore,chore,[tʃɔː(r)],[tʃɔːr],家务；杂务,I do a chore every day.,我每天做一项家务。,4,rj_start1,rj_start1::5年级上,learner::klose::level::4 source::rj_start1 source::rj_start1::grade::5 source::rj_start1::grade::5::上
KV000572,clean the room,clean the room,,,打扫房间,I clean the room on Saturday.,我星期六打扫房间。,4,rj_start1,rj_start1::5年级上,learner::klose::level::4 source::rj_start1 source::rj_start1::grade::5 source::rj_start1::grade::5::上
KV000573,make the bed,make the bed,,,整理床铺；铺床,I make the bed every morning.,我每天早上整理床铺。,4,rj_start1,rj_start1::5年级上,learner::klose::level::4 source::rj_start1 source::rj_start1::grade::5 source::rj_start1::grade::5::上
KV000574,take out the rubbish,take out the rubbish,,,倒垃圾；把垃圾拿出去,I take out the rubbish after dinner.,我晚饭后倒垃圾。,4,rj_start1,rj_start1::5年级上,learner::klose::level::4 source::rj_start1 source::rj_start1::grade::5 source::rj_start1::grade::5::上
KV000575,wash clothes,wash clothes,,,洗衣服,I help Mum wash clothes.,我帮妈妈洗衣服。,4,rj_start1,rj_start1::5年级上,learner::klose::level::4 source::rj_start1 source::rj_start1::grade::5 source::rj_start1::grade::5::上
KV000576,tidy the desk,tidy the desk,,,整理书桌,I tidy the desk after homework.,我做完作业后整理书桌。,4,rj_start1,rj_start1::5年级上,learner::klose::level::4 source::rj_start1 source::rj_start1::grade::5 source::rj_start1::grade::5::上
KV000577,sweep the floor,sweep the floor,,,扫地,I sweep the floor on Sunday.,我星期日扫地。,4,rj_start1,rj_start1::5年级上,learner::klose::level::4 source::rj_start1 source::rj_start1::grade::5 source::rj_start1::grade::5::上
KV000578,call,call,[kɔːl],[kɔːl],打电话；呼叫,I call my grandmother on Sunday.,我星期日给奶奶打电话。,4,rj_start1,rj_start1::5年级上,learner::klose::level::4 source::rj_start1 source::rj_start1::grade::5 source::rj_start1::grade::5::上
KV000579,too much,too much,,,太多,Don't eat too much candy.,不要吃太多糖果。,4,rj_start1,rj_start1::5年级下,learner::klose::level::4 source::rj_start1 source::rj_start1::grade::5 source::rj_start1::grade::5::下
KV000580,candy,candy,[ˈkændi],[ˈkændi],糖果,Too much candy is bad for teeth.,太多糖果对牙齿不好。,4,rj_start1,rj_start1::5年级下,learner::klose::level::4 source::rj_start1 source::rj_start1::grade::5 source::rj_start1::grade::5::下
KV000581,early,early,[ˈɜːli],[ˈɜːrli],早；早地,I go to bed early.,我很早上床睡觉。,4,rj_start1,rj_start1::5年级下,learner::klose::level::4 source::rj_start1 source::rj_start1::grade::5 source::rj_start1::grade::5::下
KV000582,exercise,exercise,[ˈeksəsaɪz],[ˈeksərsaɪz],锻炼；运动,We need exercise every day.,我们每天都需要锻炼。,4,rj_start1,rj_start1::5年级下,learner::klose::level::4 source::rj_start1 source::rj_start1::grade::5 source::rj_start1::grade::5::下
KV000583,tired,tired,[ˈtaɪəd],[ˈtaɪərd],疲倦的；累的,I am tired after exercise.,运动后我很累。,4,rj_start1,rj_start1::5年级下,learner::klose::level::4 source::rj_start1 source::rj_start1::grade::5 source::rj_start1::grade::5::下
KV000584,drink,drink,[drɪŋk],[drɪŋk],喝；饮料,Drink more water every day.,每天多喝水。,4,rj_start1,rj_start1::5年级下,learner::klose::level::4 source::rj_start1 source::rj_start1::grade::5 source::rj_start1::grade::5::下
KV000585,stomachache,stomachache,[ˈstʌməkeɪk],[ˈstʌməkˌeɪk],胃痛；肚子痛,I have a stomachache.,我肚子痛。,4,rj_start1,rj_start1::5年级下,learner::klose::level::4 source::rj_start1 source::rj_start1::grade::5 source::rj_start1::grade::5::下
KV000586,headache,headache,[ˈhedeɪk],[ˈhedeɪk],头痛,I have a headache.,我头痛。,4,rj_start1,rj_start1::5年级下,learner::klose::level::4 source::rj_start1 source::rj_start1::grade::5 source::rj_start1::grade::5::下
KV000587,toothache,toothache,[ˈtuːθeɪk],[ˈtuːθeɪk],牙痛,I have a toothache.,我牙痛。,4,rj_start1,rj_start1::5年级下,learner::klose::level::4 source::rj_start1 source::rj_start1::grade::5 source::rj_start1::grade::5::下
KV000588,a lot of,a lot of,,,许多；大量,Drink a lot of water.,多喝水。,4,rj_start1,rj_start1::5年级下,learner::klose::level::4 source::rj_start1 source::rj_start1::grade::5 source::rj_start1::grade::5::下
KV000589,sleepy,sleepy,[ˈsliːpi],[ˈsliːpi],困倦的；想睡的,I feel sleepy in class.,我上课时觉得困。,4,rj_start1,rj_start1::5年级下,learner::klose::level::4 source::rj_start1 source::rj_start1::grade::5 source::rj_start1::grade::5::下
KV000590,subject,subject,[ˈsʌbdʒɪkt; ˈsʌbdʒekt],[ˈsʌbdʒɪkt; ˈsʌbdʒekt],学科；科目,English is my favourite subject.,英语是我最喜欢的学科。,4,rj_start1,rj_start1::5年级下,learner::klose::level::4 source::rj_start1 source::rj_start1::grade::5 source::rj_start1::grade::5::下
KV000591,mark,mark,[mɑːk],[mɑːrk],分数；成绩,I got a good mark in English.,我的英语取得了好成绩。,4,rj_start1,rj_start1::5年级下,learner::klose::level::4 source::rj_start1 source::rj_start1::grade::5 source::rj_start1::grade::5::下
KV000592,advice,advice,[ədˈvaɪs],[ədˈvaɪs],建议,Thank you for your advice.,谢谢你的建议。,4,rj_start1,rj_start1::5年级下,learner::klose::level::4 source::rj_start1 source::rj_start1::grade::5 source::rj_start1::grade::5::下
KV000593,more,more,[mɔː(r)],[mɔːr],更多的；更多,You should drink more water.,你应该多喝水。,4,rj_start1,rj_start1::5年级下,learner::klose::level::4 source::rj_start1 source::rj_start1::grade::5 source::rj_start1::grade::5::下
KV000594,New Year's Day,New Year's Day,,,元旦,New Year's Day is on January first.,元旦是一月一日。,4,rj_start1,rj_start1::5年级下,learner::klose::level::4 source::rj_start1 source::rj_start1::grade::5 source::rj_start1::grade::5::下
KV000595,Tree Planting Day,Tree Planting Day,,,植树节,We plant trees on Tree Planting Day.,我们在植树节植树。,4,rj_start1,rj_start1::5年级下,learner::klose::level::4 source::rj_start1 source::rj_start1::grade::5 source::rj_start1::grade::5::下
KV000596,Mother's Day,Mother's Day,,,母亲节,I make a card for Mother's Day.,我为母亲节做一张卡片。,4,rj_start1,rj_start1::5年级下,learner::klose::level::4 source::rj_start1 source::rj_start1::grade::5 source::rj_start1::grade::5::下
KV000597,Children's Day,Children's Day,,,儿童节,Children's Day is on June first.,儿童节是六月一日。,4,rj_start1,rj_start1::5年级下,learner::klose::level::4 source::rj_start1 source::rj_start1::grade::5 source::rj_start1::grade::5::下
KV000598,Father's Day,Father's Day,,,父亲节,I call Dad on Father's Day.,我在父亲节给爸爸打电话。,4,rj_start1,rj_start1::5年级下,learner::klose::level::4 source::rj_start1 source::rj_start1::grade::5 source::rj_start1::grade::5::下
KV000599,Teachers' Day,Teachers' Day,,,教师节,We thank teachers on Teachers' Day.,我们在教师节感谢老师。,4,rj_start1,rj_start1::5年级下,learner::klose::level::4 source::rj_start1 source::rj_start1::grade::5 source::rj_start1::grade::5::下
KV000600,National Day,National Day,,,国庆节,National Day is on October first.,国庆节是十月一日。,4,rj_start1,rj_start1::5年级下,learner::klose::level::4 source::rj_start1 source::rj_start1::grade::5 source::rj_start1::grade::5::下
KV000601,Christmas Day,Christmas Day,,,圣诞节,Christmas Day is in December.,圣诞节在十二月。,4,rj_start1,rj_start1::5年级下,learner::klose::level::4 source::rj_start1 source::rj_start1::grade::5 source::rj_start1::grade::5::下
KV000602,fifth,fifth,[fɪfθ],[fɪfθ],第五,May is the fifth month.,五月是第五个月。,4,rj_start1,rj_start1::5年级下,learner::klose::level::4 source::rj_start1 source::rj_start1::grade::5 source::rj_start1::grade::5::下
KV000603,5th,5th,,,第五（fifth的缩写）,May is the 5th month.,五月是第五个月。,4,rj_start1,rj_start1::5年级下,learner::klose::level::4 source::rj_start1 source::rj_start1::grade::5 source::rj_start1::grade::5::下
KV000604,tenth,tenth,[tenθ],[tenθ],第十,October is the tenth month.,十月是第十个月。,4,rj_start1,rj_start1::5年级下,learner::klose::level::4 source::rj_start1 source::rj_start1::grade::5 source::rj_start1::grade::5::下
KV000605,10th,10th,,,第十（tenth的缩写）,October is the 10th month.,十月是第十个月。,4,rj_start1,rj_start1::5年级下,learner::klose::level::4 source::rj_start1 source::rj_start1::grade::5 source::rj_start1::grade::5::下
KV000606,twelfth,twelfth,[twelfθ],[twelfθ],第十二,December is the twelfth month.,十二月是第十二个月。,4,rj_start1,rj_start1::5年级下,learner::klose::level::4 source::rj_start1 source::rj_start1::grade::5 source::rj_start1::grade::5::下
KV000607,12th,12th,,,第十二（twelfth的缩写）,December is the 12th month.,十二月是第十二个月。,4,rj_start1,rj_start1::5年级下,learner::klose::level::4 source::rj_start1 source::rj_start1::grade::5 source::rj_start1::grade::5::下
KV000608,twenty-fifth,twenty-fifth,,,第二十五,Christmas is on December twenty-fifth.,圣诞节是十二月二十五日。,4,rj_start1,rj_start1::5年级下,learner::klose::level::4 source::rj_start1 source::rj_start1::grade::5 source::rj_start1::grade::5::下
KV000609,25th,25th,,,第二十五（twenty-fifth的缩写）,Christmas is on December 25th.,圣诞节是十二月二十五日。,4,rj_start1,rj_start1::5年级下,learner::klose::level::4 source::rj_start1 source::rj_start1::grade::5 source::rj_start1::grade::5::下
KV000610,plant,plant,[plɑːnt],[plænt],种植；植物,We plant trees in spring.,我们春天植树。,4,rj_start1,rj_start1::5年级下,learner::klose::level::4 source::rj_start1 source::rj_start1::grade::5 source::rj_start1::grade::5::下
KV000611,make a poster,make a poster,,,制作海报,We make a poster for the school.,我们为学校制作海报。,4,rj_start1,rj_start1::5年级下,learner::klose::level::4 source::rj_start1 source::rj_start1::grade::5 source::rj_start1::grade::5::下
KV000612,celebrate,celebrate,[ˈselɪbreɪt],[ˈselɪbreɪt],庆祝,We celebrate Children's Day at school.,我们在学校庆祝儿童节。,4,rj_start1,rj_start1::5年级下,learner::klose::level::4 source::rj_start1 source::rj_start1::grade::5 source::rj_start1::grade::5::下
KV000613,have a picnic,have a picnic,,,去野餐；举行野餐,We have a picnic in the park.,我们在公园野餐。,4,rj_start1,rj_start1::5年级下,learner::klose::level::4 source::rj_start1 source::rj_start1::grade::5 source::rj_start1::grade::5::下
KV000614,office,office,[ˈɒfɪs],[ˈɑːfɪs],办公室,My teacher is in the office.,我的老师在办公室。,4,rj_start1,rj_start1::5年级下,learner::klose::level::4 source::rj_start1 source::rj_start1::grade::5 source::rj_start1::grade::5::下
KV000615,together,together,[təˈɡeðə(r)],[təˈɡeðər],一起,We celebrate the day together.,我们一起庆祝这个节日。,4,rj_start1,rj_start1::5年级下|rj_start1::6年级下,learner::klose::level::4 source::rj_start1 source::rj_start1::grade::5 source::rj_start1::grade::5::下 source::rj_start1::grade::6 source::rj_start1::grade::6::下
KV000616,special,special,[ˈspeʃ(ə)l],[ˈspeʃl],特别的；特殊的,Today is a special day.,今天是特别的一天。,4,rj_start1,rj_start1::5年级下|rj_start1::6年级下,learner::klose::level::4 source::rj_start1 source::rj_start1::grade::5 source::rj_start1::grade::5::下 source::rj_start1::grade::6 source::rj_start1::grade::6::下
KV000617,send an email,send an email,,,发送电子邮件,I send an email to my friend.,我给朋友发电子邮件。,4,rj_start1,rj_start1::5年级下,learner::klose::level::4 source::rj_start1 source::rj_start1::grade::5 source::rj_start1::grade::5::下
KV000618,write a letter,write a letter,,,写信,I write a letter to Grandma.,我给奶奶写信。,4,rj_start1,rj_start1::5年级下,learner::klose::level::4 source::rj_start1 source::rj_start1::grade::5 source::rj_start1::grade::5::下
KV000619,make a phone call,make a phone call,,,打电话,I make a phone call to Dad.,我给爸爸打电话。,4,rj_start1,rj_start1::5年级下,learner::klose::level::4 source::rj_start1 source::rj_start1::grade::5 source::rj_start1::grade::5::下
KV000620,send a short message,send a short message,,,发送短信,I send a short message to Mum.,我给妈妈发短信。,4,rj_start1,rj_start1::5年级下,learner::klose::level::4 source::rj_start1 source::rj_start1::grade::5 source::rj_start1::grade::5::下
KV000621,mail a present,mail a present,,,邮寄礼物,I mail a present to my cousin.,我给表兄弟姐妹邮寄礼物。,4,rj_start1,rj_start1::5年级下,learner::klose::level::4 source::rj_start1 source::rj_start1::grade::5 source::rj_start1::grade::5::下
KV000622,make a video call,make a video call,,,视频通话,We make a video call to Grandma.,我们和奶奶视频通话。,4,rj_start1,rj_start1::5年级下,learner::klose::level::4 source::rj_start1 source::rj_start1::grade::5 source::rj_start1::grade::5::下
KV000623,say,say,[seɪ],[seɪ],说；讲,Please say hello to your family.,请向你的家人问好。,4,rj_start1,rj_start1::5年级下,learner::klose::level::4 source::rj_start1 source::rj_start1::grade::5 source::rj_start1::grade::5::下
KV000624,make a card,make a card,,,制作卡片,I make a card for Mum.,我给妈妈做一张卡片。,4,rj_start1,rj_start1::5年级下,learner::klose::level::4 source::rj_start1 source::rj_start1::grade::5 source::rj_start1::grade::5::下
KV000625,everywhere,everywhere,[ˈevriweə(r)],[ˈevriwer],到处；各处,There are flowers everywhere in spring.,春天到处都是花。,4,rj_start1,rj_start1::5年级下,learner::klose::level::4 source::rj_start1 source::rj_start1::grade::5 source::rj_start1::grade::5::下
KV000626,flower show,flower show,,,花展,We visit the flower show.,我们参观花展。,4,rj_start1,rj_start1::5年级下,learner::klose::level::4 source::rj_start1 source::rj_start1::grade::5 source::rj_start1::grade::5::下
KV000627,cleaned the window,cleaned the window,,,擦了窗户,I cleaned the window yesterday.,我昨天擦了窗户。,4,rj_start1,rj_start1::5年级下,learner::klose::level::4 source::rj_start1 source::rj_start1::grade::5 source::rj_start1::grade::5::下
KV000628,watched TV,watched TV,,,看了电视,I watched TV last night.,我昨晚看了电视。,4,rj_start1,rj_start1::5年级下,learner::klose::level::4 source::rj_start1 source::rj_start1::grade::5 source::rj_start1::grade::5::下
KV000629,climbed a hill,climbed a hill,,,爬了山,We climbed a hill yesterday.,我们昨天爬了山。,4,rj_start1,rj_start1::5年级下,learner::klose::level::4 source::rj_start1 source::rj_start1::grade::5 source::rj_start1::grade::5::下
KV000630,visited grandparents,visited grandparents,,,看望了祖父母或外祖父母,I visited my grandparents on Sunday.,我星期日看望了祖父母。,4,rj_start1,rj_start1::5年级下,learner::klose::level::4 source::rj_start1 source::rj_start1::grade::5 source::rj_start1::grade::5::下
KV000631,danced,danced,,,跳了舞,We danced at the party.,我们在聚会上跳舞。,4,rj_start1,rj_start1::5年级下,learner::klose::level::4 source::rj_start1 source::rj_start1::grade::5 source::rj_start1::grade::5::下
KV000632,jumped rope,jumped rope,,,跳了绳,She jumped rope after school.,她放学后跳了绳。,4,rj_start1,rj_start1::5年级下,learner::klose::level::4 source::rj_start1 source::rj_start1::grade::5 source::rj_start1::grade::5::下
KV000633,listened to music,listened to music,,,听了音乐,I listened to music yesterday.,我昨天听了音乐。,4,rj_start1,rj_start1::5年级下,learner::klose::level::4 source::rj_start1 source::rj_start1::grade::5 source::rj_start1::grade::5::下
KV000634,rowed a boat,rowed a boat,,,划了船,We rowed a boat on the lake.,我们在湖上划了船。,4,rj_start1,rj_start1::5年级下,learner::klose::level::4 source::rj_start1 source::rj_start1::grade::5 source::rj_start1::grade::5::下
KV000635,played computer games,played computer games,,,玩了电脑游戏,I played computer games yesterday.,我昨天玩了电脑游戏。,4,rj_start1,rj_start1::5年级下,learner::klose::level::4 source::rj_start1 source::rj_start1::grade::5 source::rj_start1::grade::5::下
KV000636,stayed at home,stayed at home,,,待在家里,I stayed at home on Sunday.,我星期日待在家里。,4,rj_start1,rj_start1::5年级下,learner::klose::level::4 source::rj_start1 source::rj_start1::grade::5 source::rj_start1::grade::5::下
KV000637,played the piano,played the piano,,,弹了钢琴,She played the piano at the party.,她在聚会上弹了钢琴。,4,rj_start1,rj_start1::5年级下,learner::klose::level::4 source::rj_start1 source::rj_start1::grade::5 source::rj_start1::grade::5::下
KV000638,played chess,played chess,[pleɪ tʃes],[pleɪ tʃes],下了棋,I played chess with Dad.,我和爸爸下了棋。,4,rj_start1,rj_start1::5年级下,learner::klose::level::4 source::rj_start1 source::rj_start1::grade::5 source::rj_start1::grade::5::下
KV000639,washed clothes,washed clothes,,,洗了衣服,I washed clothes yesterday.,我昨天洗了衣服。,4,rj_start1,rj_start1::5年级下,learner::klose::level::4 source::rj_start1 source::rj_start1::grade::5 source::rj_start1::grade::5::下
KV000640,boring,boring,[ˈbɔːrɪŋ],[ˈbɔːrɪŋ],无聊的；乏味的,The film was boring.,这部电影很无聊。,4,rj_start1,rj_start1::5年级下,learner::klose::level::4 source::rj_start1 source::rj_start1::grade::5 source::rj_start1::grade::5::下
KV000641,badminton,badminton,[ˈbædmɪntən],[ˈbædmɪntən],羽毛球,I play badminton after school.,我放学后打羽毛球。,4,rj_start1,rj_start1::5年级下,learner::klose::level::4 source::rj_start1 source::rj_start1::grade::5 source::rj_start1::grade::5::下
KV000642,won,won,[wʌn],[wʌn],赢了；获胜（win的过去式）,Our class won the game.,我们班赢得了比赛。,4,rj_start1,rj_start1::5年级下,learner::klose::level::4 source::rj_start1 source::rj_start1::grade::5 source::rj_start1::grade::5::下
KV000643,went to the beach,went to the beach,,,去了海滩,We went to the beach yesterday.,我们昨天去了海滩。,4,rj_start1,rj_start1::5年级下,learner::klose::level::4 source::rj_start1 source::rj_start1::grade::5 source::rj_start1::grade::5::下
KV000644,drank cold drinks,drank cold drinks,,,喝了冷饮,We drank cold drinks at the beach.,我们在海滩喝了冷饮。,4,rj_start1,rj_start1::5年级下,learner::klose::level::4 source::rj_start1 source::rj_start1::grade::5 source::rj_start1::grade::5::下
KV000645,swam,swam,[swæm],[swæm],游了泳（swim的过去式）,We swam in the sea.,我们在海里游泳了。,4,rj_start1,rj_start1::5年级下,learner::klose::level::4 source::rj_start1 source::rj_start1::grade::5 source::rj_start1::grade::5::下
KV000646,ate ice-cream,ate ice-cream,,,吃了冰淇淋,I ate ice-cream yesterday.,我昨天吃了冰淇淋。,4,rj_start1,rj_start1::5年级下,learner::klose::level::4 source::rj_start1 source::rj_start1::grade::5 source::rj_start1::grade::5::下
KV000647,the Stone Forest,the Stone Forest,,,石林,We visited the Stone Forest.,我们参观了石林。,4,rj_start1,rj_start1::5年级下,learner::klose::level::4 source::rj_start1 source::rj_start1::grade::5 source::rj_start1::grade::5::下
KV000648,bought some gifts,bought some gifts,,,买了一些礼物,We bought some gifts there.,我们在那里买了一些礼物。,4,rj_start1,rj_start1::5年级下,learner::klose::level::4 source::rj_start1 source::rj_start1::grade::5 source::rj_start1::grade::5::下
KV000649,took photos,took photos,,,拍了照片,We took photos at the museum.,我们在博物馆拍了照片。,4,rj_start1,rj_start1::5年级下,learner::klose::level::4 source::rj_start1 source::rj_start1::grade::5 source::rj_start1::grade::5::下
KV000650,saw flowers,saw flowers,,,看到了花,We saw many beautiful flowers.,我们看到了许多漂亮的花。,4,rj_start1,rj_start1::5年级下,learner::klose::level::4 source::rj_start1 source::rj_start1::grade::5 source::rj_start1::grade::5::下
KV000651,slept,slept,[slept],[slept],睡了；睡觉（sleep的过去式）,I slept well last night.,我昨晚睡得很好。,4,rj_start1,rj_start1::5年级下,learner::klose::level::4 source::rj_start1 source::rj_start1::grade::5 source::rj_start1::grade::5::下
KV000652,felt happy,felt happy,,,感到高兴,I felt happy on the trip.,旅行中我感到很高兴。,4,rj_start1,rj_start1::5年级下,learner::klose::level::4 source::rj_start1 source::rj_start1::grade::5 source::rj_start1::grade::5::下
KV000653,sad,sad,[sæd],[sæd],难过的；伤心的,She felt sad yesterday.,她昨天感到难过。,4,rj_start1,rj_start1::5年级下|rj_start1::6年级上,learner::klose::level::4 source::rj_start1 source::rj_start1::grade::5 source::rj_start1::grade::5::下 source::rj_start1::grade::6 source::rj_start1::grade::6::上
KV000654,left,left,[left],[left],离开（leave的过去式）,We left the hotel at eight.,我们八点离开了酒店。,4,rj_start1,rj_start1::5年级下,learner::klose::level::4 source::rj_start1 source::rj_start1::grade::5 source::rj_start1::grade::5::下
KV000655,French fries,French fries,[ˈfrentʃ fraɪz],[frentʃ fraɪz],炸薯条,I ate French fries for lunch.,我午饭吃了炸薯条。,4,rj_start1,rj_start1::5年级下,learner::klose::level::4 source::rj_start1 source::rj_start1::grade::5 source::rj_start1::grade::5::下
KV000656,were,were,[wə(r); wɜː(r)],[wər; wɜːr],是（are的过去式）,They were happy yesterday.,他们昨天很高兴。,4,rj_start1,rj_start1::5年级下,learner::klose::level::4 source::rj_start1 source::rj_start1::grade::5 source::rj_start1::grade::5::下
KV000657,was born,was born,,,出生,I was born in 2017.,我出生于2017年。,4,rj_start1,rj_start1::5年级下,learner::klose::level::4 source::rj_start1 source::rj_start1::grade::5 source::rj_start1::grade::5::下
KV000658,started to speak,started to speak,,,开始说话,I started to speak when I was one.,我一岁时开始说话。,4,rj_start1,rj_start1::5年级下,learner::klose::level::4 source::rj_start1 source::rj_start1::grade::5 source::rj_start1::grade::5::下
KV000659,learned to walk,learned to walk,,,学会走路,I learned to walk when I was one.,我一岁时学会走路。,4,rj_start1,rj_start1::5年级下,learner::klose::level::4 source::rj_start1 source::rj_start1::grade::5 source::rj_start1::grade::5::下
KV000660,learned to ride a bike,learned to ride a bike,,,学会骑自行车,I learned to ride a bike at six.,我六岁时学会骑自行车。,4,rj_start1,rj_start1::5年级下,learner::klose::level::4 source::rj_start1 source::rj_start1::grade::5 source::rj_start1::grade::5::下
KV000661,went to kindergarten,went to kindergarten,,,上幼儿园；去了幼儿园,I went to kindergarten at three.,我三岁时上幼儿园。,4,rj_start1,rj_start1::5年级下,learner::klose::level::4 source::rj_start1 source::rj_start1::grade::5 source::rj_start1::grade::5::下
KV000662,went to school,went to school,,,上学；开始上学,I went to school at six.,我六岁时开始上学。,4,rj_start1,rj_start1::5年级下,learner::klose::level::4 source::rj_start1 source::rj_start1::grade::5 source::rj_start1::grade::5::下
KV000663,learned to swim,learned to swim,,,学会游泳,I learned to swim at seven.,我七岁时学会游泳。,4,rj_start1,rj_start1::5年级下,learner::klose::level::4 source::rj_start1 source::rj_start1::grade::5 source::rj_start1::grade::5::下
KV000664,fifteenth,fifteenth,[ˌfɪfˈtiːnθ],[ˌfɪfˈtiːnθ],第十五,Today is the fifteenth day.,今天是第十五天。,4,rj_start1,rj_start1::5年级下,learner::klose::level::4 source::rj_start1 source::rj_start1::grade::5 source::rj_start1::grade::5::下
KV000665,15th,15th,,,第十五（fifteenth的缩写）,Today is the 15th.,今天是十五号。,4,rj_start1,rj_start1::5年级下,learner::klose::level::4 source::rj_start1 source::rj_start1::grade::5 source::rj_start1::grade::5::下
KV000666,started to buy things,started to buy things,,,开始买东西,I started to buy things by myself.,我开始自己买东西。,4,rj_start1,rj_start1::5年级下,learner::klose::level::4 source::rj_start1 source::rj_start1::grade::5 source::rj_start1::grade::5::下
KV000667,started to study English,started to study English,,,开始学习英语,I started to study English at six.,我六岁开始学英语。,4,rj_start1,rj_start1::5年级下,learner::klose::level::4 source::rj_start1 source::rj_start1::grade::5 source::rj_start1::grade::5::下
KV000668,started to use a computer,started to use a computer,,,开始使用电脑,I started to use a computer at eight.,我八岁开始使用电脑。,4,rj_start1,rj_start1::5年级下,learner::klose::level::4 source::rj_start1 source::rj_start1::grade::5 source::rj_start1::grade::5::下
KV000669,all over,all over,,,到处；遍及,There was water all over the floor.,地板上到处都是水。,4,rj_start1,rj_start1::5年级下,learner::klose::level::4 source::rj_start1 source::rj_start1::grade::5 source::rj_start1::grade::5::下
KV000670,out of,out of,,,从……出来,The cat jumped out of the box.,猫从盒子里跳了出来。,4,rj_start1,rj_start1::5年级下,learner::klose::level::4 source::rj_start1 source::rj_start1::grade::5 source::rj_start1::grade::5::下
KV000671,into,into,[ˈɪntə],[ˈɪntə; ˈɪntu; ˈɪntuː],进入；到……里面,The cat jumped into the water.,猫跳进了水里。,4,rj_start1,rj_start1::5年级下,learner::klose::level::4 source::rj_start1 source::rj_start1::grade::5 source::rj_start1::grade::5::下
KV000672,chopsticks,chopsticks,[ˈtʃɒpstɪks],[ˈtʃɑːpstɪks],筷子,I eat noodles with chopsticks.,我用筷子吃面条。,4,rj_start1,rj_start1::5年级下,learner::klose::level::4 source::rj_start1 source::rj_start1::grade::5 source::rj_start1::grade::5::下
KV000673,wet,wet,[wet],[wet],湿的,My shoes are wet.,我的鞋湿了。,4,rj_start1,rj_start1::5年级下,learner::klose::level::4 source::rj_start1 source::rj_start1::grade::5 source::rj_start1::grade::5::下
