Unit,Order,Starred,Entry,Meaning,Page,SourceStatus
1,1,yes,sorry,对不起,4,observed-from-klose-textbook
1,2,no,hurry up,快点；赶快,4,observed-from-klose-textbook
1,3,yes,late,迟到；迟发生,4,observed-from-klose-textbook
1,4,yes,class,课；课程；班；班级,4,observed-from-klose-textbook
1,5,no,ready,准备好,4,observed-from-klose-textbook
1,6,no,rule,规则；规章,5,observed-from-klose-textbook
1,7,yes,classroom,教室,5,observed-from-klose-textbook
1,8,no,turn off,关掉,5,observed-from-klose-textbook
1,9,yes,light,灯；光,5,observed-from-klose-textbook
1,10,yes,blackboard,黑板,7,observed-from-klose-textbook
1,11,yes,desk,书桌；办公桌,7,observed-from-klose-textbook
1,12,yes,chair,椅子,7,observed-from-klose-textbook
1,13,yes,tidy,整洁的；整齐的；使整洁；整理,7,observed-from-klose-textbook
1,14,yes,music,音乐,8,observed-from-klose-textbook
1,15,yes,door,门,8,observed-from-klose-textbook
1,16,yes,window,窗,8,observed-from-klose-textbook
1,17,yes,fan,风扇,8,observed-from-klose-textbook
1,18,yes,when,当……时；什么时候,9,observed-from-klose-textbook
1,19,no,understand,懂；理解,9,observed-from-klose-textbook
1,20,yes,wall,墙；壁,9,observed-from-klose-textbook
1,21,no,newspaper,报纸,9,observed-from-klose-textbook
1,22,no,hand out,分发,9,observed-from-klose-textbook
1,23,no,workbook,练习册；作业本,9,observed-from-klose-textbook
2,1,yes,watch,看,16,observed-from-klose-textbook
2,2,yes,TV,电视,16,observed-from-klose-textbook
2,3,no,homework,家庭作业,16,observed-from-klose-textbook
2,4,no,first,首先；首次；第一,16,observed-from-klose-textbook
2,5,no,wet,湿的；未干的,16,observed-from-klose-textbook
2,6,yes,run,跑；奔跑,16,observed-from-klose-textbook
2,7,no,living room,客厅；起居室,16,observed-from-klose-textbook
2,8,yes,safe,安全的,16,observed-from-klose-textbook
2,9,yes,word,言语；单词；字,17,observed-from-klose-textbook
2,10,yes,wash,洗,17,observed-from-klose-textbook
2,11,yes,helpful,有帮助的；有用的,17,observed-from-klose-textbook
2,12,no,loud,说话太大声的；吵闹的,19,observed-from-klose-textbook
2,13,yes,sleep,睡觉,19,observed-from-klose-textbook
2,14,no,bedroom,卧室,19,observed-from-klose-textbook
2,15,yes,kitchen,厨房,19,observed-from-klose-textbook
2,16,yes,study,书房,20,observed-from-klose-textbook
2,17,no,bathroom,浴室；洗手间,20,observed-from-klose-textbook
2,18,yes,think,想；思考,21,observed-from-klose-textbook
2,19,yes,work,（花费时间和精力）做（某事）；工作,21,observed-from-klose-textbook
2,20,yes,hard,努力地；费力地,21,observed-from-klose-textbook
2,21,no,follow,听从；遵循，听从（忠告、指示等）,21,observed-from-klose-textbook
2,22,yes,feel,觉得；感到,21,observed-from-klose-textbook
3,1,yes,over,结束（的）,28,observed-from-klose-textbook
3,2,yes,kid,小孩,28,observed-from-klose-textbook
3,3,yes,dinner,（中午或晚上吃的）正餐,29,observed-from-klose-textbook
3,4,yes,art,美术；艺术,29,observed-from-klose-textbook
3,5,yes,lunch,午餐,29,observed-from-klose-textbook
3,6,yes,maths,数学,29,observed-from-klose-textbook
3,7,no,get up,起床,31,observed-from-klose-textbook
3,8,no,go to school,上学,31,observed-from-klose-textbook
3,9,no,go home,回家,32,observed-from-klose-textbook
3,10,no,go to bed,上床睡觉,32,observed-from-klose-textbook
3,11,yes,want,想要,33,observed-from-klose-textbook
3,12,yes,clock,时钟,33,observed-from-klose-textbook
3,13,no,just,只是；仅仅；正要,33,observed-from-klose-textbook
3,14,yes,minute,分钟,33,observed-from-klose-textbook
4,1,yes,trousers,裤子,40,observed-from-klose-textbook
4,2,yes,pair,（由连在一起的相似两部分构成的）一条，一副,40,observed-from-klose-textbook
4,3,yes,clothes,衣服；服装,40,observed-from-klose-textbook
4,4,yes,those,那些,40,observed-from-klose-textbook
4,5,yes,shorts,短裤,40,observed-from-klose-textbook
4,6,no,jacket,夹克衫；短上衣,41,observed-from-klose-textbook
4,7,yes,skirt,裙子,41,observed-from-klose-textbook
4,8,yes,dear,亲爱的,43,observed-from-klose-textbook
4,9,no,expensive,昂贵的；价格高的,43,observed-from-klose-textbook
4,10,yes,take,买下,43,observed-from-klose-textbook
4,11,no,cheap,便宜的,44,observed-from-klose-textbook
4,12,yes,shoe,鞋,44,observed-from-klose-textbook
4,13,yes,beautiful,美丽的,44,observed-from-klose-textbook
4,14,no,hat,帽子,44,observed-from-klose-textbook
4,15,no,sunglasses,太阳镜；墨镜,44,observed-from-klose-textbook
4,16,yes,free,免费的,45,observed-from-klose-textbook
4,17,no,large,（服装、食物、日用品等）大型号的,45,observed-from-klose-textbook
4,18,no,size,尺码；号,45,observed-from-klose-textbook
4,19,no,list,清单；目录,45,observed-from-klose-textbook
4,20,no,try on,试穿,45,observed-from-klose-textbook
4,21,yes,any,任何的；任一的,45,observed-from-klose-textbook
5,1,yes,cow,奶牛,52,observed-from-klose-textbook
5,2,yes,horse,马,52,observed-from-klose-textbook
5,3,yes,sheep,羊；绵羊,52,observed-from-klose-textbook
5,4,yes,pig,猪,52,observed-from-klose-textbook
5,5,yes,chicken,鸡；鸡肉,52,observed-from-klose-textbook
5,6,yes,tomato,西红柿,55,observed-from-klose-textbook
5,7,yes,bee,蜜蜂,55,observed-from-klose-textbook
5,8,yes,mouse,老鼠,56,observed-from-klose-textbook
5,9,no,carrot,胡萝卜,56,observed-from-klose-textbook
5,10,yes,potato,土豆,56,observed-from-klose-textbook
5,11,no,green bean,青刀豆；四季豆,57,observed-from-klose-textbook
5,12,yes,can,（盛食品或饮料的）金属罐,57,observed-from-klose-textbook
5,13,no,a box of,一盒，一箱（东西）,57,observed-from-klose-textbook
6,1,no,feed,给（人或动物）食物；饲养,64,observed-from-klose-textbook
6,2,no,pass,给；递,64,observed-from-klose-textbook
6,3,no,pick,采；摘,65,observed-from-klose-textbook
6,4,yes,milk,挤奶,65,observed-from-klose-textbook
6,5,no,knife,刀,67,observed-from-klose-textbook
6,6,no,fork,餐叉,67,observed-from-klose-textbook
6,7,no,chopstick,（常用复数）筷子,67,observed-from-klose-textbook
6,8,no,waste,浪费；废品,67,observed-from-klose-textbook
6,9,yes,food,菜肴；食物,67,observed-from-klose-textbook
6,10,no,delicious,美味的；可口的,67,observed-from-klose-textbook
6,11,no,clear the table,收拾餐桌,67,observed-from-klose-textbook
6,12,no,set the table,摆放餐具,68,observed-from-klose-textbook
6,13,no,bowl,碗,68,observed-from-klose-textbook
6,14,no,spoon,勺；匙；调羹,68,observed-from-klose-textbook
6,15,yes,supermarket,超市,69,observed-from-klose-textbook
6,16,no,herself,（用作女性的反身代词）她自己，自己,69,observed-from-klose-textbook
6,17,yes,week,周；星期,69,observed-from-klose-textbook
6,18,no,salad,蔬菜沙拉,69,observed-from-klose-textbook
