NoteID,British,American,FactStatus,FactSource
KV000158,[ˌmeɪk ə ˈsnəʊmæn],[ˌmeɪk ə ˈsnoʊmæn],model-curated,klose-grade5-6-current
KV000193,[ˌiːt ˈlʌntʃ],[ˌiːt ˈlʌntʃ],model-curated,klose-grade5-6-current
KV000195,[ˌiːt ˈdɪnə(r)],[ˌiːt ˈdɪnər],model-curated,klose-grade5-6-current
KV000303,[ˌpleɪ ˈspɔːts],[ˌpleɪ ˈspɔːrts],model-curated,klose-grade5-6-current
KV000307,[ˌriːd ˈbʊks],[ˌriːd ˈbʊks],model-curated,klose-grade5-6-current
KV000327,[ˌlɪsənɪŋ tə ˈmjuːzɪk],[ˌlɪsənɪŋ tə ˈmjuːzɪk],model-curated,klose-grade5-6-current
KV000359,[ˌɡəʊ ˈfɪʃɪŋ],[ˌɡoʊ ˈfɪʃɪŋ],model-curated,klose-grade5-6-current
KV000483,[ðə ˌɡreɪt ˈwɔːl],[ðə ˌɡreɪt ˈwɔːl],model-curated,klose-grade5-6-current
KV000500,[ˌɡəʊ ˈkæmpɪŋ],[ˌɡoʊ ˈkæmpɪŋ],model-curated,klose-grade5-6-current
