NoteID,CanonicalWord,MatchKey,SenseLabel,PrimaryOriginKey,CreatedSource,CreatedSourceBook,Status
KV000001,book,book,书；书本,rj_start1|book,rj_start1,1年级上,active
KV000002,ruler,ruler,尺子,rj_start1|ruler,rj_start1,1年级上,active
KV000003,pencil,pencil,铅笔,rj_start1|pencil,rj_start1,1年级上,active
KV000004,schoolbag,schoolbag,书包,rj_start1|schoolbag,rj_start1,1年级上,active
KV000005,teacher,teacher,老师,rj_start1|teacher,rj_start1,1年级上,active
KV000006,I,i,我,rj_start1|i,rj_start1,1年级上,active
KV000007,have,have,有,rj_start1|have,rj_start1,1年级上,active
KV000008,a,a,一；一个,rj_start1|a,rj_start1,1年级上,active
KV000009,an,an,一；一个,rj_start1|an,rj_start1,1年级上,active
KV000010,face,face,脸；面部,rj_start1|face,rj_start1,1年级上,active
KV000011,ear,ear,耳朵,rj_start1|ear,rj_start1,1年级上,active
KV000012,eye,eye,眼睛,rj_start1|eye,rj_start1,1年级上,active
KV000013,nose,nose,鼻子,rj_start1|nose,rj_start1,1年级上,active
KV000014,mouth,mouth,嘴；口,rj_start1|mouth,rj_start1,1年级上,active
KV000015,this,this,这；这个,rj_start1|this,rj_start1,1年级上,active
KV000016,is,is,是,rj_start1|is,rj_start1,1年级上,active
KV000017,my,my,我的,rj_start1|my,rj_start1,1年级上,active
KV000018,dog,dog,狗,rj_start1|dog,rj_start1,1年级上,active
KV000019,bird,bird,鸟,rj_start1|bird,rj_start1,1年级上,active
KV000020,tiger,tiger,老虎,rj_start1|tiger,rj_start1,1年级上,active
KV000021,monkey,monkey,猴子,rj_start1|monkey,rj_start1,1年级上,active
KV000022,cat,cat,猫,rj_start1|cat,rj_start1,1年级上,active
KV000023,what,what,什么,rj_start1|what,rj_start1,1年级上,active
KV000024,it,it,它,rj_start1|it,rj_start1,1年级上,active
KV000025,one,one,一；一个,rj_start1|one,rj_start1,1年级上,active
KV000026,two,two,二；两个,rj_start1|two,rj_start1,1年级上,active
KV000027,three,three,三；三个,rj_start1|three,rj_start1,1年级上,active
KV000028,four,four,四；四个,rj_start1|four,rj_start1,1年级上,active
KV000029,five,five,五；五个,rj_start1|five,rj_start1,1年级上,active
KV000030,six,six,六；六个,rj_start1|six,rj_start1,1年级上,active
KV000031,seven,seven,七；七个,rj_start1|seven,rj_start1,1年级上,active
KV000032,eight,eight,八；八个,rj_start1|eight,rj_start1,1年级上,active
KV000033,nine,nine,九；九个,rj_start1|nine,rj_start1,1年级上,active
KV000034,ten,ten,十；十个,rj_start1|ten,rj_start1,1年级上,active
KV000035,how,how,怎样；多少,rj_start1|how,rj_start1,1年级上,active
KV000036,many,many,许多；多少（how many）,rj_start1|many,rj_start1,1年级上,active
KV000037,are,are,是,rj_start1|are,rj_start1,1年级上,active
KV000038,there,there,那里；有（there be）,rj_start1|there,rj_start1,1年级上,active
KV000039,black,black,黑色；黑色的,rj_start1|black,rj_start1,1年级上,active
KV000040,yellow,yellow,黄色；黄色的,rj_start1|yellow,rj_start1,1年级上,active
KV000041,blue,blue,蓝色；蓝色的,rj_start1|blue,rj_start1,1年级上,active
KV000042,red,red,红色；红色的,rj_start1|red,rj_start1,1年级上,active
KV000043,green,green,绿色；绿色的,rj_start1|green,rj_start1,1年级上,active
KV000044,colour,colour,颜色,rj_start1|colour,rj_start1,1年级上,active
KV000045,apple,apple,苹果,rj_start1|apple,rj_start1,1年级上,active
KV000046,pear,pear,梨,rj_start1|pear,rj_start1,1年级上,active
KV000047,banana,banana,香蕉,rj_start1|banana,rj_start1,1年级上,active
KV000048,orange,orange,橙子；橙色,rj_start1|orange,rj_start1,1年级上,active
KV000049,do,do,助动词（用于疑问句）,rj_start1|do,rj_start1,1年级上,active
KV000050,you,you,你；你们,rj_start1|you,rj_start1,1年级上,active
KV000051,like,like,喜欢,rj_start1|like,rj_start1,1年级上,active
KV000052,yes,yes,是的；对,rj_start1|yes,rj_start1,1年级上,active
KV000053,no,no,不；不是,rj_start1|no,rj_start1,1年级上,active
KV000054,chair,chair,椅子,rj_start1|chair,rj_start1,1年级下,active
KV000055,desk,desk,课桌；书桌,rj_start1|desk,rj_start1,1年级下,active
KV000056,blackboard,blackboard,黑板,rj_start1|blackboard,rj_start1,1年级下,active
KV000057,on,on,在……上面,rj_start1|on,rj_start1,1年级下,active
KV000058,under,under,在……下面,rj_start1|under,rj_start1,1年级下,active
KV000059,in,in,在……里面,rj_start1|in,rj_start1,1年级下,active
KV000060,where,where,哪里,rj_start1|where,rj_start1,1年级下,active
KV000061,the,the,这；那（定冠词）,rj_start1|the,rj_start1,1年级下,active
KV000062,light,light,灯,rj_start1|light,rj_start1,1年级下,active
KV000063,bed,bed,床,rj_start1|bed,rj_start1,1年级下,active
KV000064,door,door,门,rj_start1|door,rj_start1,1年级下,active
KV000065,box,box,盒子；箱子,rj_start1|box,rj_start1,1年级下,active
KV000066,near,near,在……附近,rj_start1|near,rj_start1,1年级下,active
KV000067,behind,behind,在……后面,rj_start1|behind,rj_start1,1年级下,active
KV000068,plane,plane,飞机,rj_start1|plane,rj_start1,1年级下,active
KV000069,ball,ball,球,rj_start1|ball,rj_start1,1年级下,active
KV000070,doll,doll,玩具娃娃,rj_start1|doll,rj_start1,1年级下,active
KV000071,train,train,火车,rj_start1|train,rj_start1,1年级下,active
KV000072,car,car,小汽车；汽车,rj_start1|car,rj_start1,1年级下,active
KV000073,bear,bear,熊,rj_start1|bear,rj_start1,1年级下,active
KV000074,can,can,能；会；可以,rj_start1|can,rj_start1,1年级下,active
KV000075,sure,sure,当然；可以,rj_start1|sure,rj_start1,1年级下,active
KV000076,sorry,sorry,对不起；抱歉,rj_start1|sorry,rj_start1,1年级下,active
KV000077,rice,rice,米饭,rj_start1|rice,rj_start1,1年级下,active
KV000078,noodles,noodles,面条,rj_start1|noodles,rj_start1,1年级下,active
KV000079,vegetable,vegetable,蔬菜,rj_start1|vegetable,rj_start1,1年级下,active
KV000080,fish,fish,鱼；鱼肉,rj_start1|fish,rj_start1,1年级下,active
KV000081,chicken,chicken,鸡肉,rj_start1|chicken,rj_start1,1年级下,active
KV000082,egg,egg,鸡蛋；蛋,rj_start1|egg,rj_start1,1年级下,active
KV000083,hungry,hungry,饿的；饥饿的,rj_start1|hungry,rj_start1,1年级下,active
KV000084,want,want,想要,rj_start1|want,rj_start1,1年级下,active
KV000085,and,and,和；并且,rj_start1|and,rj_start1,1年级下,active
KV000086,juice,juice,果汁,rj_start1|juice,rj_start1,1年级下,active
KV000087,tea,tea,茶,rj_start1|tea,rj_start1,1年级下,active
KV000088,milk,milk,牛奶,rj_start1|milk,rj_start1,1年级下,active
KV000089,water,water,水,rj_start1|water,rj_start1,1年级下,active
KV000090,thirsty,thirsty,口渴的,rj_start1|thirsty,rj_start1,1年级下,active
KV000091,thanks,thanks,谢谢,rj_start1|thanks,rj_start1,1年级下,active
KV000092,shirt,shirt,衬衫,rj_start1|shirt,rj_start1,1年级下,active
KV000093,T-shirt,t-shirt,T恤衫,rj_start1|t-shirt,rj_start1,1年级下,active
KV000094,skirt,skirt,短裙；裙子,rj_start1|skirt,rj_start1,1年级下,active
KV000095,dress,dress,连衣裙,rj_start1|dress,rj_start1,1年级下,active
KV000096,socks,socks,袜子,rj_start1|socks,rj_start1,1年级下,active
KV000097,shorts,shorts,短裤,rj_start1|shorts,rj_start1,1年级下,active
KV000098,your,your,你的；你们的,rj_start1|your,rj_start1,1年级下,active
KV000099,father,father,爸爸；父亲,rj_start1|father,rj_start1,2年级上,active
KV000100,mother,mother,妈妈；母亲,rj_start1|mother,rj_start1,2年级上,active
KV000101,brother,brother,兄弟；哥哥；弟弟,rj_start1|brother,rj_start1,2年级上,active
KV000102,sister,sister,姐妹；姐姐；妹妹,rj_start1|sister,rj_start1,2年级上,active
KV000103,grandmother,grandmother,奶奶；外婆,rj_start1|grandmother,rj_start1,2年级上,active
KV000104,grandfather,grandfather,爷爷；外公,rj_start1|grandfather,rj_start1,2年级上,active
KV000105,who,who,谁,rj_start1|who,rj_start1,2年级上,active
KV000106,he,he,他,rj_start1|he,rj_start1,2年级上,active
KV000107,she,she,她,rj_start1|she,rj_start1,2年级上,active
KV000108,classmate,classmate,同班同学,rj_start1|classmate,rj_start1,2年级上,active
KV000109,friend,friend,朋友,rj_start1|friend,rj_start1,2年级上,active
KV000110,woman,woman,女人；妇女,rj_start1|woman,rj_start1,2年级上,active
KV000111,girl,girl,女孩,rj_start1|girl,rj_start1,2年级上,active
KV000112,man,man,男人,rj_start1|man,rj_start1,2年级上,active
KV000113,boy,boy,男孩,rj_start1|boy,rj_start1,2年级上,active
KV000114,look,look,看,rj_start1|look,rj_start1,2年级上,active
KV000115,his,his,他的,rj_start1|his,rj_start1,2年级上,active
KV000116,name,name,名字,rj_start1|name,rj_start1,2年级上,active
KV000117,her,her,她的,rj_start1|her,rj_start1,2年级上,active
KV000118,or,or,或者,rj_start1|or,rj_start1,2年级上,active
KV000119,big,big,大的,rj_start1|big,rj_start1,2年级上,active
KV000120,tall,tall,高的,rj_start1|tall,rj_start1,2年级上,active
KV000121,pretty,pretty,漂亮的,rj_start1|pretty,rj_start1,2年级上,active
KV000122,thin,thin,瘦的,rj_start1|thin,rj_start1,2年级上,active
KV000123,short,short,矮的；短的,rj_start1|short,rj_start1,2年级上,active
KV000124,handsome,handsome,英俊的,rj_start1|handsome,rj_start1,2年级上,active
KV000125,new,new,新的,rj_start1|new,rj_start1,2年级上,active
KV000126,does,does,助动词（do的第三人称单数）,rj_start1|does,rj_start1,2年级上,active
KV000127,bookshop,bookshop,书店,rj_start1|bookshop,rj_start1,2年级上,active
KV000128,zoo,zoo,动物园,rj_start1|zoo,rj_start1,2年级上,active
KV000129,school,school,学校,rj_start1|school,rj_start1,2年级上,active
KV000130,supermarket,supermarket,超市,rj_start1|supermarket,rj_start1,2年级上,active
KV000131,park,park,公园,rj_start1|park,rj_start1,2年级上,active
KV000132,hospital,hospital,医院,rj_start1|hospital,rj_start1,2年级上,active
KV000133,go,go,去,rj_start1|go,rj_start1,2年级上,active
KV000134,to,to,到；向；去,rj_start1|to,rj_start1,2年级上,active
KV000135,grass,grass,草,rj_start1|grass,rj_start1,2年级上,active
KV000136,tree,tree,树,rj_start1|tree,rj_start1,2年级上,active
KV000137,flower,flower,花,rj_start1|flower,rj_start1,2年级上,active
KV000138,boat,boat,小船,rj_start1|boat,rj_start1,2年级上,active
KV000139,lake,lake,湖,rj_start1|lake,rj_start1,2年级上,active
KV000140,hill,hill,小山,rj_start1|hill,rj_start1,2年级上,active
KV000141,Christmas,christmas,圣诞节,rj_start1|christmas,rj_start1,2年级上,active
KV000142,Father Christmas,father christmas,圣诞老人,rj_start1|father christmas,rj_start1,2年级上,active
KV000143,Christmas tree,christmas tree,圣诞树,rj_start1|christmas tree,rj_start1,2年级上,active
KV000144,card,card,卡片；贺卡,rj_start1|card,rj_start1,2年级上,active
KV000145,present,present,礼物,rj_start1|present,rj_start1,2年级上,active
KV000146,New Year,new year,新年,rj_start1|new year,rj_start1,2年级上,active
KV000147,merry,merry,快乐的；愉快的,rj_start1|merry,rj_start1,2年级上,active
KV000148,too,too,也,rj_start1|too,rj_start1,2年级上,active
KV000149,here,here,这里,rj_start1|here,rj_start1,2年级上,active
KV000150,for,for,给；为了,rj_start1|for,rj_start1,2年级上,active
KV000151,thank,thank,感谢；谢谢,rj_start1|thank,rj_start1,2年级上,active
KV000152,happy,happy,快乐的；高兴的,rj_start1|happy,rj_start1,2年级上,active
KV000153,play football,play football,踢足球,rj_start1|play football,rj_start1,2年级下,active
KV000154,fly a kite,fly a kite,放风筝,rj_start1|fly a kite,rj_start1,2年级下,active
KV000155,ride a bike,ride a bike,骑自行车,rj_start1|ride a bike,rj_start1,2年级下,active
KV000156,make a model plane,make a model plane,做飞机模型,rj_start1|make a model plane,rj_start1,2年级下,active
KV000157,swim,swim,游泳,rj_start1|swim,rj_start1,2年级下,active
KV000158,make a snowman,make a snowman,堆雪人,rj_start1|make a snowman,rj_start1,2年级下,active
KV000159,can't,can't,不能；不会,rj_start1|can't,rj_start1,2年级下,active
KV000160,rainy,rainy,下雨的；多雨的,rj_start1|rainy,rj_start1,2年级下,active
KV000161,cloudy,cloudy,多云的,rj_start1|cloudy,rj_start1,2年级下,active
KV000162,snowy,snowy,下雪的；多雪的,rj_start1|snowy,rj_start1,2年级下,active
KV000163,windy,windy,有风的；多风的,rj_start1|windy,rj_start1,2年级下,active
KV000164,sunny,sunny,晴朗的；阳光充足的,rj_start1|sunny,rj_start1,2年级下,active
KV000165,umbrella,umbrella,雨伞,rj_start1|umbrella,rj_start1,2年级下,active
KV000166,weather,weather,天气,rj_start1|weather,rj_start1,2年级下,active
KV000167,wow,wow,哇；呀,rj_start1|wow,rj_start1,2年级下,active
KV000168,let's,let's,让我们,rj_start1|let's,rj_start1,2年级下,active
KV000169,spring,spring,春天,rj_start1|spring,rj_start1,2年级下,active
KV000170,summer,summer,夏天,rj_start1|summer,rj_start1,2年级下,active
KV000171,autumn,autumn,秋天,rj_start1|autumn,rj_start1,2年级下,active
KV000172,winter,winter,冬天,rj_start1|winter,rj_start1,2年级下,active
KV000173,hot,hot,热的,rj_start1|hot,rj_start1,2年级下,active
KV000174,warm,warm,暖和的,rj_start1|warm,rj_start1,2年级下,active
KV000175,cool,cool,凉爽的,rj_start1|cool,rj_start1,2年级下,active
KV000176,cold,cold,寒冷的,rj_start1|cold,rj_start1,2年级下,active
KV000177,favourite,favourite,最喜欢的,rj_start1|favourite,rj_start1,2年级下,active
KV000178,season,season,季节,rj_start1|season,rj_start1,2年级下,active
KV000179,eleven,eleven,十一；十一个,rj_start1|eleven,rj_start1,2年级下,active
KV000180,twelve,twelve,十二；十二个,rj_start1|twelve,rj_start1,2年级下,active
KV000181,twenty,twenty,二十,rj_start1|twenty,rj_start1,2年级下,active
KV000182,thirty,thirty,三十,rj_start1|thirty,rj_start1,2年级下,active
KV000183,forty,forty,四十,rj_start1|forty,rj_start1,2年级下,active
KV000184,fifty,fifty,五十,rj_start1|fifty,rj_start1,2年级下,active
KV000185,thirteen,thirteen,十三；十三个,rj_start1|thirteen,rj_start1,2年级下,active
KV000186,fourteen,fourteen,十四；十四个,rj_start1|fourteen,rj_start1,2年级下,active
KV000187,fifteen,fifteen,十五；十五个,rj_start1|fifteen,rj_start1,2年级下,active
KV000188,time,time,时间；时刻,rj_start1|time,rj_start1,2年级下,active
KV000189,playtime,playtime,游戏时间；课间活动时间,rj_start1|playtime,rj_start1,2年级下,active
KV000190,get up,get up,起床,rj_start1|get up,rj_start1,2年级下,active
KV000191,eat breakfast,eat breakfast,吃早饭,rj_start1|eat breakfast,rj_start1,2年级下,active
KV000192,go to school,go to school,去上学,rj_start1|go to school,rj_start1,2年级下,active
KV000193,eat lunch,eat lunch,吃午饭,rj_start1|eat lunch,rj_start1,2年级下,active
KV000194,go home,go home,回家,rj_start1|go home,rj_start1,2年级下,active
KV000195,eat dinner,eat dinner,吃晚饭,rj_start1|eat dinner,rj_start1,2年级下,active
KV000196,go to bed,go to bed,上床睡觉,rj_start1|go to bed,rj_start1,2年级下,active
KV000197,when,when,什么时候,rj_start1|when,rj_start1,2年级下,active
KV000198,every day,every day,每天,rj_start1|every day,rj_start1,2年级下,active
KV000199,at,at,在……时刻,rj_start1|at,rj_start1,2年级下,active
KV000200,Sunday,sunday,星期日,rj_start1|sunday,rj_start1,2年级下,active
KV000201,Monday,monday,星期一,rj_start1|monday,rj_start1,2年级下,active
KV000202,Tuesday,tuesday,星期二,rj_start1|tuesday,rj_start1,2年级下,active
KV000203,Wednesday,wednesday,星期三,rj_start1|wednesday,rj_start1,2年级下,active
KV000204,Thursday,thursday,星期四,rj_start1|thursday,rj_start1,2年级下,active
KV000205,Friday,friday,星期五,rj_start1|friday,rj_start1,2年级下,active
KV000206,Saturday,saturday,星期六,rj_start1|saturday,rj_start1,2年级下,active
KV000207,today,today,今天,rj_start1|today,rj_start1,2年级下,active
KV000208,year,year,年；岁,rj_start1|year,rj_start1,3年级上,active
KV000209,old,old,……岁的；年老的,rj_start1|old,rj_start1,3年级上,active
KV000210,how old,how old,几岁；多大,rj_start1|how old,rj_start1,3年级上,active
KV000211,class,class,班；班级,rj_start1|class,rj_start1,3年级上,active
KV000212,grade,grade,年级,rj_start1|grade,rj_start1,3年级上,active
KV000213,age,age,年龄,rj_start1|age,rj_start1,3年级上,active
KV000214,dear,dear,亲爱的,rj_start1|dear,rj_start1,3年级上,active
KV000215,body,body,身体,rj_start1|body,rj_start1,3年级上,active
KV000216,head,head,头；头部,rj_start1|head,rj_start1,3年级上,active
KV000217,hair,hair,头发,rj_start1|hair,rj_start1,3年级上,active
KV000218,arm,arm,手臂,rj_start1|arm,rj_start1,3年级上,active
KV000219,hand,hand,手,rj_start1|hand,rj_start1,3年级上,active
KV000220,leg,leg,腿,rj_start1|leg,rj_start1,3年级上,active
KV000221,foot,foot,脚,rj_start1|foot,rj_start1,3年级上,active
KV000222,feet,feet,脚（foot的复数）,rj_start1|feet,rj_start1,3年级上,active
KV000223,the matter,the matter,问题；怎么了,rj_start1|the matter,rj_start1,3年级上,active
KV000224,hurt,hurt,疼；受伤,rj_start1|hurt,rj_start1,3年级上,active
KV000225,help,help,帮助；帮忙,rj_start1|help,rj_start1,3年级上,active
KV000226,bad,bad,坏的；糟糕的,rj_start1|bad,rj_start1,3年级上,active
KV000227,bite,bite,咬,rj_start1|bite,rj_start1,3年级上,active
KV000228,tongue,tongue,舌头,rj_start1|tongue,rj_start1,3年级上,active
KV000229,kick,kick,踢,rj_start1|kick,rj_start1,3年级上,active
KV000230,morning,morning,早晨；上午,rj_start1|morning,rj_start1,3年级上,active
KV000231,afternoon,afternoon,下午,rj_start1|afternoon,rj_start1,3年级上,active
KV000232,summary,summary,总结；概要,rj_start1|summary,rj_start1,3年级上,active
KV000233,bread,bread,面包,rj_start1|bread,rj_start1,3年级上,active
KV000234,cake,cake,蛋糕,rj_start1|cake,rj_start1,3年级上,active
KV000235,fruit,fruit,水果,rj_start1|fruit,rj_start1,3年级上,active
KV000236,ice-cream,ice-cream,冰淇淋,rj_start1|ice-cream,rj_start1,3年级上,active
KV000237,potato,potato,土豆；马铃薯,rj_start1|potato,rj_start1,3年级上,active
KV000238,tomato,tomato,西红柿；番茄,rj_start1|tomato,rj_start1,3年级上,active
KV000239,meat,meat,肉；肉类,rj_start1|meat,rj_start1,3年级上,active
KV000240,shopping list,shopping list,购物清单,rj_start1|shopping list,rj_start1,3年级上,active
KV000241,cola,cola,可乐,rj_start1|cola,rj_start1,3年级上,active
KV000242,buy,buy,买；购买,rj_start1|buy,rj_start1,3年级上,active
KV000243,vegetables,vegetables,蔬菜,rj_start1|vegetables,rj_start1,3年级上,active
KV000244,duck,duck,鸭子,rj_start1|duck,rj_start1,3年级上,active
KV000245,rabbit,rabbit,兔子,rj_start1|rabbit,rj_start1,3年级上,active
KV000246,pet,pet,宠物,rj_start1|pet,rj_start1,3年级上,active
KV000247,snake,snake,蛇,rj_start1|snake,rj_start1,3年级上,active
KV000248,turtle,turtle,乌龟,rj_start1|turtle,rj_start1,3年级上,active
KV000249,small,small,小的,rj_start1|small,rj_start1,3年级上,active
KV000250,long,long,长的,rj_start1|long,rj_start1,3年级上,active
KV000251,look for,look for,寻找,rj_start1|look for,rj_start1,3年级上,active
KV000252,tail,tail,尾巴,rj_start1|tail,rj_start1,3年级上,active
KV000253,dance,dance,跳舞,rj_start1|dance,rj_start1,3年级上,active
KV000254,cap,cap,帽子；便帽,rj_start1|cap,rj_start1,3年级上,active
KV000255,coat,coat,外套,rj_start1|coat,rj_start1,3年级上,active
KV000256,shoes,shoes,鞋,rj_start1|shoes,rj_start1,3年级上,active
KV000257,sweater,sweater,毛衣,rj_start1|sweater,rj_start1,3年级上,active
KV000258,jacket,jacket,夹克衫,rj_start1|jacket,rj_start1,3年级上,active
KV000259,gloves,gloves,手套,rj_start1|gloves,rj_start1,3年级上,active
KV000260,trousers,trousers,裤子；长裤,rj_start1|trousers,rj_start1,3年级上,active
KV000261,should,should,应该,rj_start1|should,rj_start1,3年级上,active
KV000262,wear,wear,穿；戴,rj_start1|wear,rj_start1,3年级上,active
KV000263,week,week,星期；周,rj_start1|week,rj_start1,3年级上,active
KV000264,soon,soon,很快；不久,rj_start1|soon,rj_start1,3年级上,active
KV000265,look forward to,look forward to,期待；盼望,rj_start1|look forward to,rj_start1,3年级上,active
KV000266,January,january,一月,rj_start1|january,rj_start1,3年级上,active
KV000267,February,february,二月,rj_start1|february,rj_start1,3年级上,active
KV000268,March,march,三月,rj_start1|march,rj_start1,3年级上,active
KV000269,April,april,四月,rj_start1|april,rj_start1,3年级上,active
KV000270,May,may,五月,rj_start1|may,rj_start1,3年级上,active
KV000271,June,june,六月,rj_start1|june,rj_start1,3年级上,active
KV000272,July,july,七月,rj_start1|july,rj_start1,3年级上,active
KV000273,August,august,八月,rj_start1|august,rj_start1,3年级上,active
KV000274,September,september,九月,rj_start1|september,rj_start1,3年级上,active
KV000275,October,october,十月,rj_start1|october,rj_start1,3年级上,active
KV000276,November,november,十一月,rj_start1|november,rj_start1,3年级上,active
KV000277,December,december,十二月,rj_start1|december,rj_start1,3年级上,active
KV000278,birthday,birthday,生日,rj_start1|birthday,rj_start1,3年级上,active
KV000279,first,first,第一；首先,rj_start1|first,rj_start1,3年级上,active
KV000280,party,party,聚会；派对,rj_start1|party,rj_start1,3年级上,active
KV000281,delicious,delicious,美味的；好吃的,rj_start1|delicious,rj_start1,3年级上,active
KV000282,Chinese,chinese,汉语；中文,rj_start1|chinese,rj_start1,3年级下,active
KV000283,English,english,英语,rj_start1|english,rj_start1,3年级下,active
KV000284,science,science,科学；科学课,rj_start1|science,rj_start1,3年级下,active
KV000285,PE,pe,体育；体育课,rj_start1|pe,rj_start1,3年级下,active
KV000286,music,music,音乐；音乐课,rj_start1|music,rj_start1,3年级下,active
KV000287,maths,maths,数学；数学课,rj_start1|maths,rj_start1,3年级下,active
KV000288,art,art,美术；美术课,rj_start1|art,rj_start1,3年级下,active
KV000289,computer class,computer class,计算机课,rj_start1|computer class,rj_start1,3年级下,active
KV000290,we,we,我们,rj_start1|we,rj_start1,3年级下,active
KV000291,that,that,那；那个,rj_start1|that,rj_start1,3年级下,active
KV000292,classroom,classroom,教室,rj_start1|classroom,rj_start1,3年级下,active
KV000293,library,library,图书馆,rj_start1|library,rj_start1,3年级下,active
KV000294,toilet,toilet,厕所；卫生间,rj_start1|toilet,rj_start1,3年级下,active
KV000295,playground,playground,操场,rj_start1|playground,rj_start1,3年级下,active
KV000296,second,second,第二,rj_start1|second,rj_start1,3年级下,active
KV000297,third,third,第三,rj_start1|third,rj_start1,3年级下,active
KV000298,floor,floor,楼层；地板,rj_start1|floor,rj_start1,3年级下,active
KV000299,room,room,房间,rj_start1|room,rj_start1,3年级下,active
KV000300,our,our,我们的,rj_start1|our,rj_start1,3年级下,active
KV000301,they,they,他们；她们；它们,rj_start1|they,rj_start1,3年级下,active
KV000302,after school,after school,放学后,rj_start1|after school,rj_start1,3年级下,active
KV000303,play sports,play sports,做运动；参加体育活动,rj_start1|play sports,rj_start1,3年级下,active
KV000304,draw pictures,draw pictures,画画,rj_start1|draw pictures,rj_start1,3年级下,active
KV000305,play chess,play chess,下棋,rj_start1|play chess,rj_start1,3年级下,active
KV000306,sing songs,sing songs,唱歌,rj_start1|sing songs,rj_start1,3年级下,active
KV000307,read books,read books,读书；看书,rj_start1|read books,rj_start1,3年级下,active
KV000308,really,really,真的；确实,rj_start1|really,rj_start1,3年级下,active
KV000309,tomorrow,tomorrow,明天,rj_start1|tomorrow,rj_start1,3年级下,active
KV000310,wake up,wake up,醒来；叫醒,rj_start1|wake up,rj_start1,3年级下,active
KV000311,be back,be back,回来,rj_start1|be back,rj_start1,3年级下,active
KV000312,family,family,家庭；家人,rj_start1|family,rj_start1,3年级下,active
KV000313,uncle,uncle,叔叔；舅舅等,rj_start1|uncle,rj_start1,3年级下,active
KV000314,aunt,aunt,阿姨；姑姑；姨妈等,rj_start1|aunt,rj_start1,3年级下,active
KV000315,cousin,cousin,堂兄弟姐妹；表兄弟姐妹,rj_start1|cousin,rj_start1,3年级下,active
KV000316,beautiful,beautiful,美丽的；漂亮的,rj_start1|beautiful,rj_start1,3年级下,active
KV000317,lost,lost,丢失的；迷路的,rj_start1|lost,rj_start1,3年级下,active
KV000318,water bottle,water bottle,水瓶；水壶,rj_start1|water bottle,rj_start1,3年级下,active
KV000319,know,know,知道；认识,rj_start1|know,rj_start1,3年级下,active
KV000320,ok,ok,好的；可以,rj_start1|ok,rj_start1,3年级下,active
KV000321,much,much,很；非常,rj_start1|much,rj_start1,3年级下,active
KV000322,welcome,welcome,欢迎；不客气,rj_start1|welcome,rj_start1,3年级下,active
KV000323,cooking dinner,cooking dinner,正在做晚饭,rj_start1|cooking dinner,rj_start1,3年级下,active
KV000324,walking the dog,walking the dog,正在遛狗,rj_start1|walking the dog,rj_start1,3年级下,active
KV000325,watering the plants,watering the plants,正在给植物浇水,rj_start1|watering the plants,rj_start1,3年级下,active
KV000326,cleaning the room,cleaning the room,正在打扫房间,rj_start1|cleaning the room,rj_start1,3年级下,active
KV000327,listening to music,listening to music,正在听音乐,rj_start1|listening to music,rj_start1,3年级下,active
KV000328,watching TV,watching tv,正在看电视,rj_start1|watching tv,rj_start1,3年级下,active
KV000329,feeding the fish,feeding the fish,正在喂鱼,rj_start1|feeding the fish,rj_start1,3年级下,active
KV000330,play with,play with,和……一起玩,rj_start1|play with,rj_start1,3年级下,active
KV000331,in one hour,in one hour,一小时后,rj_start1|in one hour,rj_start1,3年级下,active
KV000332,everyone,everyone,每个人；大家,rj_start1|everyone,rj_start1,3年级下,active
KV000333,children,children,孩子们,rj_start1|children,rj_start1,3年级下,active
KV000334,run,run,跑；奔跑,rj_start1|run,rj_start1,3年级下,active
KV000335,home,home,家；在家,rj_start1|home,rj_start1,3年级下,active
KV000336,bedroom,bedroom,卧室,rj_start1|bedroom,rj_start1,3年级下,active
KV000337,living room,living room,客厅,rj_start1|living room,rj_start1,3年级下,active
KV000338,bathroom,bathroom,浴室；卫生间,rj_start1|bathroom,rj_start1,3年级下,active
KV000339,dining room,dining room,餐厅；饭厅,rj_start1|dining room,rj_start1,3年级下,active
KV000340,study,study,书房；学习,rj_start1|study,rj_start1,3年级下,active
KV000341,kitchen,kitchen,厨房,rj_start1|kitchen,rj_start1,3年级下,active
KV000342,for rent,for rent,出租,rj_start1|for rent,rj_start1,3年级下,active
KV000343,sofa,sofa,沙发,rj_start1|sofa,rj_start1,3年级下,active
KV000344,running,running,跑步,rj_start1|running,rj_start1,4年级上,active
KV000345,basketball,basketball,篮球,rj_start1|basketball,rj_start1,4年级上,active
KV000346,roller skating,roller skating,轮滑；滑旱冰,rj_start1|roller skating,rj_start1,4年级上,active
KV000347,jumping rope,jumping rope,跳绳,rj_start1|jumping rope,rj_start1,4年级上,active
KV000348,ping-pong,ping-pong,乒乓球,rj_start1|ping-pong,rj_start1,4年级上,active
KV000349,What about ...?,what about ...?,……怎么样？,rj_start1|what about ...?,rj_start1,4年级上,active
KV000350,interesting,interesting,有趣的,rj_start1|interesting,rj_start1,4年级上,active
KV000351,often,often,经常；常常,rj_start1|often,rj_start1,4年级上,active
KV000352,be good at,be good at,擅长,rj_start1|be good at,rj_start1,4年级上,active
KV000353,late,late,迟到的；晚的,rj_start1|late,rj_start1,4年级上,active
KV000354,visit one's grandparents,visit one's grandparents,看望祖父母或外祖父母,rj_start1|visit one's grandparents,rj_start1,4年级上,active
KV000355,go to a drawing club,go to a drawing club,参加绘画俱乐部,rj_start1|go to a drawing club,rj_start1,4年级上,active
KV000356,climb a hill,climb a hill,爬山；爬小山,rj_start1|climb a hill,rj_start1,4年级上,active
KV000357,pick fruit,pick fruit,摘水果,rj_start1|pick fruit,rj_start1,4年级上,active
KV000358,play computer games,play computer games,玩电脑游戏,rj_start1|play computer games,rj_start1,4年级上,active
KV000359,go fishing,go fishing,去钓鱼,rj_start1|go fishing,rj_start1,4年级上,active
KV000360,go to the cinema,go to the cinema,去电影院；看电影,rj_start1|go to the cinema,rj_start1,4年级上,active
KV000361,on the weekend,on the weekend,在周末,rj_start1|on the weekend,rj_start1,4年级上,active
KV000362,fun,fun,乐趣；有趣,rj_start1|fun,rj_start1,4年级上,active
KV000363,always,always,总是,rj_start1|always,rj_start1,4年级上,active
KV000364,step,step,步；台阶,rj_start1|step,rj_start1,4年级上,active
KV000365,paint,paint,油漆；给……刷漆,rj_start1|paint,rj_start1,4年级上,active
KV000366,evening,evening,晚上,rj_start1|evening,rj_start1,4年级上,active
KV000367,dirty,dirty,脏的,rj_start1|dirty,rj_start1,4年级上,active
KV000368,their,their,他们的；她们的；它们的,rj_start1|their,rj_start1,4年级上,active
KV000369,house,house,房子；住宅,rj_start1|house,rj_start1,4年级上,active
KV000370,poor,poor,贫穷的；可怜的,rj_start1|poor,rj_start1,4年级上,active
KV000371,hope,hope,希望,rj_start1|hope,rj_start1,4年级上,active
KV000372,so,so,所以；因此,rj_start1|so,rj_start1,4年级上,active
KV000373,day,day,天；一天,rj_start1|day,rj_start1,4年级上,active
KV000374,usually,usually,通常,rj_start1|usually,rj_start1,4年级上,active
KV000375,by bus,by bus,乘公交车,rj_start1|by bus,rj_start1,4年级上,active
KV000376,by boat,by boat,乘小船；乘船,rj_start1|by boat,rj_start1,4年级上,active
KV000377,by ship,by ship,乘轮船；乘船,rj_start1|by ship,rj_start1,4年级上,active
KV000378,by car,by car,乘汽车,rj_start1|by car,rj_start1,4年级上,active
KV000379,by taxi,by taxi,乘出租车,rj_start1|by taxi,rj_start1,4年级上,active
KV000380,by bike,by bike,骑自行车,rj_start1|by bike,rj_start1,4年级上,active
KV000381,on foot,on foot,步行,rj_start1|on foot,rj_start1,4年级上,active
KV000382,by school bus,by school bus,乘校车,rj_start1|by school bus,rj_start1,4年级上,active
KV000383,by subway,by subway,乘地铁,rj_start1|by subway,rj_start1,4年级上,active
KV000384,by plane,by plane,乘飞机,rj_start1|by plane,rj_start1,4年级上,active
KV000385,by train,by train,乘火车,rj_start1|by train,rj_start1,4年级上,active
KV000386,garden,garden,花园,rj_start1|garden,rj_start1,4年级上,active
KV000387,meeting place,meeting place,集合地点,rj_start1|meeting place,rj_start1,4年级上,active
KV000388,gate,gate,大门,rj_start1|gate,rj_start1,4年级上,active
KV000389,transportation,transportation,交通；交通方式,rj_start1|transportation,rj_start1,4年级上,active
KV000390,film,film,电影,rj_start1|film,rj_start1,4年级上,active
KV000391,earth,earth,地球,rj_start1|earth,rj_start1,4年级上,active
KV000392,snow,snow,雪,rj_start1|snow,rj_start1,4年级上,active
KV000393,theatre,theatre,剧院,rj_start1|theatre,rj_start1,4年级上,active
KV000394,come,come,来,rj_start1|come,rj_start1,4年级上,active
KV000395,enjoy,enjoy,喜欢；享受,rj_start1|enjoy,rj_start1,4年级上,active
KV000396,pen,pen,钢笔,rj_start1|pen,rj_start1,4年级上,active
KV000397,knife,knife,刀,rj_start1|knife,rj_start1,4年级上,active
KV000398,eraser,eraser,橡皮,rj_start1|eraser,rj_start1,4年级上,active
KV000399,crayon,crayon,蜡笔,rj_start1|crayon,rj_start1,4年级上,active
KV000400,scissors,scissors,剪刀,rj_start1|scissors,rj_start1,4年级上,active
KV000401,glue stick,glue stick,胶棒,rj_start1|glue stick,rj_start1,4年级上,active
KV000402,paper,paper,纸,rj_start1|paper,rj_start1,4年级上,active
KV000403,use,use,使用,rj_start1|use,rj_start1,4年级上,active
KV000404,please,please,请,rj_start1|please,rj_start1,4年级上,active
KV000405,find,find,找到；发现,rj_start1|find,rj_start1,4年级上,active
KV000406,Information Centre,information centre,信息中心,rj_start1|information centre,rj_start1,4年级上,active
KV000407,Excuse me,excuse me,劳驾；对不起,rj_start1|excuse me,rj_start1,4年级上,active
KV000408,phone,phone,电话；打电话,rj_start1|phone,rj_start1,4年级上,active
KV000409,dad,dad,爸爸,rj_start1|dad,rj_start1,4年级上,active
KV000410,hamburger,hamburger,汉堡包,rj_start1|hamburger,rj_start1,4年级上,active
KV000411,shop,shop,商店；购物,rj_start1|shop,rj_start1,4年级上,active
KV000412,climb on the window ledge,climb on the window ledge,爬上窗台,rj_start1|climb on the window ledge,rj_start1,4年级上,active
KV000413,dangerous,dangerous,危险的,rj_start1|dangerous,rj_start1,4年级上,active
KV000414,play with fire,play with fire,玩火,rj_start1|play with fire,rj_start1,4年级上,active
KV000415,Be careful!,be careful!,小心！,rj_start1|be careful!,rj_start1,4年级上,active
KV000416,run down the stairs,run down the stairs,跑下楼梯,rj_start1|run down the stairs,rj_start1,4年级上,active
KV000417,sidewalk,sidewalk,人行道,rj_start1|sidewalk,rj_start1,4年级上,active
KV000418,wait for,wait for,等待,rj_start1|wait for,rj_start1,4年级上,active
KV000419,safe,safe,安全的,rj_start1|safe,rj_start1,4年级上,active
KV000420,stop,stop,停；停止,rj_start1|stop,rj_start1,4年级上,active
KV000421,street,street,街道,rj_start1|street,rj_start1,4年级上,active
KV000422,safety rule,safety rule,安全规则,rj_start1|safety rule,rj_start1,4年级上,active
KV000423,nurse,nurse,护士,rj_start1|nurse,rj_start1,4年级上,active
KV000424,cook,cook,厨师；做饭,rj_start1|cook,rj_start1,4年级上,active
KV000425,doctor,doctor,医生,rj_start1|doctor,rj_start1,4年级上,active
KV000426,bus driver,bus driver,公交车司机,rj_start1|bus driver,rj_start1,4年级上,active
KV000427,police officer,police officer,警察；警官,rj_start1|police officer,rj_start1,4年级上,active
KV000428,taxi driver,taxi driver,出租车司机,rj_start1|taxi driver,rj_start1,4年级上,active
KV000429,farmer,farmer,农民,rj_start1|farmer,rj_start1,4年级上,active
KV000430,worker,worker,工人,rj_start1|worker,rj_start1,4年级上,active
KV000431,in the future,in the future,将来；未来,rj_start1|in the future,rj_start1,4年级上,active
KV000432,great,great,很棒的；伟大的,rj_start1|great,rj_start1,4年级上,active
KV000433,job,job,工作；职业,rj_start1|job,rj_start1,4年级上,active
KV000434,sick,sick,生病的,rj_start1|sick,rj_start1,4年级上,active
KV000435,people,people,人们,rj_start1|people,rj_start1,4年级上,active
KV000436,teach,teach,教,rj_start1|teach,rj_start1,4年级上,active
KV000437,just,just,只是；仅仅,rj_start1|just,rj_start1,4年级上,active
KV000438,myself,myself,我自己,rj_start1|myself,rj_start1,4年级上,active
KV000439,sound,sound,听起来；声音,rj_start1|sound,rj_start1,4年级上,active
KV000440,across from,across from,在……对面,rj_start1|across from,rj_start1,4年级下,active
KV000441,next to,next to,紧挨着；在……旁边,rj_start1|next to,rj_start1,4年级下,active
KV000442,between,between,在……之间,rj_start1|between,rj_start1,4年级下,active
KV000443,restaurant,restaurant,餐馆；饭店,rj_start1|restaurant,rj_start1,4年级下,active
KV000444,post office,post office,邮局,rj_start1|post office,rj_start1,4年级下,active
KV000445,bank,bank,银行,rj_start1|bank,rj_start1,4年级下,active
KV000446,grocery,grocery,食品杂货店；杂货店,rj_start1|grocery,rj_start1,4年级下,active
KV000447,turn left,turn left,向左转,rj_start1|turn left,rj_start1,4年级下,active
KV000448,turn right,turn right,向右转,rj_start1|turn right,rj_start1,4年级下,active
KV000449,go straight,go straight,直走,rj_start1|go straight,rj_start1,4年级下,active
KV000450,crossroads,crossroads,十字路口,rj_start1|crossroads,rj_start1,4年级下,active
KV000451,neighbourhood,neighbourhood,街区；社区,rj_start1|neighbourhood,rj_start1,4年级下,active
KV000452,send,send,发送；寄,rj_start1|send,rj_start1,4年级下,active
KV000453,get,get,得到；取得,rj_start1|get,rj_start1,4年级下,active
KV000454,money,money,钱,rj_start1|money,rj_start1,4年级下,active
KV000455,get to,get to,到达,rj_start1|get to,rj_start1,4年级下,active
KV000456,before,before,在……之前,rj_start1|before,rj_start1,4年级下,active
KV000457,leave,leave,离开,rj_start1|leave,rj_start1,4年级下,active
KV000458,toy,toy,玩具,rj_start1|toy,rj_start1,4年级下,active
KV000459,city,city,城市,rj_start1|city,rj_start1,4年级下,active
KV000460,sports centre,sports centre,体育中心,rj_start1|sports centre,rj_start1,4年级下,active
KV000461,hotel,hotel,酒店；旅馆,rj_start1|hotel,rj_start1,4年级下,active
KV000462,square,square,广场,rj_start1|square,rj_start1,4年级下,active
KV000463,buy toys,buy toys,买玩具,rj_start1|buy toys,rj_start1,4年级下,active
KV000464,see a film,see a film,看电影,rj_start1|see a film,rj_start1,4年级下,active
KV000465,go boating,go boating,去划船,rj_start1|go boating,rj_start1,4年级下,active
KV000466,busy,busy,忙的,rj_start1|busy,rj_start1,4年级下,active
KV000467,station,station,车站,rj_start1|station,rj_start1,4年级下,active
KV000468,place,place,地方,rj_start1|place,rj_start1,4年级下,active
KV000469,thing,thing,东西；事情,rj_start1|thing,rj_start1,4年级下,active
KV000470,stay,stay,停留；待,rj_start1|stay,rj_start1,4年级下,active
KV000471,star,star,星星,rj_start1|star,rj_start1,4年级下,active
KV000472,king,king,国王,rj_start1|king,rj_start1,4年级下,active
KV000473,central,central,中心的；中央的,rj_start1|central,rj_start1,4年级下,active
KV000474,take photos,take photos,拍照,rj_start1|take photos,rj_start1,4年级下,active
KV000475,museum,museum,博物馆,rj_start1|museum,rj_start1,4年级下,active
KV000476,dream,dream,梦想,rj_start1|dream,rj_start1,4年级下,active
KV000477,sea,sea,海,rj_start1|sea,rj_start1,4年级下,active
KV000478,ski,ski,滑雪,rj_start1|ski,rj_start1,4年级下,active
KV000479,eat seafood,eat seafood,吃海鲜,rj_start1|eat seafood,rj_start1,4年级下,active
KV000480,visit the Mogao Caves,visit the mogao caves,参观莫高窟,rj_start1|visit the mogao caves,rj_start1,4年级下,active
KV000481,West Lake,west lake,西湖,rj_start1|west lake,rj_start1,4年级下,active
KV000482,row a boat,row a boat,划船,rj_start1|row a boat,rj_start1,4年级下,active
KV000483,the Great Wall,the great wall,长城,rj_start1|the great wall,rj_start1,4年级下,active
KV000484,summer vacation,summer vacation,暑假,rj_start1|summer vacation,rj_start1,4年级下,active
KV000485,travel,travel,旅行；旅游,rj_start1|travel,rj_start1,4年级下,active
KV000486,reading,reading,阅读；读书,rj_start1|reading,rj_start1,4年级下,active
KV000487,skateboarding,skateboarding,滑板运动,rj_start1|skateboarding,rj_start1,4年级下,active
KV000488,singing,singing,唱歌,rj_start1|singing,rj_start1,4年级下,active
KV000489,dancing,dancing,跳舞,rj_start1|dancing,rj_start1,4年级下,active
KV000490,doing jigsaw puzzles,doing jigsaw puzzles,拼拼图,rj_start1|doing jigsaw puzzles,rj_start1,4年级下,active
KV000491,making models,making models,做模型,rj_start1|making models,rj_start1,4年级下,active
KV000492,collecting erasers,collecting erasers,收集橡皮,rj_start1|collecting erasers,rj_start1,4年级下,active
KV000493,different,different,不同的,rj_start1|different,rj_start1,4年级下,active
KV000494,hobby,hobby,爱好,rj_start1|hobby,rj_start1,4年级下,active
KV000495,stamp,stamp,邮票,rj_start1|stamp,rj_start1,4年级下,active
KV000496,catch,catch,抓住；捕捉,rj_start1|catch,rj_start1,4年级下,active
KV000497,go for a picnic,go for a picnic,去野餐,rj_start1|go for a picnic,rj_start1,4年级下,active
KV000498,play the violin,play the violin,拉小提琴,rj_start1|play the violin,rj_start1,4年级下,active
KV000499,go skating,go skating,去滑冰,rj_start1|go skating,rj_start1,4年级下,active
KV000500,go camping,go camping,去露营,rj_start1|go camping,rj_start1,4年级下,active
KV000501,do the housework,do the housework,做家务,rj_start1|do the housework,rj_start1,4年级下,active
KV000502,free,free,空闲的,rj_start1|free,rj_start1,4年级下,active
KV000503,never,never,从不；从未,rj_start1|never,rj_start1,4年级下,active
KV000504,once a week,once a week,每周一次,rj_start1|once a week,rj_start1,4年级下,active
KV000505,twice a week,twice a week,每周两次,rj_start1|twice a week,rj_start1,4年级下,active
KV000506,three times a week,three times a week,每周三次,rj_start1|three times a week,rj_start1,4年级下,active
KV000507,Canada,canada,加拿大,rj_start1|canada,rj_start1,4年级下,active
KV000508,Australia,australia,澳大利亚,rj_start1|australia,rj_start1,4年级下,active
KV000509,the UK,the uk,英国,rj_start1|the uk,rj_start1,4年级下,active
KV000510,the USA,the usa,美国,rj_start1|the usa,rj_start1,4年级下,active
KV000511,China,china,中国,rj_start1|china,rj_start1,4年级下,active
KV000512,koala,koala,考拉；树袋熊,rj_start1|koala,rj_start1,4年级下,active
KV000513,maple leaves,maple leaves,枫叶,rj_start1|maple leaves,rj_start1,4年级下,active
KV000514,Big Ben,big ben,大本钟,rj_start1|big ben,rj_start1,4年级下,active
KV000515,Disneyland,disneyland,迪士尼乐园,rj_start1|disneyland,rj_start1,4年级下,active
KV000516,campfire,campfire,篝火；营火,rj_start1|campfire,rj_start1,4年级下,active
KV000517,cute,cute,可爱的,rj_start1|cute,rj_start1,4年级下,active
KV000518,country,country,国家,rj_start1|country,rj_start1,4年级下,active
KV000519,clever,clever,聪明的,rj_start1|clever,rj_start1,5年级上,active
KV000520,careless,careless,粗心的,rj_start1|careless,rj_start1,5年级上,active
KV000521,polite,polite,有礼貌的,rj_start1|polite,rj_start1,5年级上,active
KV000522,quiet,quiet,安静的；文静的,rj_start1|quiet,rj_start1,5年级上,active
KV000523,friendly,friendly,友好的,rj_start1|friendly,rj_start1,5年级上,active
KV000524,helpful,helpful,乐于助人的；有帮助的,rj_start1|helpful,rj_start1,5年级上,active
KV000525,active,active,活跃的；积极的,rj_start1|active,rj_start1,5年级上,active
KV000526,popular,popular,受欢迎的,rj_start1|popular,rj_start1,5年级上,active
KV000527,talk,talk,交谈；说话,rj_start1|talk,rj_start1,5年级上,active
KV000528,all,all,全部；所有,rj_start1|all,rj_start1,5年级上,active
KV000529,but,but,但是,rj_start1|but,rj_start1,5年级上,active
KV000530,sometimes,sometimes,有时,rj_start1|sometimes,rj_start1,5年级上,active
KV000531,bark,bark,狗叫；吠,rj_start1|bark,rj_start1,5年级上,active
KV000532,forget,forget,忘记,rj_start1|forget,rj_start1,5年级上,active
KV000533,with,with,和；跟；带有,rj_start1|with,rj_start1,5年级上,active
KV000534,wear glasses,wear glasses,戴眼镜,rj_start1|wear glasses,rj_start1,5年级上,active
KV000535,slim,slim,苗条的,rj_start1|slim,rj_start1,5年级上,active
KV000536,curly,curly,卷曲的,rj_start1|curly,rj_start1,5年级上,active
KV000537,straight,straight,直的,rj_start1|straight,rj_start1,5年级上,active
KV000538,nice,nice,友好的；好的,rj_start1|nice,rj_start1,5年级上,active
KV000539,young,young,年轻的,rj_start1|young,rj_start1,5年级上,active
KV000540,guess,guess,猜；猜测,rj_start1|guess,rj_start1,5年级上,active
KV000541,has,has,有（have的第三人称单数）,rj_start1|has,rj_start1,5年级上,active
KV000542,animal,animal,动物,rj_start1|animal,rj_start1,5年级上,active
KV000543,elephant,elephant,大象,rj_start1|elephant,rj_start1,5年级上,active
KV000544,panda,panda,熊猫,rj_start1|panda,rj_start1,5年级上,active
KV000545,horse,horse,马,rj_start1|horse,rj_start1,5年级上,active
KV000546,cow,cow,奶牛；母牛,rj_start1|cow,rj_start1,5年级上,active
KV000547,pig,pig,猪,rj_start1|pig,rj_start1,5年级上,active
KV000548,sheep,sheep,绵羊；羊,rj_start1|sheep,rj_start1,5年级上,active
KV000549,bee,bee,蜜蜂,rj_start1|bee,rj_start1,5年级上,active
KV000550,farm,farm,农场,rj_start1|farm,rj_start1,5年级上,active
KV000551,fast,fast,快的；快速地,rj_start1|fast,rj_start1,5年级上,active
KV000552,why,why,为什么,rj_start1|why,rj_start1,5年级上,active
KV000553,lovely,lovely,可爱的；讨人喜欢的,rj_start1|lovely,rj_start1,5年级上,active
KV000554,butterfly,butterfly,蝴蝶,rj_start1|butterfly,rj_start1,5年级上,active
KV000555,exercise book,exercise book,练习本,rj_start1|exercise book,rj_start1,5年级上,active
KV000556,pencil sharpener,pencil sharpener,卷笔刀,rj_start1|pencil sharpener,rj_start1,5年级上,active
KV000557,a pair of scissors,a pair of scissors,一把剪刀,rj_start1|a pair of scissors,rj_start1,5年级上,active
KV000558,pencil box,pencil box,铅笔盒,rj_start1|pencil box,rj_start1,5年级上,active
KV000559,a box of crayons,a box of crayons,一盒蜡笔,rj_start1|a box of crayons,rj_start1,5年级上,active
KV000560,only,only,只；仅仅,rj_start1|only,rj_start1,5年级上,active
KV000561,also,also,也；还,rj_start1|also,rj_start1,5年级上,active
KV000562,saleswoman,saleswoman,女售货员,rj_start1|saleswoman,rj_start1,5年级上,active
KV000563,love,love,喜爱；爱,rj_start1|love,rj_start1,5年级上,active
KV000564,how much,how much,多少钱,rj_start1|how much,rj_start1,5年级上,active
KV000565,a lot,a lot,很多；非常,rj_start1|a lot,rj_start1,5年级上,active
KV000566,wonderful,wonderful,精彩的；极好的,rj_start1|wonderful,rj_start1,5年级上,active
KV000567,fantastic,fantastic,极好的；非常棒的,rj_start1|fantastic,rj_start1,5年级上,active
KV000568,cartoons,cartoons,动画片；卡通片,rj_start1|cartoons,rj_start1,5年级上,active
KV000569,news shows,news shows,新闻节目,rj_start1|news shows,rj_start1,5年级上,active
KV000570,nature shows,nature shows,自然节目,rj_start1|nature shows,rj_start1,5年级上,active
KV000571,chore,chore,家务；杂务,rj_start1|chore,rj_start1,5年级上,active
KV000572,clean the room,clean the room,打扫房间,rj_start1|clean the room,rj_start1,5年级上,active
KV000573,make the bed,make the bed,整理床铺；铺床,rj_start1|make the bed,rj_start1,5年级上,active
KV000574,take out the rubbish,take out the rubbish,倒垃圾；把垃圾拿出去,rj_start1|take out the rubbish,rj_start1,5年级上,active
KV000575,wash clothes,wash clothes,洗衣服,rj_start1|wash clothes,rj_start1,5年级上,active
KV000576,tidy the desk,tidy the desk,整理书桌,rj_start1|tidy the desk,rj_start1,5年级上,active
KV000577,sweep the floor,sweep the floor,扫地,rj_start1|sweep the floor,rj_start1,5年级上,active
KV000578,call,call,打电话；呼叫,rj_start1|call,rj_start1,5年级上,active
KV000579,too much,too much,太多,rj_start1|too much,rj_start1,5年级下,active
KV000580,candy,candy,糖果,rj_start1|candy,rj_start1,5年级下,active
KV000581,early,early,早；早地,rj_start1|early,rj_start1,5年级下,active
KV000582,exercise,exercise,锻炼；运动,rj_start1|exercise,rj_start1,5年级下,active
KV000583,tired,tired,疲倦的；累的,rj_start1|tired,rj_start1,5年级下,active
KV000584,drink,drink,喝；饮料,rj_start1|drink,rj_start1,5年级下,active
KV000585,stomachache,stomachache,胃痛；肚子痛,rj_start1|stomachache,rj_start1,5年级下,active
KV000586,headache,headache,头痛,rj_start1|headache,rj_start1,5年级下,active
KV000587,toothache,toothache,牙痛,rj_start1|toothache,rj_start1,5年级下,active
KV000588,a lot of,a lot of,许多；大量,rj_start1|a lot of,rj_start1,5年级下,active
KV000589,sleepy,sleepy,困倦的；想睡的,rj_start1|sleepy,rj_start1,5年级下,active
KV000590,subject,subject,学科；科目,rj_start1|subject,rj_start1,5年级下,active
KV000591,mark,mark,分数；成绩,rj_start1|mark,rj_start1,5年级下,active
KV000592,advice,advice,建议,rj_start1|advice,rj_start1,5年级下,active
KV000593,more,more,更多的；更多,rj_start1|more,rj_start1,5年级下,active
KV000594,New Year's Day,new year's day,元旦,rj_start1|new year's day,rj_start1,5年级下,active
KV000595,Tree Planting Day,tree planting day,植树节,rj_start1|tree planting day,rj_start1,5年级下,active
KV000596,Mother's Day,mother's day,母亲节,rj_start1|mother's day,rj_start1,5年级下,active
KV000597,Children's Day,children's day,儿童节,rj_start1|children's day,rj_start1,5年级下,active
KV000598,Father's Day,father's day,父亲节,rj_start1|father's day,rj_start1,5年级下,active
KV000599,Teachers' Day,teachers' day,教师节,rj_start1|teachers' day,rj_start1,5年级下,active
KV000600,National Day,national day,国庆节,rj_start1|national day,rj_start1,5年级下,active
KV000601,Christmas Day,christmas day,圣诞节,rj_start1|christmas day,rj_start1,5年级下,active
KV000602,fifth,fifth,第五,rj_start1|fifth,rj_start1,5年级下,active
KV000603,5th,5th,第五（fifth的缩写）,rj_start1|5th,rj_start1,5年级下,active
KV000604,tenth,tenth,第十,rj_start1|tenth,rj_start1,5年级下,active
KV000605,10th,10th,第十（tenth的缩写）,rj_start1|10th,rj_start1,5年级下,active
KV000606,twelfth,twelfth,第十二,rj_start1|twelfth,rj_start1,5年级下,active
KV000607,12th,12th,第十二（twelfth的缩写）,rj_start1|12th,rj_start1,5年级下,active
KV000608,twenty-fifth,twenty-fifth,第二十五,rj_start1|twenty-fifth,rj_start1,5年级下,active
KV000609,25th,25th,第二十五（twenty-fifth的缩写）,rj_start1|25th,rj_start1,5年级下,active
KV000610,plant,plant,种植；植物,rj_start1|plant,rj_start1,5年级下,active
KV000611,make a poster,make a poster,制作海报,rj_start1|make a poster,rj_start1,5年级下,active
KV000612,celebrate,celebrate,庆祝,rj_start1|celebrate,rj_start1,5年级下,active
KV000613,have a picnic,have a picnic,去野餐；举行野餐,rj_start1|have a picnic,rj_start1,5年级下,active
KV000614,office,office,办公室,rj_start1|office,rj_start1,5年级下,active
KV000615,together,together,一起,rj_start1|together,rj_start1,5年级下,active
KV000616,special,special,特别的；特殊的,rj_start1|special,rj_start1,5年级下,active
KV000617,send an email,send an email,发送电子邮件,rj_start1|send an email,rj_start1,5年级下,active
KV000618,write a letter,write a letter,写信,rj_start1|write a letter,rj_start1,5年级下,active
KV000619,make a phone call,make a phone call,打电话,rj_start1|make a phone call,rj_start1,5年级下,active
KV000620,send a short message,send a short message,发送短信,rj_start1|send a short message,rj_start1,5年级下,active
KV000621,mail a present,mail a present,邮寄礼物,rj_start1|mail a present,rj_start1,5年级下,active
KV000622,make a video call,make a video call,视频通话,rj_start1|make a video call,rj_start1,5年级下,active
KV000623,say,say,说；讲,rj_start1|say,rj_start1,5年级下,active
KV000624,make a card,make a card,制作卡片,rj_start1|make a card,rj_start1,5年级下,active
KV000625,everywhere,everywhere,到处；各处,rj_start1|everywhere,rj_start1,5年级下,active
KV000626,flower show,flower show,花展,rj_start1|flower show,rj_start1,5年级下,active
KV000627,cleaned the window,cleaned the window,擦了窗户,rj_start1|cleaned the window,rj_start1,5年级下,active
KV000628,watched TV,watched tv,看了电视,rj_start1|watched tv,rj_start1,5年级下,active
KV000629,climbed a hill,climbed a hill,爬了山,rj_start1|climbed a hill,rj_start1,5年级下,active
KV000630,visited grandparents,visited grandparents,看望了祖父母或外祖父母,rj_start1|visited grandparents,rj_start1,5年级下,active
KV000631,danced,danced,跳了舞,rj_start1|danced,rj_start1,5年级下,active
KV000632,jumped rope,jumped rope,跳了绳,rj_start1|jumped rope,rj_start1,5年级下,active
KV000633,listened to music,listened to music,听了音乐,rj_start1|listened to music,rj_start1,5年级下,active
KV000634,rowed a boat,rowed a boat,划了船,rj_start1|rowed a boat,rj_start1,5年级下,active
KV000635,played computer games,played computer games,玩了电脑游戏,rj_start1|played computer games,rj_start1,5年级下,active
KV000636,stayed at home,stayed at home,待在家里,rj_start1|stayed at home,rj_start1,5年级下,active
KV000637,played the piano,played the piano,弹了钢琴,rj_start1|played the piano,rj_start1,5年级下,active
KV000638,played chess,played chess,下了棋,rj_start1|played chess,rj_start1,5年级下,active
KV000639,washed clothes,washed clothes,洗了衣服,rj_start1|washed clothes,rj_start1,5年级下,active
KV000640,boring,boring,无聊的；乏味的,rj_start1|boring,rj_start1,5年级下,active
KV000641,badminton,badminton,羽毛球,rj_start1|badminton,rj_start1,5年级下,active
KV000642,won,won,赢了；获胜（win的过去式）,rj_start1|won,rj_start1,5年级下,active
KV000643,went to the beach,went to the beach,去了海滩,rj_start1|went to the beach,rj_start1,5年级下,active
KV000644,drank cold drinks,drank cold drinks,喝了冷饮,rj_start1|drank cold drinks,rj_start1,5年级下,active
KV000645,swam,swam,游了泳（swim的过去式）,rj_start1|swam,rj_start1,5年级下,active
KV000646,ate ice-cream,ate ice-cream,吃了冰淇淋,rj_start1|ate ice-cream,rj_start1,5年级下,active
KV000647,the Stone Forest,the stone forest,石林,rj_start1|the stone forest,rj_start1,5年级下,active
KV000648,bought some gifts,bought some gifts,买了一些礼物,rj_start1|bought some gifts,rj_start1,5年级下,active
KV000649,took photos,took photos,拍了照片,rj_start1|took photos,rj_start1,5年级下,active
KV000650,saw flowers,saw flowers,看到了花,rj_start1|saw flowers,rj_start1,5年级下,active
KV000651,slept,slept,睡了；睡觉（sleep的过去式）,rj_start1|slept,rj_start1,5年级下,active
KV000652,felt happy,felt happy,感到高兴,rj_start1|felt happy,rj_start1,5年级下,active
KV000653,sad,sad,难过的；伤心的,rj_start1|sad,rj_start1,5年级下,active
KV000654,left,left,离开（leave的过去式）,rj_start1|left,rj_start1,5年级下,active
KV000655,French fries,french fries,炸薯条,rj_start1|french fries,rj_start1,5年级下,active
KV000656,were,were,是（are的过去式）,rj_start1|were,rj_start1,5年级下,active
KV000657,was born,was born,出生,rj_start1|was born,rj_start1,5年级下,active
KV000658,started to speak,started to speak,开始说话,rj_start1|started to speak,rj_start1,5年级下,active
KV000659,learned to walk,learned to walk,学会走路,rj_start1|learned to walk,rj_start1,5年级下,active
KV000660,learned to ride a bike,learned to ride a bike,学会骑自行车,rj_start1|learned to ride a bike,rj_start1,5年级下,active
KV000661,went to kindergarten,went to kindergarten,上幼儿园；去了幼儿园,rj_start1|went to kindergarten,rj_start1,5年级下,active
KV000662,went to school,went to school,上学；开始上学,rj_start1|went to school,rj_start1,5年级下,active
KV000663,learned to swim,learned to swim,学会游泳,rj_start1|learned to swim,rj_start1,5年级下,active
KV000664,fifteenth,fifteenth,第十五,rj_start1|fifteenth,rj_start1,5年级下,active
KV000665,15th,15th,第十五（fifteenth的缩写）,rj_start1|15th,rj_start1,5年级下,active
KV000666,started to buy things,started to buy things,开始买东西,rj_start1|started to buy things,rj_start1,5年级下,active
KV000667,started to study English,started to study english,开始学习英语,rj_start1|started to study english,rj_start1,5年级下,active
KV000668,started to use a computer,started to use a computer,开始使用电脑,rj_start1|started to use a computer,rj_start1,5年级下,active
KV000669,all over,all over,到处；遍及,rj_start1|all over,rj_start1,5年级下,active
KV000670,out of,out of,从……出来,rj_start1|out of,rj_start1,5年级下,active
KV000671,into,into,进入；到……里面,rj_start1|into,rj_start1,5年级下,active
KV000672,chopsticks,chopsticks,筷子,rj_start1|chopsticks,rj_start1,5年级下,active
KV000673,wet,wet,湿的,rj_start1|wet,rj_start1,5年级下,active
KV000674,morning tea,morning tea,早茶,rj_start1|morning tea,rj_start1,6年级上,active
KV000675,soup,soup,汤,rj_start1|soup,rj_start1,6年级上,active
KV000676,the Potala Palace,the potala palace,布达拉宫,rj_start1|the potala palace,rj_start1,6年级上,active
KV000677,the Summer Palace,the summer palace,颐和园,rj_start1|the summer palace,rj_start1,6年级上,active
KV000678,the Terracotta Army,the terracotta army,兵马俑,rj_start1|the terracotta army,rj_start1,6年级上,active
KV000679,vacation,vacation,假期,rj_start1|vacation,rj_start1,6年级上,active
KV000680,taste,taste,味道；尝起来,rj_start1|taste,rj_start1,6年级上,active
KV000681,map,map,地图,rj_start1|map,rj_start1,6年级上,active
KV000682,north,north,北；北方,rj_start1|north,rj_start1,6年级上,active
KV000683,south,south,南；南方,rj_start1|south,rj_start1,6年级上,active
KV000684,east,east,东；东方,rj_start1|east,rj_start1,6年级上,active
KV000685,west,west,西；西方,rj_start1|west,rj_start1,6年级上,active
KV000686,famous,famous,著名的,rj_start1|famous,rj_start1,6年级上,active
KV000687,temple,temple,寺庙；庙宇,rj_start1|temple,rj_start1,6年级上,active
KV000688,around,around,周围；四处,rj_start1|around,rj_start1,6年级上,active
KV000689,the Yangtze River,the yangtze river,长江,rj_start1|the yangtze river,rj_start1,6年级上,active
KV000690,foggy,foggy,有雾的,rj_start1|foggy,rj_start1,6年级上,active
KV000691,spicy,spicy,辣的；辛辣的,rj_start1|spicy,rj_start1,6年级上,active
KV000692,silk,silk,丝绸,rj_start1|silk,rj_start1,6年级上,active
KV000693,forest,forest,森林,rj_start1|forest,rj_start1,6年级上,active
KV000694,stone,stone,石头；石料,rj_start1|stone,rj_start1,6年级上,active
KV000695,London,london,伦敦,rj_start1|london,rj_start1,6年级上,active
KV000696,Toronto,toronto,多伦多,rj_start1|toronto,rj_start1,6年级上,active
KV000697,Sydney,sydney,悉尼,rj_start1|sydney,rj_start1,6年级上,active
KV000698,Washington D.C.,washington d.c.,华盛顿特区,rj_start1|washington d.c.,rj_start1,6年级上,active
KV000699,the British Museum,the british museum,大英博物馆,rj_start1|the british museum,rj_start1,6年级上,active
KV000700,the CN Tower,the cn tower,加拿大国家电视塔；CN塔,rj_start1|the cn tower,rj_start1,6年级上,active
KV000701,kangaroo,kangaroo,袋鼠,rj_start1|kangaroo,rj_start1,6年级上,active
KV000702,the Opera House,the opera house,悉尼歌剧院,rj_start1|the opera house,rj_start1,6年级上,active
KV000703,the White House,the white house,白宫,rj_start1|the white house,rj_start1,6年级上,active
KV000704,clock,clock,时钟；钟,rj_start1|clock,rj_start1,6年级上,active
KV000705,speak,speak,说；讲（某种语言）,rj_start1|speak,rj_start1,6年级上,active
KV000706,French,french,法语；法国的,rj_start1|french,rj_start1,6年级上,active
KV000707,Tower Bridge,tower bridge,伦敦塔桥,rj_start1|tower bridge,rj_start1,6年级上,active
KV000708,the London Eye,the london eye,伦敦眼,rj_start1|the london eye,rj_start1,6年级上,active
KV000709,hiking,hiking,徒步旅行,rj_start1|hiking,rj_start1,6年级上,active
KV000710,sunrise,sunrise,日出,rj_start1|sunrise,rj_start1,6年级上,active
KV000711,president,president,总统,rj_start1|president,rj_start1,6年级上,active
KV000712,reptile,reptile,爬行动物,rj_start1|reptile,rj_start1,6年级上,active
KV000713,mammal,mammal,哺乳动物,rj_start1|mammal,rj_start1,6年级上,active
KV000714,insect,insect,昆虫,rj_start1|insect,rj_start1,6年级上,active
KV000715,penguin,penguin,企鹅,rj_start1|penguin,rj_start1,6年级上,active
KV000716,shark,shark,鲨鱼,rj_start1|shark,rj_start1,6年级上,active
KV000717,whale,whale,鲸,rj_start1|whale,rj_start1,6年级上,active
KV000718,kind,kind,种类；类型,rj_start1|kind,rj_start1,6年级上,active
KV000719,metre,metre,米,rj_start1|metre,rj_start1,6年级上,active
KV000720,spend,spend,花费；度过,rj_start1|spend,rj_start1,6年级上,active
KV000721,trunk,trunk,象鼻；树干,rj_start1|trunk,rj_start1,6年级上,active
KV000722,peanut,peanut,花生,rj_start1|peanut,rj_start1,6年级上,active
KV000723,fan,fan,扇子,rj_start1|fan,rj_start1,6年级上,active
KV000724,tusk,tusk,象牙；长牙,rj_start1|tusk,rj_start1,6年级上,active
KV000725,Africa,africa,非洲,rj_start1|africa,rj_start1,6年级上,active
KV000726,Asia,asia,亚洲,rj_start1|asia,rj_start1,6年级上,active
KV000727,smart,smart,聪明的；机灵的,rj_start1|smart,rj_start1,6年级上,active
KV000728,scared,scared,害怕的,rj_start1|scared,rj_start1,6年级上,active
KV000729,worried,worried,担心的,rj_start1|worried,rj_start1,6年级上,active
KV000730,angry,angry,生气的,rj_start1|angry,rj_start1,6年级上,active
KV000731,proud,proud,自豪的,rj_start1|proud,rj_start1,6年级上,active
KV000732,excited,excited,兴奋的；激动的,rj_start1|excited,rj_start1,6年级上,active
KV000733,ill,ill,生病的,rj_start1|ill,rj_start1,6年级上,active
KV000734,win,win,赢；获胜,rj_start1|win,rj_start1,6年级上,active
KV000735,race,race,比赛；赛跑,rj_start1|race,rj_start1,6年级上,active
KV000736,cry,cry,哭；哭泣,rj_start1|cry,rj_start1,6年级上,active
KV000737,because,because,因为,rj_start1|because,rj_start1,6年级上,active
KV000738,test,test,考试；测试,rj_start1|test,rj_start1,6年级上,active
KV000739,competition,competition,比赛；竞赛,rj_start1|competition,rj_start1,6年级上,active
KV000740,inventor,inventor,发明家,rj_start1|inventor,rj_start1,6年级上,active
KV000741,artist,artist,艺术家,rj_start1|artist,rj_start1,6年级上,active
KV000742,scientist,scientist,科学家,rj_start1|scientist,rj_start1,6年级上,active
KV000743,poet,poet,诗人,rj_start1|poet,rj_start1,6年级上,active
KV000744,writer,writer,作家,rj_start1|writer,rj_start1,6年级上,active
KV000745,American,american,美国的；美国人,rj_start1|american,rj_start1,6年级上,active
KV000746,Danish,danish,丹麦的；丹麦语,rj_start1|danish,rj_start1,6年级上,active
KV000747,poem,poem,诗,rj_start1|poem,rj_start1,6年级上,active
KV000748,invention,invention,发明；发明物,rj_start1|invention,rj_start1,6年级上,active
KV000749,invent,invent,发明,rj_start1|invent,rj_start1,6年级上,active
KV000750,story,story,故事,rj_start1|story,rj_start1,6年级上,active
KV000751,university,university,大学,rj_start1|university,rj_start1,6年级上,active
KV000752,deaf,deaf,聋的；失聪的,rj_start1|deaf,rj_start1,6年级上,active
KV000753,blind,blind,盲的；失明的,rj_start1|blind,rj_start1,6年级上,active
KV000754,fall,fall,落下；跌倒,rj_start1|fall,rj_start1,6年级上,active
KV000755,dumpling,dumpling,饺子,rj_start1|dumpling,rj_start1,6年级上,active
KV000756,ice lantern,ice lantern,冰灯,rj_start1|ice lantern,rj_start1,6年级上,active
KV000757,bring,bring,带来,rj_start1|bring,rj_start1,6年级上,active
KV000758,be afraid of,be afraid of,害怕,rj_start1|be afraid of,rj_start1,6年级上,active
KV000759,hear,hear,听见；听到,rj_start1|hear,rj_start1,6年级上,active
KV000760,pen pal,pen pal,笔友,rj_start1|pen pal,rj_start1,6年级上,active
KV000761,broken,broken,坏的；破损的,rj_start1|broken,rj_start1,6年级上,active
KV000762,pity,pity,遗憾；可惜,rj_start1|pity,rj_start1,6年级上,active
KV000763,prize,prize,奖品；奖项,rj_start1|prize,rj_start1,6年级上,active
KV000764,live,live,居住；生活,rj_start1|live,rj_start1,6年级下,active
KV000765,quite,quite,很；相当,rj_start1|quite,rj_start1,6年级下,active
KV000766,scarf,scarf,围巾,rj_start1|scarf,rj_start1,6年级下,active
KV000767,airport,airport,机场,rj_start1|airport,rj_start1,6年级下,active
KV000768,pupil,pupil,小学生；学生,rj_start1|pupil,rj_start1,6年级下,active
KV000769,arrive,arrive,到达,rj_start1|arrive,rj_start1,6年级下,active
KV000770,meet,meet,见面；遇见,rj_start1|meet,rj_start1,6年级下,active
KV000771,wardrobe,wardrobe,衣柜,rj_start1|wardrobe,rj_start1,6年级下,active
KV000772,show ... around,show ... around,带……参观,rj_start1|show ... around,rj_start1,6年级下,active
KV000773,Queen's Park,queen's park,皇后公园,rj_start1|queen's park,rj_start1,6年级下,active
KV000774,art gallery,art gallery,美术馆,rj_start1|art gallery,rj_start1,6年级下,active
KV000775,public library,public library,公共图书馆,rj_start1|public library,rj_start1,6年级下,active
KV000776,downtown,downtown,市中心；在市中心,rj_start1|downtown,rj_start1,6年级下,active
KV000777,Lake Ontario,lake ontario,安大略湖,rj_start1|lake ontario,rj_start1,6年级下,active
KV000778,stadium,stadium,体育场,rj_start1|stadium,rj_start1,6年级下,active
KV000779,volunteer,volunteer,志愿者；志愿服务,rj_start1|volunteer,rj_start1,6年级下,active
KV000780,sandwich,sandwich,三明治,rj_start1|sandwich,rj_start1,6年级下,active
KV000781,top,top,顶部；顶端,rj_start1|top,rj_start1,6年级下,active
KV000782,habit,habit,习惯,rj_start1|habit,rj_start1,6年级下,active
KV000783,idea,idea,想法；主意,rj_start1|idea,rj_start1,6年级下,active
KV000784,less,less,更少的；较少,rj_start1|less,rj_start1,6年级下,active
KV000785,at least,at least,至少,rj_start1|at least,rj_start1,6年级下,active
KV000786,talk about,talk about,谈论；讨论,rj_start1|talk about,rj_start1,6年级下,active
KV000787,hockey,hockey,冰球；曲棍球,rj_start1|hockey,rj_start1,6年级下,active
KV000788,beaver,beaver,海狸,rj_start1|beaver,rj_start1,6年级下,active
KV000789,raccoon,raccoon,浣熊,rj_start1|raccoon,rj_start1,6年级下,active
KV000790,moose,moose,驼鹿,rj_start1|moose,rj_start1,6年级下,active
KV000791,countryside,countryside,乡村；农村,rj_start1|countryside,rj_start1,6年级下,active
KV000792,Thanksgiving,thanksgiving,感恩节,rj_start1|thanksgiving,rj_start1,6年级下,active
KV000793,roast turkey,roast turkey,烤火鸡,rj_start1|roast turkey,rj_start1,6年级下,active
KV000794,squirrel,squirrel,松鼠,rj_start1|squirrel,rj_start1,6年级下,active
KV000795,swan,swan,天鹅,rj_start1|swan,rj_start1,6年级下,active
KV000796,wild goose,wild goose,大雁；野雁,rj_start1|wild goose,rj_start1,6年级下,active
KV000797,frog,frog,青蛙,rj_start1|frog,rj_start1,6年级下,active
KV000798,English-Chinese dictionary,english-chinese dictionary,英汉词典,rj_start1|english-chinese dictionary,rj_start1,6年级下,active
KV000799,shopping centre,shopping centre,购物中心,rj_start1|shopping centre,rj_start1,6年级下,active
KV000800,shopping mall,shopping mall,购物中心；商场,rj_start1|shopping mall,rj_start1,6年级下,active
KV000801,amazing,amazing,令人惊叹的；了不起的,rj_start1|amazing,rj_start1,6年级下,active
KV000802,hot pot,hot pot,火锅,rj_start1|hot pot,rj_start1,6年级下,active
