NoteID,ReleasedAt,ReleaseReason
KV000001,2026-09-04,"scope:rj_start1:grades=1,2,3,4"
KV000002,2026-09-04,"scope:rj_start1:grades=1,2,3,4"
KV000003,2026-09-04,"scope:rj_start1:grades=1,2,3,4"
KV000004,2026-09-04,"scope:rj_start1:grades=1,2,3,4"
KV000005,2026-09-04,"scope:rj_start1:grades=1,2,3,4"
KV000006,2026-09-04,"scope:rj_start1:grades=1,2,3,4"
KV000007,2026-09-04,"scope:rj_start1:grades=1,2,3,4"
KV000008,2026-09-04,"scope:rj_start1:grades=1,2,3,4"
KV000009,2026-09-04,"scope:rj_start1:grades=1,2,3,4"
KV000010,2026-09-04,"scope:rj_start1:grades=1,2,3,4"
KV000011,2026-09-04,"scope:rj_start1:grades=1,2,3,4"
KV000012,2026-09-04,"scope:rj_start1:grades=1,2,3,4"
KV000013,2026-09-04,"scope:rj_start1:grades=1,2,3,4"
KV000014,2026-09-04,"scope:rj_start1:grades=1,2,3,4"
KV000015,2026-09-04,"scope:rj_start1:grades=1,2,3,4"
KV000016,2026-09-04,"scope:rj_start1:grades=1,2,3,4"
KV000017,2026-09-04,"scope:rj_start1:grades=1,2,3,4"
KV000018,2026-09-04,"scope:rj_start1:grades=1,2,3,4"
KV000019,2026-09-04,"scope:rj_start1:grades=1,2,3,4"
KV000020,2026-09-04,"scope:rj_start1:grades=1,2,3,4"
KV000021,2026-09-04,"scope:rj_start1:grades=1,2,3,4"
KV000022,2026-09-04,"scope:rj_start1:grades=1,2,3,4"
KV000023,2026-09-04,"scope:rj_start1:grades=1,2,3,4"
KV000024,2026-09-04,"scope:rj_start1:grades=1,2,3,4"
KV000025,2026-09-04,"scope:rj_start1:grades=1,2,3,4"
KV000026,2026-09-04,"scope:rj_start1:grades=1,2,3,4"
KV000027,2026-09-04,"scope:rj_start1:grades=1,2,3,4"
KV000028,2026-09-04,"scope:rj_start1:grades=1,2,3,4"
KV000029,2026-09-04,"scope:rj_start1:grades=1,2,3,4"
KV000030,2026-09-04,"scope:rj_start1:grades=1,2,3,4"
KV000031,2026-09-04,"scope:rj_start1:grades=1,2,3,4"
KV000032,2026-09-04,"scope:rj_start1:grades=1,2,3,4"
KV000033,2026-09-04,"scope:rj_start1:grades=1,2,3,4"
KV000034,2026-09-04,"scope:rj_start1:grades=1,2,3,4"
KV000035,2026-09-04,"scope:rj_start1:grades=1,2,3,4"
KV000036,2026-09-04,"scope:rj_start1:grades=1,2,3,4"
KV000037,2026-09-04,"scope:rj_start1:grades=1,2,3,4"
KV000038,2026-09-04,"scope:rj_start1:grades=1,2,3,4"
KV000039,2026-09-04,"scope:rj_start1:grades=1,2,3,4"
KV000040,2026-09-04,"scope:rj_start1:grades=1,2,3,4"
KV000041,2026-09-04,"scope:rj_start1:grades=1,2,3,4"
KV000042,2026-09-04,"scope:rj_start1:grades=1,2,3,4"
KV000043,2026-09-04,"scope:rj_start1:grades=1,2,3,4"
KV000044,2026-09-04,"scope:rj_start1:grades=1,2,3,4"
KV000045,2026-09-04,"scope:rj_start1:grades=1,2,3,4"
KV000046,2026-09-04,"scope:rj_start1:grades=1,2,3,4"
KV000047,2026-09-04,"scope:rj_start1:grades=1,2,3,4"
KV000048,2026-09-04,"scope:rj_start1:grades=1,2,3,4"
KV000049,2026-09-04,"scope:rj_start1:grades=1,2,3,4"
KV000050,2026-09-04,"scope:rj_start1:grades=1,2,3,4"
KV000051,2026-09-04,"scope:rj_start1:grades=1,2,3,4"
KV000052,2026-09-04,"scope:rj_start1:grades=1,2,3,4"
KV000053,2026-09-04,"scope:rj_start1:grades=1,2,3,4"
KV000054,2026-09-04,"scope:rj_start1:grades=1,2,3,4"
KV000055,2026-09-04,"scope:rj_start1:grades=1,2,3,4"
KV000056,2026-09-04,"scope:rj_start1:grades=1,2,3,4"
KV000057,2026-09-04,"scope:rj_start1:grades=1,2,3,4"
KV000058,2026-09-04,"scope:rj_start1:grades=1,2,3,4"
KV000059,2026-09-04,"scope:rj_start1:grades=1,2,3,4"
KV000060,2026-09-04,"scope:rj_start1:grades=1,2,3,4"
KV000061,2026-09-04,"scope:rj_start1:grades=1,2,3,4"
KV000062,2026-09-04,"scope:rj_start1:grades=1,2,3,4"
KV000063,2026-09-04,"scope:rj_start1:grades=1,2,3,4"
KV000064,2026-09-04,"scope:rj_start1:grades=1,2,3,4"
KV000065,2026-09-04,"scope:rj_start1:grades=1,2,3,4"
KV000066,2026-09-04,"scope:rj_start1:grades=1,2,3,4"
KV000067,2026-09-04,"scope:rj_start1:grades=1,2,3,4"
KV000068,2026-09-04,"scope:rj_start1:grades=1,2,3,4"
KV000069,2026-09-04,"scope:rj_start1:grades=1,2,3,4"
KV000070,2026-09-04,"scope:rj_start1:grades=1,2,3,4"
KV000071,2026-09-04,"scope:rj_start1:grades=1,2,3,4"
KV000072,2026-09-04,"scope:rj_start1:grades=1,2,3,4"
KV000073,2026-09-04,"scope:rj_start1:grades=1,2,3,4"
KV000074,2026-09-04,"scope:rj_start1:grades=1,2,3,4"
KV000075,2026-09-04,"scope:rj_start1:grades=1,2,3,4"
KV000076,2026-09-04,"scope:rj_start1:grades=1,2,3,4"
KV000077,2026-09-04,"scope:rj_start1:grades=1,2,3,4"
KV000078,2026-09-04,"scope:rj_start1:grades=1,2,3,4"
KV000079,2026-09-04,"scope:rj_start1:grades=1,2,3,4"
KV000080,2026-09-04,"scope:rj_start1:grades=1,2,3,4"
KV000081,2026-09-04,"scope:rj_start1:grades=1,2,3,4"
KV000082,2026-09-04,"scope:rj_start1:grades=1,2,3,4"
KV000083,2026-09-04,"scope:rj_start1:grades=1,2,3,4"
KV000084,2026-09-04,"scope:rj_start1:grades=1,2,3,4"
KV000085,2026-09-04,"scope:rj_start1:grades=1,2,3,4"
KV000086,2026-09-04,"scope:rj_start1:grades=1,2,3,4"
KV000087,2026-09-04,"scope:rj_start1:grades=1,2,3,4"
KV000088,2026-09-04,"scope:rj_start1:grades=1,2,3,4"
KV000089,2026-09-04,"scope:rj_start1:grades=1,2,3,4"
KV000090,2026-09-04,"scope:rj_start1:grades=1,2,3,4"
KV000091,2026-09-04,"scope:rj_start1:grades=1,2,3,4"
KV000092,2026-09-04,"scope:rj_start1:grades=1,2,3,4"
KV000093,2026-09-04,"scope:rj_start1:grades=1,2,3,4"
KV000094,2026-09-04,"scope:rj_start1:grades=1,2,3,4"
KV000095,2026-09-04,"scope:rj_start1:grades=1,2,3,4"
KV000096,2026-09-04,"scope:rj_start1:grades=1,2,3,4"
KV000097,2026-09-04,"scope:rj_start1:grades=1,2,3,4"
KV000098,2026-09-04,"scope:rj_start1:grades=1,2,3,4"
KV000099,2026-09-04,"scope:rj_start1:grades=1,2,3,4"
KV000100,2026-09-04,"scope:rj_start1:grades=1,2,3,4"
KV000101,2026-09-04,"scope:rj_start1:grades=1,2,3,4"
KV000102,2026-09-04,"scope:rj_start1:grades=1,2,3,4"
KV000103,2026-09-04,"scope:rj_start1:grades=1,2,3,4"
KV000104,2026-09-04,"scope:rj_start1:grades=1,2,3,4"
KV000105,2026-09-04,"scope:rj_start1:grades=1,2,3,4"
KV000106,2026-09-04,"scope:rj_start1:grades=1,2,3,4"
KV000107,2026-09-04,"scope:rj_start1:grades=1,2,3,4"
KV000108,2026-09-04,"scope:rj_start1:grades=1,2,3,4"
KV000109,2026-09-04,"scope:rj_start1:grades=1,2,3,4"
KV000110,2026-09-04,"scope:rj_start1:grades=1,2,3,4"
KV000111,2026-09-04,"scope:rj_start1:grades=1,2,3,4"
KV000112,2026-09-04,"scope:rj_start1:grades=1,2,3,4"
KV000113,2026-09-04,"scope:rj_start1:grades=1,2,3,4"
KV000114,2026-09-04,"scope:rj_start1:grades=1,2,3,4"
KV000115,2026-09-04,"scope:rj_start1:grades=1,2,3,4"
KV000116,2026-09-04,"scope:rj_start1:grades=1,2,3,4"
KV000117,2026-09-04,"scope:rj_start1:grades=1,2,3,4"
KV000118,2026-09-04,"scope:rj_start1:grades=1,2,3,4"
KV000119,2026-09-04,"scope:rj_start1:grades=1,2,3,4"
KV000120,2026-09-04,"scope:rj_start1:grades=1,2,3,4"
KV000121,2026-09-04,"scope:rj_start1:grades=1,2,3,4"
KV000122,2026-09-04,"scope:rj_start1:grades=1,2,3,4"
KV000123,2026-09-04,"scope:rj_start1:grades=1,2,3,4"
KV000124,2026-09-04,"scope:rj_start1:grades=1,2,3,4"
KV000125,2026-09-04,"scope:rj_start1:grades=1,2,3,4"
KV000126,2026-09-04,"scope:rj_start1:grades=1,2,3,4"
KV000127,2026-09-04,"scope:rj_start1:grades=1,2,3,4"
KV000128,2026-09-04,"scope:rj_start1:grades=1,2,3,4"
KV000129,2026-09-04,"scope:rj_start1:grades=1,2,3,4"
KV000130,2026-09-04,"scope:rj_start1:grades=1,2,3,4"
KV000131,2026-09-04,"scope:rj_start1:grades=1,2,3,4"
KV000132,2026-09-04,"scope:rj_start1:grades=1,2,3,4"
KV000133,2026-09-04,"scope:rj_start1:grades=1,2,3,4"
KV000134,2026-09-04,"scope:rj_start1:grades=1,2,3,4"
KV000135,2026-09-04,"scope:rj_start1:grades=1,2,3,4"
KV000136,2026-09-04,"scope:rj_start1:grades=1,2,3,4"
KV000137,2026-09-04,"scope:rj_start1:grades=1,2,3,4"
KV000138,2026-09-04,"scope:rj_start1:grades=1,2,3,4"
KV000139,2026-09-04,"scope:rj_start1:grades=1,2,3,4"
KV000140,2026-09-04,"scope:rj_start1:grades=1,2,3,4"
KV000141,2026-09-04,"scope:rj_start1:grades=1,2,3,4"
KV000142,2026-09-04,"scope:rj_start1:grades=1,2,3,4"
KV000143,2026-09-04,"scope:rj_start1:grades=1,2,3,4"
KV000144,2026-09-04,"scope:rj_start1:grades=1,2,3,4"
KV000145,2026-09-04,"scope:rj_start1:grades=1,2,3,4"
KV000146,2026-09-04,"scope:rj_start1:grades=1,2,3,4"
KV000147,2026-09-04,"scope:rj_start1:grades=1,2,3,4"
KV000148,2026-09-04,"scope:rj_start1:grades=1,2,3,4"
KV000149,2026-09-04,"scope:rj_start1:grades=1,2,3,4"
KV000150,2026-09-04,"scope:rj_start1:grades=1,2,3,4"
KV000151,2026-09-04,"scope:rj_start1:grades=1,2,3,4"
KV000152,2026-09-04,"scope:rj_start1:grades=1,2,3,4"
KV000153,2026-09-04,"scope:rj_start1:grades=1,2,3,4"
KV000154,2026-09-04,"scope:rj_start1:grades=1,2,3,4"
KV000155,2026-09-04,"scope:rj_start1:grades=1,2,3,4"
KV000156,2026-09-04,"scope:rj_start1:grades=1,2,3,4"
KV000157,2026-09-04,"scope:rj_start1:grades=1,2,3,4"
KV000158,2026-09-04,"scope:rj_start1:grades=1,2,3,4"
KV000159,2026-09-04,"scope:rj_start1:grades=1,2,3,4"
KV000160,2026-09-04,"scope:rj_start1:grades=1,2,3,4"
KV000161,2026-09-04,"scope:rj_start1:grades=1,2,3,4"
KV000162,2026-09-04,"scope:rj_start1:grades=1,2,3,4"
KV000163,2026-09-04,"scope:rj_start1:grades=1,2,3,4"
KV000164,2026-09-04,"scope:rj_start1:grades=1,2,3,4"
KV000165,2026-09-04,"scope:rj_start1:grades=1,2,3,4"
KV000166,2026-09-04,"scope:rj_start1:grades=1,2,3,4"
KV000167,2026-09-04,"scope:rj_start1:grades=1,2,3,4"
KV000168,2026-09-04,"scope:rj_start1:grades=1,2,3,4"
KV000169,2026-09-04,"scope:rj_start1:grades=1,2,3,4"
KV000170,2026-09-04,"scope:rj_start1:grades=1,2,3,4"
KV000171,2026-09-04,"scope:rj_start1:grades=1,2,3,4"
KV000172,2026-09-04,"scope:rj_start1:grades=1,2,3,4"
KV000173,2026-09-04,"scope:rj_start1:grades=1,2,3,4"
KV000174,2026-09-04,"scope:rj_start1:grades=1,2,3,4"
KV000175,2026-09-04,"scope:rj_start1:grades=1,2,3,4"
KV000176,2026-09-04,"scope:rj_start1:grades=1,2,3,4"
KV000177,2026-09-04,"scope:rj_start1:grades=1,2,3,4"
KV000178,2026-09-04,"scope:rj_start1:grades=1,2,3,4"
KV000179,2026-09-04,"scope:rj_start1:grades=1,2,3,4"
KV000180,2026-09-04,"scope:rj_start1:grades=1,2,3,4"
KV000181,2026-09-04,"scope:rj_start1:grades=1,2,3,4"
KV000182,2026-09-04,"scope:rj_start1:grades=1,2,3,4"
KV000183,2026-09-04,"scope:rj_start1:grades=1,2,3,4"
KV000184,2026-09-04,"scope:rj_start1:grades=1,2,3,4"
KV000185,2026-09-04,"scope:rj_start1:grades=1,2,3,4"
KV000186,2026-09-04,"scope:rj_start1:grades=1,2,3,4"
KV000187,2026-09-04,"scope:rj_start1:grades=1,2,3,4"
KV000188,2026-09-04,"scope:rj_start1:grades=1,2,3,4"
KV000189,2026-09-04,"scope:rj_start1:grades=1,2,3,4"
KV000190,2026-09-04,"scope:rj_start1:grades=1,2,3,4"
KV000191,2026-09-04,"scope:rj_start1:grades=1,2,3,4"
KV000192,2026-09-04,"scope:rj_start1:grades=1,2,3,4"
KV000193,2026-09-04,"scope:rj_start1:grades=1,2,3,4"
KV000194,2026-09-04,"scope:rj_start1:grades=1,2,3,4"
KV000195,2026-09-04,"scope:rj_start1:grades=1,2,3,4"
KV000196,2026-09-04,"scope:rj_start1:grades=1,2,3,4"
KV000197,2026-09-04,"scope:rj_start1:grades=1,2,3,4"
KV000198,2026-09-04,"scope:rj_start1:grades=1,2,3,4"
KV000199,2026-09-04,"scope:rj_start1:grades=1,2,3,4"
KV000200,2026-09-04,"scope:rj_start1:grades=1,2,3,4"
KV000201,2026-09-04,"scope:rj_start1:grades=1,2,3,4"
KV000202,2026-09-04,"scope:rj_start1:grades=1,2,3,4"
KV000203,2026-09-04,"scope:rj_start1:grades=1,2,3,4"
KV000204,2026-09-04,"scope:rj_start1:grades=1,2,3,4"
KV000205,2026-09-04,"scope:rj_start1:grades=1,2,3,4"
KV000206,2026-09-04,"scope:rj_start1:grades=1,2,3,4"
KV000207,2026-09-04,"scope:rj_start1:grades=1,2,3,4"
KV000208,2026-09-04,"scope:rj_start1:grades=1,2,3,4"
KV000209,2026-09-04,"scope:rj_start1:grades=1,2,3,4"
KV000210,2026-09-04,"scope:rj_start1:grades=1,2,3,4"
KV000211,2026-09-04,"scope:rj_start1:grades=1,2,3,4"
KV000212,2026-09-04,"scope:rj_start1:grades=1,2,3,4"
KV000213,2026-09-04,"scope:rj_start1:grades=1,2,3,4"
KV000214,2026-09-04,"scope:rj_start1:grades=1,2,3,4"
KV000215,2026-09-04,"scope:rj_start1:grades=1,2,3,4"
KV000216,2026-09-04,"scope:rj_start1:grades=1,2,3,4"
KV000217,2026-09-04,"scope:rj_start1:grades=1,2,3,4"
KV000218,2026-09-04,"scope:rj_start1:grades=1,2,3,4"
KV000219,2026-09-04,"scope:rj_start1:grades=1,2,3,4"
KV000220,2026-09-04,"scope:rj_start1:grades=1,2,3,4"
KV000221,2026-09-04,"scope:rj_start1:grades=1,2,3,4"
KV000222,2026-09-04,"scope:rj_start1:grades=1,2,3,4"
KV000223,2026-09-04,"scope:rj_start1:grades=1,2,3,4"
KV000224,2026-09-04,"scope:rj_start1:grades=1,2,3,4"
KV000225,2026-09-04,"scope:rj_start1:grades=1,2,3,4"
KV000226,2026-09-04,"scope:rj_start1:grades=1,2,3,4"
KV000227,2026-09-04,"scope:rj_start1:grades=1,2,3,4"
KV000228,2026-09-04,"scope:rj_start1:grades=1,2,3,4"
KV000229,2026-09-04,"scope:rj_start1:grades=1,2,3,4"
KV000230,2026-09-04,"scope:rj_start1:grades=1,2,3,4"
KV000231,2026-09-04,"scope:rj_start1:grades=1,2,3,4"
KV000232,2026-09-04,"scope:rj_start1:grades=1,2,3,4"
KV000233,2026-09-04,"scope:rj_start1:grades=1,2,3,4"
KV000234,2026-09-04,"scope:rj_start1:grades=1,2,3,4"
KV000235,2026-09-04,"scope:rj_start1:grades=1,2,3,4"
KV000236,2026-09-04,"scope:rj_start1:grades=1,2,3,4"
KV000237,2026-09-04,"scope:rj_start1:grades=1,2,3,4"
KV000238,2026-09-04,"scope:rj_start1:grades=1,2,3,4"
KV000239,2026-09-04,"scope:rj_start1:grades=1,2,3,4"
KV000240,2026-09-04,"scope:rj_start1:grades=1,2,3,4"
KV000241,2026-09-04,"scope:rj_start1:grades=1,2,3,4"
KV000242,2026-09-04,"scope:rj_start1:grades=1,2,3,4"
KV000243,2026-09-04,"scope:rj_start1:grades=1,2,3,4"
KV000244,2026-09-04,"scope:rj_start1:grades=1,2,3,4"
KV000245,2026-09-04,"scope:rj_start1:grades=1,2,3,4"
KV000246,2026-09-04,"scope:rj_start1:grades=1,2,3,4"
KV000247,2026-09-04,"scope:rj_start1:grades=1,2,3,4"
KV000248,2026-09-04,"scope:rj_start1:grades=1,2,3,4"
KV000249,2026-09-04,"scope:rj_start1:grades=1,2,3,4"
KV000250,2026-09-04,"scope:rj_start1:grades=1,2,3,4"
KV000251,2026-09-04,"scope:rj_start1:grades=1,2,3,4"
KV000252,2026-09-04,"scope:rj_start1:grades=1,2,3,4"
KV000253,2026-09-04,"scope:rj_start1:grades=1,2,3,4"
KV000254,2026-09-04,"scope:rj_start1:grades=1,2,3,4"
KV000255,2026-09-04,"scope:rj_start1:grades=1,2,3,4"
KV000256,2026-09-04,"scope:rj_start1:grades=1,2,3,4"
KV000257,2026-09-04,"scope:rj_start1:grades=1,2,3,4"
KV000258,2026-09-04,"scope:rj_start1:grades=1,2,3,4"
KV000259,2026-09-04,"scope:rj_start1:grades=1,2,3,4"
KV000260,2026-09-04,"scope:rj_start1:grades=1,2,3,4"
KV000261,2026-09-04,"scope:rj_start1:grades=1,2,3,4"
KV000262,2026-09-04,"scope:rj_start1:grades=1,2,3,4"
KV000263,2026-09-04,"scope:rj_start1:grades=1,2,3,4"
KV000264,2026-09-04,"scope:rj_start1:grades=1,2,3,4"
KV000265,2026-09-04,"scope:rj_start1:grades=1,2,3,4"
KV000266,2026-09-04,"scope:rj_start1:grades=1,2,3,4"
KV000267,2026-09-04,"scope:rj_start1:grades=1,2,3,4"
KV000268,2026-09-04,"scope:rj_start1:grades=1,2,3,4"
KV000269,2026-09-04,"scope:rj_start1:grades=1,2,3,4"
KV000270,2026-09-04,"scope:rj_start1:grades=1,2,3,4"
KV000271,2026-09-04,"scope:rj_start1:grades=1,2,3,4"
KV000272,2026-09-04,"scope:rj_start1:grades=1,2,3,4"
KV000273,2026-09-04,"scope:rj_start1:grades=1,2,3,4"
KV000274,2026-09-04,"scope:rj_start1:grades=1,2,3,4"
KV000275,2026-09-04,"scope:rj_start1:grades=1,2,3,4"
KV000276,2026-09-04,"scope:rj_start1:grades=1,2,3,4"
KV000277,2026-09-04,"scope:rj_start1:grades=1,2,3,4"
KV000278,2026-09-04,"scope:rj_start1:grades=1,2,3,4"
KV000279,2026-09-04,"scope:rj_start1:grades=1,2,3,4"
KV000280,2026-09-04,"scope:rj_start1:grades=1,2,3,4"
KV000281,2026-09-04,"scope:rj_start1:grades=1,2,3,4"
KV000282,2026-09-04,"scope:rj_start1:grades=1,2,3,4"
KV000283,2026-09-04,"scope:rj_start1:grades=1,2,3,4"
KV000284,2026-09-04,"scope:rj_start1:grades=1,2,3,4"
KV000285,2026-09-04,"scope:rj_start1:grades=1,2,3,4"
KV000286,2026-09-04,"scope:rj_start1:grades=1,2,3,4"
KV000287,2026-09-04,"scope:rj_start1:grades=1,2,3,4"
KV000288,2026-09-04,"scope:rj_start1:grades=1,2,3,4"
KV000289,2026-09-04,"scope:rj_start1:grades=1,2,3,4"
KV000290,2026-09-04,"scope:rj_start1:grades=1,2,3,4"
KV000291,2026-09-04,"scope:rj_start1:grades=1,2,3,4"
KV000292,2026-09-04,"scope:rj_start1:grades=1,2,3,4"
KV000293,2026-09-04,"scope:rj_start1:grades=1,2,3,4"
KV000294,2026-09-04,"scope:rj_start1:grades=1,2,3,4"
KV000295,2026-09-04,"scope:rj_start1:grades=1,2,3,4"
KV000296,2026-09-04,"scope:rj_start1:grades=1,2,3,4"
KV000297,2026-09-04,"scope:rj_start1:grades=1,2,3,4"
KV000298,2026-09-04,"scope:rj_start1:grades=1,2,3,4"
KV000299,2026-09-04,"scope:rj_start1:grades=1,2,3,4"
KV000300,2026-09-04,"scope:rj_start1:grades=1,2,3,4"
KV000301,2026-09-04,"scope:rj_start1:grades=1,2,3,4"
KV000302,2026-09-04,"scope:rj_start1:grades=1,2,3,4"
KV000303,2026-09-04,"scope:rj_start1:grades=1,2,3,4"
KV000304,2026-09-04,"scope:rj_start1:grades=1,2,3,4"
KV000305,2026-09-04,"scope:rj_start1:grades=1,2,3,4"
KV000306,2026-09-04,"scope:rj_start1:grades=1,2,3,4"
KV000307,2026-09-04,"scope:rj_start1:grades=1,2,3,4"
KV000308,2026-09-04,"scope:rj_start1:grades=1,2,3,4"
KV000309,2026-09-04,"scope:rj_start1:grades=1,2,3,4"
KV000310,2026-09-04,"scope:rj_start1:grades=1,2,3,4"
KV000311,2026-09-04,"scope:rj_start1:grades=1,2,3,4"
KV000312,2026-09-04,"scope:rj_start1:grades=1,2,3,4"
KV000313,2026-09-04,"scope:rj_start1:grades=1,2,3,4"
KV000314,2026-09-04,"scope:rj_start1:grades=1,2,3,4"
KV000315,2026-09-04,"scope:rj_start1:grades=1,2,3,4"
KV000316,2026-09-04,"scope:rj_start1:grades=1,2,3,4"
KV000317,2026-09-04,"scope:rj_start1:grades=1,2,3,4"
KV000318,2026-09-04,"scope:rj_start1:grades=1,2,3,4"
KV000319,2026-09-04,"scope:rj_start1:grades=1,2,3,4"
KV000320,2026-09-04,"scope:rj_start1:grades=1,2,3,4"
KV000321,2026-09-04,"scope:rj_start1:grades=1,2,3,4"
KV000322,2026-09-04,"scope:rj_start1:grades=1,2,3,4"
KV000323,2026-09-04,"scope:rj_start1:grades=1,2,3,4"
KV000324,2026-09-04,"scope:rj_start1:grades=1,2,3,4"
KV000325,2026-09-04,"scope:rj_start1:grades=1,2,3,4"
KV000326,2026-09-04,"scope:rj_start1:grades=1,2,3,4"
KV000327,2026-09-04,"scope:rj_start1:grades=1,2,3,4"
KV000328,2026-09-04,"scope:rj_start1:grades=1,2,3,4"
KV000329,2026-09-04,"scope:rj_start1:grades=1,2,3,4"
KV000330,2026-09-04,"scope:rj_start1:grades=1,2,3,4"
KV000331,2026-09-04,"scope:rj_start1:grades=1,2,3,4"
KV000332,2026-09-04,"scope:rj_start1:grades=1,2,3,4"
KV000333,2026-09-04,"scope:rj_start1:grades=1,2,3,4"
KV000334,2026-09-04,"scope:rj_start1:grades=1,2,3,4"
KV000335,2026-09-04,"scope:rj_start1:grades=1,2,3,4"
KV000336,2026-09-04,"scope:rj_start1:grades=1,2,3,4"
KV000337,2026-09-04,"scope:rj_start1:grades=1,2,3,4"
KV000338,2026-09-04,"scope:rj_start1:grades=1,2,3,4"
KV000339,2026-09-04,"scope:rj_start1:grades=1,2,3,4"
KV000340,2026-09-04,"scope:rj_start1:grades=1,2,3,4"
KV000341,2026-09-04,"scope:rj_start1:grades=1,2,3,4"
KV000342,2026-09-04,"scope:rj_start1:grades=1,2,3,4"
KV000343,2026-09-04,"scope:rj_start1:grades=1,2,3,4"
KV000344,2026-09-04,"scope:rj_start1:grades=1,2,3,4"
KV000345,2026-09-04,"scope:rj_start1:grades=1,2,3,4"
KV000346,2026-09-04,"scope:rj_start1:grades=1,2,3,4"
KV000347,2026-09-04,"scope:rj_start1:grades=1,2,3,4"
KV000348,2026-09-04,"scope:rj_start1:grades=1,2,3,4"
KV000349,2026-09-04,"scope:rj_start1:grades=1,2,3,4"
KV000350,2026-09-04,"scope:rj_start1:grades=1,2,3,4"
KV000351,2026-09-04,"scope:rj_start1:grades=1,2,3,4"
KV000352,2026-09-04,"scope:rj_start1:grades=1,2,3,4"
KV000353,2026-09-04,"scope:rj_start1:grades=1,2,3,4"
KV000354,2026-09-04,"scope:rj_start1:grades=1,2,3,4"
KV000355,2026-09-04,"scope:rj_start1:grades=1,2,3,4"
KV000356,2026-09-04,"scope:rj_start1:grades=1,2,3,4"
KV000357,2026-09-04,"scope:rj_start1:grades=1,2,3,4"
KV000358,2026-09-04,"scope:rj_start1:grades=1,2,3,4"
KV000359,2026-09-04,"scope:rj_start1:grades=1,2,3,4"
KV000360,2026-09-04,"scope:rj_start1:grades=1,2,3,4"
KV000361,2026-09-04,"scope:rj_start1:grades=1,2,3,4"
KV000362,2026-09-04,"scope:rj_start1:grades=1,2,3,4"
KV000363,2026-09-04,"scope:rj_start1:grades=1,2,3,4"
KV000364,2026-09-04,"scope:rj_start1:grades=1,2,3,4"
KV000365,2026-09-04,"scope:rj_start1:grades=1,2,3,4"
KV000366,2026-09-04,"scope:rj_start1:grades=1,2,3,4"
KV000367,2026-09-04,"scope:rj_start1:grades=1,2,3,4"
KV000368,2026-09-04,"scope:rj_start1:grades=1,2,3,4"
KV000369,2026-09-04,"scope:rj_start1:grades=1,2,3,4"
KV000370,2026-09-04,"scope:rj_start1:grades=1,2,3,4"
KV000371,2026-09-04,"scope:rj_start1:grades=1,2,3,4"
KV000372,2026-09-04,"scope:rj_start1:grades=1,2,3,4"
KV000373,2026-09-04,"scope:rj_start1:grades=1,2,3,4"
KV000374,2026-09-04,"scope:rj_start1:grades=1,2,3,4"
KV000375,2026-09-04,"scope:rj_start1:grades=1,2,3,4"
KV000376,2026-09-04,"scope:rj_start1:grades=1,2,3,4"
KV000377,2026-09-04,"scope:rj_start1:grades=1,2,3,4"
KV000378,2026-09-04,"scope:rj_start1:grades=1,2,3,4"
KV000379,2026-09-04,"scope:rj_start1:grades=1,2,3,4"
KV000380,2026-09-04,"scope:rj_start1:grades=1,2,3,4"
KV000381,2026-09-04,"scope:rj_start1:grades=1,2,3,4"
KV000382,2026-09-04,"scope:rj_start1:grades=1,2,3,4"
KV000383,2026-09-04,"scope:rj_start1:grades=1,2,3,4"
KV000384,2026-09-04,"scope:rj_start1:grades=1,2,3,4"
KV000385,2026-09-04,"scope:rj_start1:grades=1,2,3,4"
KV000386,2026-09-04,"scope:rj_start1:grades=1,2,3,4"
KV000387,2026-09-04,"scope:rj_start1:grades=1,2,3,4"
KV000388,2026-09-04,"scope:rj_start1:grades=1,2,3,4"
KV000389,2026-09-04,"scope:rj_start1:grades=1,2,3,4"
KV000390,2026-09-04,"scope:rj_start1:grades=1,2,3,4"
KV000391,2026-09-04,"scope:rj_start1:grades=1,2,3,4"
KV000392,2026-09-04,"scope:rj_start1:grades=1,2,3,4"
KV000393,2026-09-04,"scope:rj_start1:grades=1,2,3,4"
KV000394,2026-09-04,"scope:rj_start1:grades=1,2,3,4"
KV000395,2026-09-04,"scope:rj_start1:grades=1,2,3,4"
KV000396,2026-09-04,"scope:rj_start1:grades=1,2,3,4"
KV000397,2026-09-04,"scope:rj_start1:grades=1,2,3,4"
KV000398,2026-09-04,"scope:rj_start1:grades=1,2,3,4"
KV000399,2026-09-04,"scope:rj_start1:grades=1,2,3,4"
KV000400,2026-09-04,"scope:rj_start1:grades=1,2,3,4"
KV000401,2026-09-04,"scope:rj_start1:grades=1,2,3,4"
KV000402,2026-09-04,"scope:rj_start1:grades=1,2,3,4"
KV000403,2026-09-04,"scope:rj_start1:grades=1,2,3,4"
KV000404,2026-09-04,"scope:rj_start1:grades=1,2,3,4"
KV000405,2026-09-04,"scope:rj_start1:grades=1,2,3,4"
KV000406,2026-09-04,"scope:rj_start1:grades=1,2,3,4"
KV000407,2026-09-04,"scope:rj_start1:grades=1,2,3,4"
KV000408,2026-09-04,"scope:rj_start1:grades=1,2,3,4"
KV000409,2026-09-04,"scope:rj_start1:grades=1,2,3,4"
KV000410,2026-09-04,"scope:rj_start1:grades=1,2,3,4"
KV000411,2026-09-04,"scope:rj_start1:grades=1,2,3,4"
KV000412,2026-09-04,"scope:rj_start1:grades=1,2,3,4"
KV000413,2026-09-04,"scope:rj_start1:grades=1,2,3,4"
KV000414,2026-09-04,"scope:rj_start1:grades=1,2,3,4"
KV000415,2026-09-04,"scope:rj_start1:grades=1,2,3,4"
KV000416,2026-09-04,"scope:rj_start1:grades=1,2,3,4"
KV000417,2026-09-04,"scope:rj_start1:grades=1,2,3,4"
KV000418,2026-09-04,"scope:rj_start1:grades=1,2,3,4"
KV000419,2026-09-04,"scope:rj_start1:grades=1,2,3,4"
KV000420,2026-09-04,"scope:rj_start1:grades=1,2,3,4"
KV000421,2026-09-04,"scope:rj_start1:grades=1,2,3,4"
KV000422,2026-09-04,"scope:rj_start1:grades=1,2,3,4"
KV000423,2026-09-04,"scope:rj_start1:grades=1,2,3,4"
KV000424,2026-09-04,"scope:rj_start1:grades=1,2,3,4"
KV000425,2026-09-04,"scope:rj_start1:grades=1,2,3,4"
KV000426,2026-09-04,"scope:rj_start1:grades=1,2,3,4"
KV000427,2026-09-04,"scope:rj_start1:grades=1,2,3,4"
KV000428,2026-09-04,"scope:rj_start1:grades=1,2,3,4"
KV000429,2026-09-04,"scope:rj_start1:grades=1,2,3,4"
KV000430,2026-09-04,"scope:rj_start1:grades=1,2,3,4"
KV000431,2026-09-04,"scope:rj_start1:grades=1,2,3,4"
KV000432,2026-09-04,"scope:rj_start1:grades=1,2,3,4"
KV000433,2026-09-04,"scope:rj_start1:grades=1,2,3,4"
KV000434,2026-09-04,"scope:rj_start1:grades=1,2,3,4"
KV000435,2026-09-04,"scope:rj_start1:grades=1,2,3,4"
KV000436,2026-09-04,"scope:rj_start1:grades=1,2,3,4"
KV000437,2026-09-04,"scope:rj_start1:grades=1,2,3,4"
KV000438,2026-09-04,"scope:rj_start1:grades=1,2,3,4"
KV000439,2026-09-04,"scope:rj_start1:grades=1,2,3,4"
KV000440,2026-09-04,"scope:rj_start1:grades=1,2,3,4"
KV000441,2026-09-04,"scope:rj_start1:grades=1,2,3,4"
KV000442,2026-09-04,"scope:rj_start1:grades=1,2,3,4"
KV000443,2026-09-04,"scope:rj_start1:grades=1,2,3,4"
KV000444,2026-09-04,"scope:rj_start1:grades=1,2,3,4"
KV000445,2026-09-04,"scope:rj_start1:grades=1,2,3,4"
KV000446,2026-09-04,"scope:rj_start1:grades=1,2,3,4"
KV000447,2026-09-04,"scope:rj_start1:grades=1,2,3,4"
KV000448,2026-09-04,"scope:rj_start1:grades=1,2,3,4"
KV000449,2026-09-04,"scope:rj_start1:grades=1,2,3,4"
KV000450,2026-09-04,"scope:rj_start1:grades=1,2,3,4"
KV000451,2026-09-04,"scope:rj_start1:grades=1,2,3,4"
KV000452,2026-09-04,"scope:rj_start1:grades=1,2,3,4"
KV000453,2026-09-04,"scope:rj_start1:grades=1,2,3,4"
KV000454,2026-09-04,"scope:rj_start1:grades=1,2,3,4"
KV000455,2026-09-04,"scope:rj_start1:grades=1,2,3,4"
KV000456,2026-09-04,"scope:rj_start1:grades=1,2,3,4"
KV000457,2026-09-04,"scope:rj_start1:grades=1,2,3,4"
KV000458,2026-09-04,"scope:rj_start1:grades=1,2,3,4"
KV000459,2026-09-04,"scope:rj_start1:grades=1,2,3,4"
KV000460,2026-09-04,"scope:rj_start1:grades=1,2,3,4"
KV000461,2026-09-04,"scope:rj_start1:grades=1,2,3,4"
KV000462,2026-09-04,"scope:rj_start1:grades=1,2,3,4"
KV000463,2026-09-04,"scope:rj_start1:grades=1,2,3,4"
KV000464,2026-09-04,"scope:rj_start1:grades=1,2,3,4"
KV000465,2026-09-04,"scope:rj_start1:grades=1,2,3,4"
KV000466,2026-09-04,"scope:rj_start1:grades=1,2,3,4"
KV000467,2026-09-04,"scope:rj_start1:grades=1,2,3,4"
KV000468,2026-09-04,"scope:rj_start1:grades=1,2,3,4"
KV000469,2026-09-04,"scope:rj_start1:grades=1,2,3,4"
KV000470,2026-09-04,"scope:rj_start1:grades=1,2,3,4"
KV000471,2026-09-04,"scope:rj_start1:grades=1,2,3,4"
KV000472,2026-09-04,"scope:rj_start1:grades=1,2,3,4"
KV000473,2026-09-04,"scope:rj_start1:grades=1,2,3,4"
KV000474,2026-09-04,"scope:rj_start1:grades=1,2,3,4"
KV000475,2026-09-04,"scope:rj_start1:grades=1,2,3,4"
KV000476,2026-09-04,"scope:rj_start1:grades=1,2,3,4"
KV000477,2026-09-04,"scope:rj_start1:grades=1,2,3,4"
KV000478,2026-09-04,"scope:rj_start1:grades=1,2,3,4"
KV000479,2026-09-04,"scope:rj_start1:grades=1,2,3,4"
KV000480,2026-09-04,"scope:rj_start1:grades=1,2,3,4"
KV000481,2026-09-04,"scope:rj_start1:grades=1,2,3,4"
KV000482,2026-09-04,"scope:rj_start1:grades=1,2,3,4"
KV000483,2026-09-04,"scope:rj_start1:grades=1,2,3,4"
KV000484,2026-09-04,"scope:rj_start1:grades=1,2,3,4"
KV000485,2026-09-04,"scope:rj_start1:grades=1,2,3,4"
KV000486,2026-09-04,"scope:rj_start1:grades=1,2,3,4"
KV000487,2026-09-04,"scope:rj_start1:grades=1,2,3,4"
KV000488,2026-09-04,"scope:rj_start1:grades=1,2,3,4"
KV000489,2026-09-04,"scope:rj_start1:grades=1,2,3,4"
KV000490,2026-09-04,"scope:rj_start1:grades=1,2,3,4"
KV000491,2026-09-04,"scope:rj_start1:grades=1,2,3,4"
KV000492,2026-09-04,"scope:rj_start1:grades=1,2,3,4"
KV000493,2026-09-04,"scope:rj_start1:grades=1,2,3,4"
KV000494,2026-09-04,"scope:rj_start1:grades=1,2,3,4"
KV000495,2026-09-04,"scope:rj_start1:grades=1,2,3,4"
KV000496,2026-09-04,"scope:rj_start1:grades=1,2,3,4"
KV000497,2026-09-04,"scope:rj_start1:grades=1,2,3,4"
KV000498,2026-09-04,"scope:rj_start1:grades=1,2,3,4"
KV000499,2026-09-04,"scope:rj_start1:grades=1,2,3,4"
KV000500,2026-09-04,"scope:rj_start1:grades=1,2,3,4"
KV000501,2026-09-04,"scope:rj_start1:grades=1,2,3,4"
KV000502,2026-09-04,"scope:rj_start1:grades=1,2,3,4"
KV000503,2026-09-04,"scope:rj_start1:grades=1,2,3,4"
KV000504,2026-09-04,"scope:rj_start1:grades=1,2,3,4"
KV000505,2026-09-04,"scope:rj_start1:grades=1,2,3,4"
KV000506,2026-09-04,"scope:rj_start1:grades=1,2,3,4"
KV000507,2026-09-04,"scope:rj_start1:grades=1,2,3,4"
KV000508,2026-09-04,"scope:rj_start1:grades=1,2,3,4"
KV000509,2026-09-04,"scope:rj_start1:grades=1,2,3,4"
KV000510,2026-09-04,"scope:rj_start1:grades=1,2,3,4"
KV000511,2026-09-04,"scope:rj_start1:grades=1,2,3,4"
KV000512,2026-09-04,"scope:rj_start1:grades=1,2,3,4"
KV000513,2026-09-04,"scope:rj_start1:grades=1,2,3,4"
KV000514,2026-09-04,"scope:rj_start1:grades=1,2,3,4"
KV000515,2026-09-04,"scope:rj_start1:grades=1,2,3,4"
KV000516,2026-09-04,"scope:rj_start1:grades=1,2,3,4"
KV000517,2026-09-04,"scope:rj_start1:grades=1,2,3,4"
KV000518,2026-09-04,"scope:rj_start1:grades=1,2,3,4"
