SourceID,SourceItemKey,NoteID,Decision,Status
rj_start1,book,KV000001,baseline-confirmed,confirmed
rj_start1,ruler,KV000002,baseline-confirmed,confirmed
rj_start1,pencil,KV000003,baseline-confirmed,confirmed
rj_start1,schoolbag,KV000004,baseline-confirmed,confirmed
rj_start1,teacher,KV000005,baseline-confirmed,confirmed
rj_start1,i,KV000006,baseline-confirmed,confirmed
rj_start1,have,KV000007,baseline-confirmed,confirmed
rj_start1,a,KV000008,baseline-confirmed,confirmed
rj_start1,an,KV000009,baseline-confirmed,confirmed
rj_start1,face,KV000010,baseline-confirmed,confirmed
rj_start1,ear,KV000011,baseline-confirmed,confirmed
rj_start1,eye,KV000012,baseline-confirmed,confirmed
rj_start1,nose,KV000013,baseline-confirmed,confirmed
rj_start1,mouth,KV000014,baseline-confirmed,confirmed
rj_start1,this,KV000015,baseline-confirmed,confirmed
rj_start1,is,KV000016,baseline-confirmed,confirmed
rj_start1,my,KV000017,baseline-confirmed,confirmed
rj_start1,dog,KV000018,baseline-confirmed,confirmed
rj_start1,bird,KV000019,baseline-confirmed,confirmed
rj_start1,tiger,KV000020,baseline-confirmed,confirmed
rj_start1,monkey,KV000021,baseline-confirmed,confirmed
rj_start1,cat,KV000022,baseline-confirmed,confirmed
rj_start1,what,KV000023,baseline-confirmed,confirmed
rj_start1,it,KV000024,baseline-confirmed,confirmed
rj_start1,one,KV000025,baseline-confirmed,confirmed
rj_start1,two,KV000026,baseline-confirmed,confirmed
rj_start1,three,KV000027,baseline-confirmed,confirmed
rj_start1,four,KV000028,baseline-confirmed,confirmed
rj_start1,five,KV000029,baseline-confirmed,confirmed
rj_start1,six,KV000030,baseline-confirmed,confirmed
rj_start1,seven,KV000031,baseline-confirmed,confirmed
rj_start1,eight,KV000032,baseline-confirmed,confirmed
rj_start1,nine,KV000033,baseline-confirmed,confirmed
rj_start1,ten,KV000034,baseline-confirmed,confirmed
rj_start1,how,KV000035,baseline-confirmed,confirmed
rj_start1,many,KV000036,baseline-confirmed,confirmed
rj_start1,are,KV000037,baseline-confirmed,confirmed
rj_start1,there,KV000038,baseline-confirmed,confirmed
rj_start1,black,KV000039,baseline-confirmed,confirmed
rj_start1,yellow,KV000040,baseline-confirmed,confirmed
rj_start1,blue,KV000041,baseline-confirmed,confirmed
rj_start1,red,KV000042,baseline-confirmed,confirmed
rj_start1,green,KV000043,baseline-confirmed,confirmed
rj_start1,colour,KV000044,baseline-confirmed,confirmed
rj_start1,apple,KV000045,baseline-confirmed,confirmed
rj_start1,pear,KV000046,baseline-confirmed,confirmed
rj_start1,banana,KV000047,baseline-confirmed,confirmed
rj_start1,orange,KV000048,baseline-confirmed,confirmed
rj_start1,do,KV000049,baseline-confirmed,confirmed
rj_start1,you,KV000050,baseline-confirmed,confirmed
rj_start1,like,KV000051,baseline-confirmed,confirmed
rj_start1,yes,KV000052,baseline-confirmed,confirmed
rj_start1,no,KV000053,baseline-confirmed,confirmed
rj_start1,chair,KV000054,baseline-confirmed,confirmed
rj_start1,desk,KV000055,baseline-confirmed,confirmed
rj_start1,blackboard,KV000056,baseline-confirmed,confirmed
rj_start1,on,KV000057,baseline-confirmed,confirmed
rj_start1,under,KV000058,baseline-confirmed,confirmed
rj_start1,in,KV000059,baseline-confirmed,confirmed
rj_start1,where,KV000060,baseline-confirmed,confirmed
rj_start1,the,KV000061,baseline-confirmed,confirmed
rj_start1,light,KV000062,baseline-confirmed,confirmed
rj_start1,bed,KV000063,baseline-confirmed,confirmed
rj_start1,door,KV000064,baseline-confirmed,confirmed
rj_start1,box,KV000065,baseline-confirmed,confirmed
rj_start1,near,KV000066,baseline-confirmed,confirmed
rj_start1,behind,KV000067,baseline-confirmed,confirmed
rj_start1,plane,KV000068,baseline-confirmed,confirmed
rj_start1,ball,KV000069,baseline-confirmed,confirmed
rj_start1,doll,KV000070,baseline-confirmed,confirmed
rj_start1,train,KV000071,baseline-confirmed,confirmed
rj_start1,car,KV000072,baseline-confirmed,confirmed
rj_start1,bear,KV000073,baseline-confirmed,confirmed
rj_start1,can,KV000074,baseline-confirmed,confirmed
rj_start1,sure,KV000075,baseline-confirmed,confirmed
rj_start1,sorry,KV000076,baseline-confirmed,confirmed
rj_start1,rice,KV000077,baseline-confirmed,confirmed
rj_start1,noodles,KV000078,baseline-confirmed,confirmed
rj_start1,vegetable,KV000079,baseline-confirmed,confirmed
rj_start1,fish,KV000080,baseline-confirmed,confirmed
rj_start1,chicken,KV000081,baseline-confirmed,confirmed
rj_start1,egg,KV000082,baseline-confirmed,confirmed
rj_start1,hungry,KV000083,baseline-confirmed,confirmed
rj_start1,want,KV000084,baseline-confirmed,confirmed
rj_start1,and,KV000085,baseline-confirmed,confirmed
rj_start1,juice,KV000086,baseline-confirmed,confirmed
rj_start1,tea,KV000087,baseline-confirmed,confirmed
rj_start1,milk,KV000088,baseline-confirmed,confirmed
rj_start1,water,KV000089,baseline-confirmed,confirmed
rj_start1,thirsty,KV000090,baseline-confirmed,confirmed
rj_start1,thanks,KV000091,baseline-confirmed,confirmed
rj_start1,shirt,KV000092,baseline-confirmed,confirmed
rj_start1,t-shirt,KV000093,baseline-confirmed,confirmed
rj_start1,skirt,KV000094,baseline-confirmed,confirmed
rj_start1,dress,KV000095,baseline-confirmed,confirmed
rj_start1,socks,KV000096,baseline-confirmed,confirmed
rj_start1,shorts,KV000097,baseline-confirmed,confirmed
rj_start1,your,KV000098,baseline-confirmed,confirmed
rj_start1,father,KV000099,baseline-confirmed,confirmed
rj_start1,mother,KV000100,baseline-confirmed,confirmed
rj_start1,brother,KV000101,baseline-confirmed,confirmed
rj_start1,sister,KV000102,baseline-confirmed,confirmed
rj_start1,grandmother,KV000103,baseline-confirmed,confirmed
rj_start1,grandfather,KV000104,baseline-confirmed,confirmed
rj_start1,who,KV000105,baseline-confirmed,confirmed
rj_start1,he,KV000106,baseline-confirmed,confirmed
rj_start1,she,KV000107,baseline-confirmed,confirmed
rj_start1,classmate,KV000108,baseline-confirmed,confirmed
rj_start1,friend,KV000109,baseline-confirmed,confirmed
rj_start1,woman,KV000110,baseline-confirmed,confirmed
rj_start1,girl,KV000111,baseline-confirmed,confirmed
rj_start1,man,KV000112,baseline-confirmed,confirmed
rj_start1,boy,KV000113,baseline-confirmed,confirmed
rj_start1,look,KV000114,baseline-confirmed,confirmed
rj_start1,his,KV000115,baseline-confirmed,confirmed
rj_start1,name,KV000116,baseline-confirmed,confirmed
rj_start1,her,KV000117,baseline-confirmed,confirmed
rj_start1,or,KV000118,baseline-confirmed,confirmed
rj_start1,big,KV000119,baseline-confirmed,confirmed
rj_start1,tall,KV000120,baseline-confirmed,confirmed
rj_start1,pretty,KV000121,baseline-confirmed,confirmed
rj_start1,thin,KV000122,baseline-confirmed,confirmed
rj_start1,short,KV000123,baseline-confirmed,confirmed
rj_start1,handsome,KV000124,baseline-confirmed,confirmed
rj_start1,new,KV000125,baseline-confirmed,confirmed
rj_start1,does,KV000126,baseline-confirmed,confirmed
rj_start1,bookshop,KV000127,baseline-confirmed,confirmed
rj_start1,zoo,KV000128,baseline-confirmed,confirmed
rj_start1,school,KV000129,baseline-confirmed,confirmed
rj_start1,supermarket,KV000130,baseline-confirmed,confirmed
rj_start1,park,KV000131,baseline-confirmed,confirmed
rj_start1,hospital,KV000132,baseline-confirmed,confirmed
rj_start1,go,KV000133,baseline-confirmed,confirmed
rj_start1,to,KV000134,baseline-confirmed,confirmed
rj_start1,grass,KV000135,baseline-confirmed,confirmed
rj_start1,tree,KV000136,baseline-confirmed,confirmed
rj_start1,flower,KV000137,baseline-confirmed,confirmed
rj_start1,boat,KV000138,baseline-confirmed,confirmed
rj_start1,lake,KV000139,baseline-confirmed,confirmed
rj_start1,hill,KV000140,baseline-confirmed,confirmed
rj_start1,christmas,KV000141,baseline-confirmed,confirmed
rj_start1,father christmas,KV000142,baseline-confirmed,confirmed
rj_start1,christmas tree,KV000143,baseline-confirmed,confirmed
rj_start1,card,KV000144,baseline-confirmed,confirmed
rj_start1,present,KV000145,baseline-confirmed,confirmed
rj_start1,new year,KV000146,baseline-confirmed,confirmed
rj_start1,merry,KV000147,baseline-confirmed,confirmed
rj_start1,too,KV000148,baseline-confirmed,confirmed
rj_start1,here,KV000149,baseline-confirmed,confirmed
rj_start1,for,KV000150,baseline-confirmed,confirmed
rj_start1,thank,KV000151,baseline-confirmed,confirmed
rj_start1,happy,KV000152,baseline-confirmed,confirmed
rj_start1,play football,KV000153,baseline-confirmed,confirmed
rj_start1,fly a kite,KV000154,baseline-confirmed,confirmed
rj_start1,ride a bike,KV000155,baseline-confirmed,confirmed
rj_start1,make a model plane,KV000156,baseline-confirmed,confirmed
rj_start1,swim,KV000157,baseline-confirmed,confirmed
rj_start1,make a snowman,KV000158,baseline-confirmed,confirmed
rj_start1,can't,KV000159,baseline-confirmed,confirmed
rj_start1,rainy,KV000160,baseline-confirmed,confirmed
rj_start1,cloudy,KV000161,baseline-confirmed,confirmed
rj_start1,snowy,KV000162,baseline-confirmed,confirmed
rj_start1,windy,KV000163,baseline-confirmed,confirmed
rj_start1,sunny,KV000164,baseline-confirmed,confirmed
rj_start1,umbrella,KV000165,baseline-confirmed,confirmed
rj_start1,weather,KV000166,baseline-confirmed,confirmed
rj_start1,wow,KV000167,baseline-confirmed,confirmed
rj_start1,let's,KV000168,baseline-confirmed,confirmed
rj_start1,spring,KV000169,baseline-confirmed,confirmed
rj_start1,summer,KV000170,baseline-confirmed,confirmed
rj_start1,autumn,KV000171,baseline-confirmed,confirmed
rj_start1,winter,KV000172,baseline-confirmed,confirmed
rj_start1,hot,KV000173,baseline-confirmed,confirmed
rj_start1,warm,KV000174,baseline-confirmed,confirmed
rj_start1,cool,KV000175,baseline-confirmed,confirmed
rj_start1,cold,KV000176,baseline-confirmed,confirmed
rj_start1,favourite,KV000177,baseline-confirmed,confirmed
rj_start1,season,KV000178,baseline-confirmed,confirmed
rj_start1,eleven,KV000179,baseline-confirmed,confirmed
rj_start1,twelve,KV000180,baseline-confirmed,confirmed
rj_start1,twenty,KV000181,baseline-confirmed,confirmed
rj_start1,thirty,KV000182,baseline-confirmed,confirmed
rj_start1,forty,KV000183,baseline-confirmed,confirmed
rj_start1,fifty,KV000184,baseline-confirmed,confirmed
rj_start1,thirteen,KV000185,baseline-confirmed,confirmed
rj_start1,fourteen,KV000186,baseline-confirmed,confirmed
rj_start1,fifteen,KV000187,baseline-confirmed,confirmed
rj_start1,time,KV000188,baseline-confirmed,confirmed
rj_start1,playtime,KV000189,baseline-confirmed,confirmed
rj_start1,get up,KV000190,baseline-confirmed,confirmed
rj_start1,eat breakfast,KV000191,baseline-confirmed,confirmed
rj_start1,go to school,KV000192,baseline-confirmed,confirmed
rj_start1,eat lunch,KV000193,baseline-confirmed,confirmed
rj_start1,go home,KV000194,baseline-confirmed,confirmed
rj_start1,eat dinner,KV000195,baseline-confirmed,confirmed
rj_start1,go to bed,KV000196,baseline-confirmed,confirmed
rj_start1,when,KV000197,baseline-confirmed,confirmed
rj_start1,every day,KV000198,baseline-confirmed,confirmed
rj_start1,at,KV000199,baseline-confirmed,confirmed
rj_start1,sunday,KV000200,baseline-confirmed,confirmed
rj_start1,monday,KV000201,baseline-confirmed,confirmed
rj_start1,tuesday,KV000202,baseline-confirmed,confirmed
rj_start1,wednesday,KV000203,baseline-confirmed,confirmed
rj_start1,thursday,KV000204,baseline-confirmed,confirmed
rj_start1,friday,KV000205,baseline-confirmed,confirmed
rj_start1,saturday,KV000206,baseline-confirmed,confirmed
rj_start1,today,KV000207,baseline-confirmed,confirmed
rj_start1,year,KV000208,baseline-confirmed,confirmed
rj_start1,old,KV000209,baseline-confirmed,confirmed
rj_start1,how old,KV000210,baseline-confirmed,confirmed
rj_start1,class,KV000211,baseline-confirmed,confirmed
rj_start1,grade,KV000212,baseline-confirmed,confirmed
rj_start1,age,KV000213,baseline-confirmed,confirmed
rj_start1,dear,KV000214,baseline-confirmed,confirmed
rj_start1,body,KV000215,baseline-confirmed,confirmed
rj_start1,head,KV000216,baseline-confirmed,confirmed
rj_start1,hair,KV000217,baseline-confirmed,confirmed
rj_start1,arm,KV000218,baseline-confirmed,confirmed
rj_start1,hand,KV000219,baseline-confirmed,confirmed
rj_start1,leg,KV000220,baseline-confirmed,confirmed
rj_start1,foot,KV000221,baseline-confirmed,confirmed
rj_start1,feet,KV000222,baseline-confirmed,confirmed
rj_start1,the matter,KV000223,baseline-confirmed,confirmed
rj_start1,hurt,KV000224,baseline-confirmed,confirmed
rj_start1,help,KV000225,baseline-confirmed,confirmed
rj_start1,bad,KV000226,baseline-confirmed,confirmed
rj_start1,bite,KV000227,baseline-confirmed,confirmed
rj_start1,tongue,KV000228,baseline-confirmed,confirmed
rj_start1,kick,KV000229,baseline-confirmed,confirmed
rj_start1,morning,KV000230,baseline-confirmed,confirmed
rj_start1,afternoon,KV000231,baseline-confirmed,confirmed
rj_start1,summary,KV000232,baseline-confirmed,confirmed
rj_start1,bread,KV000233,baseline-confirmed,confirmed
rj_start1,cake,KV000234,baseline-confirmed,confirmed
rj_start1,fruit,KV000235,baseline-confirmed,confirmed
rj_start1,ice-cream,KV000236,baseline-confirmed,confirmed
rj_start1,potato,KV000237,baseline-confirmed,confirmed
rj_start1,tomato,KV000238,baseline-confirmed,confirmed
rj_start1,meat,KV000239,baseline-confirmed,confirmed
rj_start1,shopping list,KV000240,baseline-confirmed,confirmed
rj_start1,cola,KV000241,baseline-confirmed,confirmed
rj_start1,buy,KV000242,baseline-confirmed,confirmed
rj_start1,vegetables,KV000243,baseline-confirmed,confirmed
rj_start1,duck,KV000244,baseline-confirmed,confirmed
rj_start1,rabbit,KV000245,baseline-confirmed,confirmed
rj_start1,pet,KV000246,baseline-confirmed,confirmed
rj_start1,snake,KV000247,baseline-confirmed,confirmed
rj_start1,turtle,KV000248,baseline-confirmed,confirmed
rj_start1,small,KV000249,baseline-confirmed,confirmed
rj_start1,long,KV000250,baseline-confirmed,confirmed
rj_start1,look for,KV000251,baseline-confirmed,confirmed
rj_start1,tail,KV000252,baseline-confirmed,confirmed
rj_start1,dance,KV000253,baseline-confirmed,confirmed
rj_start1,cap,KV000254,baseline-confirmed,confirmed
rj_start1,coat,KV000255,baseline-confirmed,confirmed
rj_start1,shoes,KV000256,baseline-confirmed,confirmed
rj_start1,sweater,KV000257,baseline-confirmed,confirmed
rj_start1,jacket,KV000258,baseline-confirmed,confirmed
rj_start1,gloves,KV000259,baseline-confirmed,confirmed
rj_start1,trousers,KV000260,baseline-confirmed,confirmed
rj_start1,should,KV000261,baseline-confirmed,confirmed
rj_start1,wear,KV000262,baseline-confirmed,confirmed
rj_start1,week,KV000263,baseline-confirmed,confirmed
rj_start1,soon,KV000264,baseline-confirmed,confirmed
rj_start1,look forward to,KV000265,baseline-confirmed,confirmed
rj_start1,january,KV000266,baseline-confirmed,confirmed
rj_start1,february,KV000267,baseline-confirmed,confirmed
rj_start1,march,KV000268,baseline-confirmed,confirmed
rj_start1,april,KV000269,baseline-confirmed,confirmed
rj_start1,may,KV000270,baseline-confirmed,confirmed
rj_start1,june,KV000271,baseline-confirmed,confirmed
rj_start1,july,KV000272,baseline-confirmed,confirmed
rj_start1,august,KV000273,baseline-confirmed,confirmed
rj_start1,september,KV000274,baseline-confirmed,confirmed
rj_start1,october,KV000275,baseline-confirmed,confirmed
rj_start1,november,KV000276,baseline-confirmed,confirmed
rj_start1,december,KV000277,baseline-confirmed,confirmed
rj_start1,birthday,KV000278,baseline-confirmed,confirmed
rj_start1,first,KV000279,baseline-confirmed,confirmed
rj_start1,party,KV000280,baseline-confirmed,confirmed
rj_start1,delicious,KV000281,baseline-confirmed,confirmed
rj_start1,chinese,KV000282,baseline-confirmed,confirmed
rj_start1,english,KV000283,baseline-confirmed,confirmed
rj_start1,science,KV000284,baseline-confirmed,confirmed
rj_start1,pe,KV000285,baseline-confirmed,confirmed
rj_start1,music,KV000286,baseline-confirmed,confirmed
rj_start1,maths,KV000287,baseline-confirmed,confirmed
rj_start1,art,KV000288,baseline-confirmed,confirmed
rj_start1,computer class,KV000289,baseline-confirmed,confirmed
rj_start1,we,KV000290,baseline-confirmed,confirmed
rj_start1,that,KV000291,baseline-confirmed,confirmed
rj_start1,classroom,KV000292,baseline-confirmed,confirmed
rj_start1,library,KV000293,baseline-confirmed,confirmed
rj_start1,toilet,KV000294,baseline-confirmed,confirmed
rj_start1,playground,KV000295,baseline-confirmed,confirmed
rj_start1,second,KV000296,baseline-confirmed,confirmed
rj_start1,third,KV000297,baseline-confirmed,confirmed
rj_start1,floor,KV000298,baseline-confirmed,confirmed
rj_start1,room,KV000299,baseline-confirmed,confirmed
rj_start1,our,KV000300,baseline-confirmed,confirmed
rj_start1,they,KV000301,baseline-confirmed,confirmed
rj_start1,after school,KV000302,baseline-confirmed,confirmed
rj_start1,play sports,KV000303,baseline-confirmed,confirmed
rj_start1,draw pictures,KV000304,baseline-confirmed,confirmed
rj_start1,play chess,KV000305,baseline-confirmed,confirmed
rj_start1,sing songs,KV000306,baseline-confirmed,confirmed
rj_start1,read books,KV000307,baseline-confirmed,confirmed
rj_start1,really,KV000308,baseline-confirmed,confirmed
rj_start1,tomorrow,KV000309,baseline-confirmed,confirmed
rj_start1,wake up,KV000310,baseline-confirmed,confirmed
rj_start1,be back,KV000311,baseline-confirmed,confirmed
rj_start1,family,KV000312,baseline-confirmed,confirmed
rj_start1,uncle,KV000313,baseline-confirmed,confirmed
rj_start1,aunt,KV000314,baseline-confirmed,confirmed
rj_start1,cousin,KV000315,baseline-confirmed,confirmed
rj_start1,beautiful,KV000316,baseline-confirmed,confirmed
rj_start1,lost,KV000317,baseline-confirmed,confirmed
rj_start1,water bottle,KV000318,baseline-confirmed,confirmed
rj_start1,know,KV000319,baseline-confirmed,confirmed
rj_start1,ok,KV000320,baseline-confirmed,confirmed
rj_start1,much,KV000321,baseline-confirmed,confirmed
rj_start1,welcome,KV000322,baseline-confirmed,confirmed
rj_start1,cooking dinner,KV000323,baseline-confirmed,confirmed
rj_start1,walking the dog,KV000324,baseline-confirmed,confirmed
rj_start1,watering the plants,KV000325,baseline-confirmed,confirmed
rj_start1,cleaning the room,KV000326,baseline-confirmed,confirmed
rj_start1,listening to music,KV000327,baseline-confirmed,confirmed
rj_start1,watching tv,KV000328,baseline-confirmed,confirmed
rj_start1,feeding the fish,KV000329,baseline-confirmed,confirmed
rj_start1,play with,KV000330,baseline-confirmed,confirmed
rj_start1,in one hour,KV000331,baseline-confirmed,confirmed
rj_start1,everyone,KV000332,baseline-confirmed,confirmed
rj_start1,children,KV000333,baseline-confirmed,confirmed
rj_start1,run,KV000334,baseline-confirmed,confirmed
rj_start1,home,KV000335,baseline-confirmed,confirmed
rj_start1,bedroom,KV000336,baseline-confirmed,confirmed
rj_start1,living room,KV000337,baseline-confirmed,confirmed
rj_start1,bathroom,KV000338,baseline-confirmed,confirmed
rj_start1,dining room,KV000339,baseline-confirmed,confirmed
rj_start1,study,KV000340,baseline-confirmed,confirmed
rj_start1,kitchen,KV000341,baseline-confirmed,confirmed
rj_start1,for rent,KV000342,baseline-confirmed,confirmed
rj_start1,sofa,KV000343,baseline-confirmed,confirmed
rj_start1,running,KV000344,baseline-confirmed,confirmed
rj_start1,basketball,KV000345,baseline-confirmed,confirmed
rj_start1,roller skating,KV000346,baseline-confirmed,confirmed
rj_start1,jumping rope,KV000347,baseline-confirmed,confirmed
rj_start1,ping-pong,KV000348,baseline-confirmed,confirmed
rj_start1,what about ...?,KV000349,baseline-confirmed,confirmed
rj_start1,interesting,KV000350,baseline-confirmed,confirmed
rj_start1,often,KV000351,baseline-confirmed,confirmed
rj_start1,be good at,KV000352,baseline-confirmed,confirmed
rj_start1,late,KV000353,baseline-confirmed,confirmed
rj_start1,visit one's grandparents,KV000354,baseline-confirmed,confirmed
rj_start1,go to a drawing club,KV000355,baseline-confirmed,confirmed
rj_start1,climb a hill,KV000356,baseline-confirmed,confirmed
rj_start1,pick fruit,KV000357,baseline-confirmed,confirmed
rj_start1,play computer games,KV000358,baseline-confirmed,confirmed
rj_start1,go fishing,KV000359,baseline-confirmed,confirmed
rj_start1,go to the cinema,KV000360,baseline-confirmed,confirmed
rj_start1,on the weekend,KV000361,baseline-confirmed,confirmed
rj_start1,fun,KV000362,baseline-confirmed,confirmed
rj_start1,always,KV000363,baseline-confirmed,confirmed
rj_start1,step,KV000364,baseline-confirmed,confirmed
rj_start1,paint,KV000365,baseline-confirmed,confirmed
rj_start1,evening,KV000366,baseline-confirmed,confirmed
rj_start1,dirty,KV000367,baseline-confirmed,confirmed
rj_start1,their,KV000368,baseline-confirmed,confirmed
rj_start1,house,KV000369,baseline-confirmed,confirmed
rj_start1,poor,KV000370,baseline-confirmed,confirmed
rj_start1,hope,KV000371,baseline-confirmed,confirmed
rj_start1,so,KV000372,baseline-confirmed,confirmed
rj_start1,day,KV000373,baseline-confirmed,confirmed
rj_start1,usually,KV000374,baseline-confirmed,confirmed
rj_start1,by bus,KV000375,baseline-confirmed,confirmed
rj_start1,by boat,KV000376,baseline-confirmed,confirmed
rj_start1,by ship,KV000377,baseline-confirmed,confirmed
rj_start1,by car,KV000378,baseline-confirmed,confirmed
rj_start1,by taxi,KV000379,baseline-confirmed,confirmed
rj_start1,by bike,KV000380,baseline-confirmed,confirmed
rj_start1,on foot,KV000381,baseline-confirmed,confirmed
rj_start1,by school bus,KV000382,baseline-confirmed,confirmed
rj_start1,by subway,KV000383,baseline-confirmed,confirmed
rj_start1,by plane,KV000384,baseline-confirmed,confirmed
rj_start1,by train,KV000385,baseline-confirmed,confirmed
rj_start1,garden,KV000386,baseline-confirmed,confirmed
rj_start1,meeting place,KV000387,baseline-confirmed,confirmed
rj_start1,gate,KV000388,baseline-confirmed,confirmed
rj_start1,transportation,KV000389,baseline-confirmed,confirmed
rj_start1,film,KV000390,baseline-confirmed,confirmed
rj_start1,earth,KV000391,baseline-confirmed,confirmed
rj_start1,snow,KV000392,baseline-confirmed,confirmed
rj_start1,theatre,KV000393,baseline-confirmed,confirmed
rj_start1,come,KV000394,baseline-confirmed,confirmed
rj_start1,enjoy,KV000395,baseline-confirmed,confirmed
rj_start1,pen,KV000396,baseline-confirmed,confirmed
rj_start1,knife,KV000397,baseline-confirmed,confirmed
rj_start1,eraser,KV000398,baseline-confirmed,confirmed
rj_start1,crayon,KV000399,baseline-confirmed,confirmed
rj_start1,scissors,KV000400,baseline-confirmed,confirmed
rj_start1,glue stick,KV000401,baseline-confirmed,confirmed
rj_start1,paper,KV000402,baseline-confirmed,confirmed
rj_start1,use,KV000403,baseline-confirmed,confirmed
rj_start1,please,KV000404,baseline-confirmed,confirmed
rj_start1,find,KV000405,baseline-confirmed,confirmed
rj_start1,information centre,KV000406,baseline-confirmed,confirmed
rj_start1,excuse me,KV000407,baseline-confirmed,confirmed
rj_start1,phone,KV000408,baseline-confirmed,confirmed
rj_start1,dad,KV000409,baseline-confirmed,confirmed
rj_start1,hamburger,KV000410,baseline-confirmed,confirmed
rj_start1,shop,KV000411,baseline-confirmed,confirmed
rj_start1,climb on the window ledge,KV000412,baseline-confirmed,confirmed
rj_start1,dangerous,KV000413,baseline-confirmed,confirmed
rj_start1,play with fire,KV000414,baseline-confirmed,confirmed
rj_start1,be careful!,KV000415,baseline-confirmed,confirmed
rj_start1,run down the stairs,KV000416,baseline-confirmed,confirmed
rj_start1,sidewalk,KV000417,baseline-confirmed,confirmed
rj_start1,wait for,KV000418,baseline-confirmed,confirmed
rj_start1,safe,KV000419,baseline-confirmed,confirmed
rj_start1,stop,KV000420,baseline-confirmed,confirmed
rj_start1,street,KV000421,baseline-confirmed,confirmed
rj_start1,safety rule,KV000422,baseline-confirmed,confirmed
rj_start1,nurse,KV000423,baseline-confirmed,confirmed
rj_start1,cook,KV000424,baseline-confirmed,confirmed
rj_start1,doctor,KV000425,baseline-confirmed,confirmed
rj_start1,bus driver,KV000426,baseline-confirmed,confirmed
rj_start1,police officer,KV000427,baseline-confirmed,confirmed
rj_start1,taxi driver,KV000428,baseline-confirmed,confirmed
rj_start1,farmer,KV000429,baseline-confirmed,confirmed
rj_start1,worker,KV000430,baseline-confirmed,confirmed
rj_start1,in the future,KV000431,baseline-confirmed,confirmed
rj_start1,great,KV000432,baseline-confirmed,confirmed
rj_start1,job,KV000433,baseline-confirmed,confirmed
rj_start1,sick,KV000434,baseline-confirmed,confirmed
rj_start1,people,KV000435,baseline-confirmed,confirmed
rj_start1,teach,KV000436,baseline-confirmed,confirmed
rj_start1,just,KV000437,baseline-confirmed,confirmed
rj_start1,myself,KV000438,baseline-confirmed,confirmed
rj_start1,sound,KV000439,baseline-confirmed,confirmed
rj_start1,across from,KV000440,baseline-confirmed,confirmed
rj_start1,next to,KV000441,baseline-confirmed,confirmed
rj_start1,between,KV000442,baseline-confirmed,confirmed
rj_start1,restaurant,KV000443,baseline-confirmed,confirmed
rj_start1,post office,KV000444,baseline-confirmed,confirmed
rj_start1,bank,KV000445,baseline-confirmed,confirmed
rj_start1,grocery,KV000446,baseline-confirmed,confirmed
rj_start1,turn left,KV000447,baseline-confirmed,confirmed
rj_start1,turn right,KV000448,baseline-confirmed,confirmed
rj_start1,go straight,KV000449,baseline-confirmed,confirmed
rj_start1,crossroads,KV000450,baseline-confirmed,confirmed
rj_start1,neighbourhood,KV000451,baseline-confirmed,confirmed
rj_start1,send,KV000452,baseline-confirmed,confirmed
rj_start1,get,KV000453,baseline-confirmed,confirmed
rj_start1,money,KV000454,baseline-confirmed,confirmed
rj_start1,get to,KV000455,baseline-confirmed,confirmed
rj_start1,before,KV000456,baseline-confirmed,confirmed
rj_start1,leave,KV000457,baseline-confirmed,confirmed
rj_start1,toy,KV000458,baseline-confirmed,confirmed
rj_start1,city,KV000459,baseline-confirmed,confirmed
rj_start1,sports centre,KV000460,baseline-confirmed,confirmed
rj_start1,hotel,KV000461,baseline-confirmed,confirmed
rj_start1,square,KV000462,baseline-confirmed,confirmed
rj_start1,buy toys,KV000463,baseline-confirmed,confirmed
rj_start1,see a film,KV000464,baseline-confirmed,confirmed
rj_start1,go boating,KV000465,baseline-confirmed,confirmed
rj_start1,busy,KV000466,baseline-confirmed,confirmed
rj_start1,station,KV000467,baseline-confirmed,confirmed
rj_start1,place,KV000468,baseline-confirmed,confirmed
rj_start1,thing,KV000469,baseline-confirmed,confirmed
rj_start1,stay,KV000470,baseline-confirmed,confirmed
rj_start1,star,KV000471,baseline-confirmed,confirmed
rj_start1,king,KV000472,baseline-confirmed,confirmed
rj_start1,central,KV000473,baseline-confirmed,confirmed
rj_start1,take photos,KV000474,baseline-confirmed,confirmed
rj_start1,museum,KV000475,baseline-confirmed,confirmed
rj_start1,dream,KV000476,baseline-confirmed,confirmed
rj_start1,sea,KV000477,baseline-confirmed,confirmed
rj_start1,ski,KV000478,baseline-confirmed,confirmed
rj_start1,eat seafood,KV000479,baseline-confirmed,confirmed
rj_start1,visit the mogao caves,KV000480,baseline-confirmed,confirmed
rj_start1,west lake,KV000481,baseline-confirmed,confirmed
rj_start1,row a boat,KV000482,baseline-confirmed,confirmed
rj_start1,the great wall,KV000483,baseline-confirmed,confirmed
rj_start1,summer vacation,KV000484,baseline-confirmed,confirmed
rj_start1,travel,KV000485,baseline-confirmed,confirmed
rj_start1,reading,KV000486,baseline-confirmed,confirmed
rj_start1,skateboarding,KV000487,baseline-confirmed,confirmed
rj_start1,singing,KV000488,baseline-confirmed,confirmed
rj_start1,dancing,KV000489,baseline-confirmed,confirmed
rj_start1,doing jigsaw puzzles,KV000490,baseline-confirmed,confirmed
rj_start1,making models,KV000491,baseline-confirmed,confirmed
rj_start1,collecting erasers,KV000492,baseline-confirmed,confirmed
rj_start1,different,KV000493,baseline-confirmed,confirmed
rj_start1,hobby,KV000494,baseline-confirmed,confirmed
rj_start1,stamp,KV000495,baseline-confirmed,confirmed
rj_start1,catch,KV000496,baseline-confirmed,confirmed
rj_start1,go for a picnic,KV000497,baseline-confirmed,confirmed
rj_start1,play the violin,KV000498,baseline-confirmed,confirmed
rj_start1,go skating,KV000499,baseline-confirmed,confirmed
rj_start1,go camping,KV000500,baseline-confirmed,confirmed
rj_start1,do the housework,KV000501,baseline-confirmed,confirmed
rj_start1,free,KV000502,baseline-confirmed,confirmed
rj_start1,never,KV000503,baseline-confirmed,confirmed
rj_start1,once a week,KV000504,baseline-confirmed,confirmed
rj_start1,twice a week,KV000505,baseline-confirmed,confirmed
rj_start1,three times a week,KV000506,baseline-confirmed,confirmed
rj_start1,canada,KV000507,baseline-confirmed,confirmed
rj_start1,australia,KV000508,baseline-confirmed,confirmed
rj_start1,the uk,KV000509,baseline-confirmed,confirmed
rj_start1,the usa,KV000510,baseline-confirmed,confirmed
rj_start1,china,KV000511,baseline-confirmed,confirmed
rj_start1,koala,KV000512,baseline-confirmed,confirmed
rj_start1,maple leaves,KV000513,baseline-confirmed,confirmed
rj_start1,big ben,KV000514,baseline-confirmed,confirmed
rj_start1,disneyland,KV000515,baseline-confirmed,confirmed
rj_start1,campfire,KV000516,baseline-confirmed,confirmed
rj_start1,cute,KV000517,baseline-confirmed,confirmed
rj_start1,country,KV000518,baseline-confirmed,confirmed
rj_start1,clever,KV000519,baseline-confirmed,confirmed
rj_start1,careless,KV000520,baseline-confirmed,confirmed
rj_start1,polite,KV000521,baseline-confirmed,confirmed
rj_start1,quiet,KV000522,baseline-confirmed,confirmed
rj_start1,friendly,KV000523,baseline-confirmed,confirmed
rj_start1,helpful,KV000524,baseline-confirmed,confirmed
rj_start1,active,KV000525,baseline-confirmed,confirmed
rj_start1,popular,KV000526,baseline-confirmed,confirmed
rj_start1,talk,KV000527,baseline-confirmed,confirmed
rj_start1,all,KV000528,baseline-confirmed,confirmed
rj_start1,but,KV000529,baseline-confirmed,confirmed
rj_start1,sometimes,KV000530,baseline-confirmed,confirmed
rj_start1,bark,KV000531,baseline-confirmed,confirmed
rj_start1,forget,KV000532,baseline-confirmed,confirmed
rj_start1,with,KV000533,baseline-confirmed,confirmed
rj_start1,wear glasses,KV000534,baseline-confirmed,confirmed
rj_start1,slim,KV000535,baseline-confirmed,confirmed
rj_start1,curly,KV000536,baseline-confirmed,confirmed
rj_start1,straight,KV000537,baseline-confirmed,confirmed
rj_start1,nice,KV000538,baseline-confirmed,confirmed
rj_start1,young,KV000539,baseline-confirmed,confirmed
rj_start1,guess,KV000540,baseline-confirmed,confirmed
rj_start1,has,KV000541,baseline-confirmed,confirmed
rj_start1,animal,KV000542,baseline-confirmed,confirmed
rj_start1,elephant,KV000543,baseline-confirmed,confirmed
rj_start1,panda,KV000544,baseline-confirmed,confirmed
rj_start1,horse,KV000545,baseline-confirmed,confirmed
rj_start1,cow,KV000546,baseline-confirmed,confirmed
rj_start1,pig,KV000547,baseline-confirmed,confirmed
rj_start1,sheep,KV000548,baseline-confirmed,confirmed
rj_start1,bee,KV000549,baseline-confirmed,confirmed
rj_start1,farm,KV000550,baseline-confirmed,confirmed
rj_start1,fast,KV000551,baseline-confirmed,confirmed
rj_start1,why,KV000552,baseline-confirmed,confirmed
rj_start1,lovely,KV000553,baseline-confirmed,confirmed
rj_start1,butterfly,KV000554,baseline-confirmed,confirmed
rj_start1,exercise book,KV000555,baseline-confirmed,confirmed
rj_start1,pencil sharpener,KV000556,baseline-confirmed,confirmed
rj_start1,a pair of scissors,KV000557,baseline-confirmed,confirmed
rj_start1,pencil box,KV000558,baseline-confirmed,confirmed
rj_start1,a box of crayons,KV000559,baseline-confirmed,confirmed
rj_start1,only,KV000560,baseline-confirmed,confirmed
rj_start1,also,KV000561,baseline-confirmed,confirmed
rj_start1,saleswoman,KV000562,baseline-confirmed,confirmed
rj_start1,love,KV000563,baseline-confirmed,confirmed
rj_start1,how much,KV000564,baseline-confirmed,confirmed
rj_start1,a lot,KV000565,baseline-confirmed,confirmed
rj_start1,wonderful,KV000566,baseline-confirmed,confirmed
rj_start1,fantastic,KV000567,baseline-confirmed,confirmed
rj_start1,cartoons,KV000568,baseline-confirmed,confirmed
rj_start1,news shows,KV000569,baseline-confirmed,confirmed
rj_start1,nature shows,KV000570,baseline-confirmed,confirmed
rj_start1,chore,KV000571,baseline-confirmed,confirmed
rj_start1,clean the room,KV000572,baseline-confirmed,confirmed
rj_start1,make the bed,KV000573,baseline-confirmed,confirmed
rj_start1,take out the rubbish,KV000574,baseline-confirmed,confirmed
rj_start1,wash clothes,KV000575,baseline-confirmed,confirmed
rj_start1,tidy the desk,KV000576,baseline-confirmed,confirmed
rj_start1,sweep the floor,KV000577,baseline-confirmed,confirmed
rj_start1,call,KV000578,baseline-confirmed,confirmed
rj_start1,too much,KV000579,baseline-confirmed,confirmed
rj_start1,candy,KV000580,baseline-confirmed,confirmed
rj_start1,early,KV000581,baseline-confirmed,confirmed
rj_start1,exercise,KV000582,baseline-confirmed,confirmed
rj_start1,tired,KV000583,baseline-confirmed,confirmed
rj_start1,drink,KV000584,baseline-confirmed,confirmed
rj_start1,stomachache,KV000585,baseline-confirmed,confirmed
rj_start1,headache,KV000586,baseline-confirmed,confirmed
rj_start1,toothache,KV000587,baseline-confirmed,confirmed
rj_start1,a lot of,KV000588,baseline-confirmed,confirmed
rj_start1,sleepy,KV000589,baseline-confirmed,confirmed
rj_start1,subject,KV000590,baseline-confirmed,confirmed
rj_start1,mark,KV000591,baseline-confirmed,confirmed
rj_start1,advice,KV000592,baseline-confirmed,confirmed
rj_start1,more,KV000593,baseline-confirmed,confirmed
rj_start1,new year's day,KV000594,baseline-confirmed,confirmed
rj_start1,tree planting day,KV000595,baseline-confirmed,confirmed
rj_start1,mother's day,KV000596,baseline-confirmed,confirmed
rj_start1,children's day,KV000597,baseline-confirmed,confirmed
rj_start1,father's day,KV000598,baseline-confirmed,confirmed
rj_start1,teachers' day,KV000599,baseline-confirmed,confirmed
rj_start1,national day,KV000600,baseline-confirmed,confirmed
rj_start1,christmas day,KV000601,baseline-confirmed,confirmed
rj_start1,fifth,KV000602,baseline-confirmed,confirmed
rj_start1,5th,KV000603,baseline-confirmed,confirmed
rj_start1,tenth,KV000604,baseline-confirmed,confirmed
rj_start1,10th,KV000605,baseline-confirmed,confirmed
rj_start1,twelfth,KV000606,baseline-confirmed,confirmed
rj_start1,12th,KV000607,baseline-confirmed,confirmed
rj_start1,twenty-fifth,KV000608,baseline-confirmed,confirmed
rj_start1,25th,KV000609,baseline-confirmed,confirmed
rj_start1,plant,KV000610,baseline-confirmed,confirmed
rj_start1,make a poster,KV000611,baseline-confirmed,confirmed
rj_start1,celebrate,KV000612,baseline-confirmed,confirmed
rj_start1,have a picnic,KV000613,baseline-confirmed,confirmed
rj_start1,office,KV000614,baseline-confirmed,confirmed
rj_start1,together,KV000615,baseline-confirmed,confirmed
rj_start1,special,KV000616,baseline-confirmed,confirmed
rj_start1,send an email,KV000617,baseline-confirmed,confirmed
rj_start1,write a letter,KV000618,baseline-confirmed,confirmed
rj_start1,make a phone call,KV000619,baseline-confirmed,confirmed
rj_start1,send a short message,KV000620,baseline-confirmed,confirmed
rj_start1,mail a present,KV000621,baseline-confirmed,confirmed
rj_start1,make a video call,KV000622,baseline-confirmed,confirmed
rj_start1,say,KV000623,baseline-confirmed,confirmed
rj_start1,make a card,KV000624,baseline-confirmed,confirmed
rj_start1,everywhere,KV000625,baseline-confirmed,confirmed
rj_start1,flower show,KV000626,baseline-confirmed,confirmed
rj_start1,cleaned the window,KV000627,baseline-confirmed,confirmed
rj_start1,watched tv,KV000628,baseline-confirmed,confirmed
rj_start1,climbed a hill,KV000629,baseline-confirmed,confirmed
rj_start1,visited grandparents,KV000630,baseline-confirmed,confirmed
rj_start1,danced,KV000631,baseline-confirmed,confirmed
rj_start1,jumped rope,KV000632,baseline-confirmed,confirmed
rj_start1,listened to music,KV000633,baseline-confirmed,confirmed
rj_start1,rowed a boat,KV000634,baseline-confirmed,confirmed
rj_start1,played computer games,KV000635,baseline-confirmed,confirmed
rj_start1,stayed at home,KV000636,baseline-confirmed,confirmed
rj_start1,played the piano,KV000637,baseline-confirmed,confirmed
rj_start1,played chess,KV000638,baseline-confirmed,confirmed
rj_start1,washed clothes,KV000639,baseline-confirmed,confirmed
rj_start1,boring,KV000640,baseline-confirmed,confirmed
rj_start1,badminton,KV000641,baseline-confirmed,confirmed
rj_start1,won,KV000642,baseline-confirmed,confirmed
rj_start1,went to the beach,KV000643,baseline-confirmed,confirmed
rj_start1,drank cold drinks,KV000644,baseline-confirmed,confirmed
rj_start1,swam,KV000645,baseline-confirmed,confirmed
rj_start1,ate ice-cream,KV000646,baseline-confirmed,confirmed
rj_start1,the stone forest,KV000647,baseline-confirmed,confirmed
rj_start1,bought some gifts,KV000648,baseline-confirmed,confirmed
rj_start1,took photos,KV000649,baseline-confirmed,confirmed
rj_start1,saw flowers,KV000650,baseline-confirmed,confirmed
rj_start1,slept,KV000651,baseline-confirmed,confirmed
rj_start1,felt happy,KV000652,baseline-confirmed,confirmed
rj_start1,sad,KV000653,baseline-confirmed,confirmed
rj_start1,left,KV000654,baseline-confirmed,confirmed
rj_start1,french fries,KV000655,baseline-confirmed,confirmed
rj_start1,were,KV000656,baseline-confirmed,confirmed
rj_start1,was born,KV000657,baseline-confirmed,confirmed
rj_start1,started to speak,KV000658,baseline-confirmed,confirmed
rj_start1,learned to walk,KV000659,baseline-confirmed,confirmed
rj_start1,learned to ride a bike,KV000660,baseline-confirmed,confirmed
rj_start1,went to kindergarten,KV000661,baseline-confirmed,confirmed
rj_start1,went to school,KV000662,baseline-confirmed,confirmed
rj_start1,learned to swim,KV000663,baseline-confirmed,confirmed
rj_start1,fifteenth,KV000664,baseline-confirmed,confirmed
rj_start1,15th,KV000665,baseline-confirmed,confirmed
rj_start1,started to buy things,KV000666,baseline-confirmed,confirmed
rj_start1,started to study english,KV000667,baseline-confirmed,confirmed
rj_start1,started to use a computer,KV000668,baseline-confirmed,confirmed
rj_start1,all over,KV000669,baseline-confirmed,confirmed
rj_start1,out of,KV000670,baseline-confirmed,confirmed
rj_start1,into,KV000671,baseline-confirmed,confirmed
rj_start1,chopsticks,KV000672,baseline-confirmed,confirmed
rj_start1,wet,KV000673,baseline-confirmed,confirmed
rj_start1,morning tea,KV000674,baseline-confirmed,confirmed
rj_start1,soup,KV000675,baseline-confirmed,confirmed
rj_start1,the potala palace,KV000676,baseline-confirmed,confirmed
rj_start1,the summer palace,KV000677,baseline-confirmed,confirmed
rj_start1,the terracotta army,KV000678,baseline-confirmed,confirmed
rj_start1,vacation,KV000679,baseline-confirmed,confirmed
rj_start1,taste,KV000680,baseline-confirmed,confirmed
rj_start1,map,KV000681,baseline-confirmed,confirmed
rj_start1,north,KV000682,baseline-confirmed,confirmed
rj_start1,south,KV000683,baseline-confirmed,confirmed
rj_start1,east,KV000684,baseline-confirmed,confirmed
rj_start1,west,KV000685,baseline-confirmed,confirmed
rj_start1,famous,KV000686,baseline-confirmed,confirmed
rj_start1,temple,KV000687,baseline-confirmed,confirmed
rj_start1,around,KV000688,baseline-confirmed,confirmed
rj_start1,the yangtze river,KV000689,baseline-confirmed,confirmed
rj_start1,foggy,KV000690,baseline-confirmed,confirmed
rj_start1,spicy,KV000691,baseline-confirmed,confirmed
rj_start1,silk,KV000692,baseline-confirmed,confirmed
rj_start1,forest,KV000693,baseline-confirmed,confirmed
rj_start1,stone,KV000694,baseline-confirmed,confirmed
rj_start1,london,KV000695,baseline-confirmed,confirmed
rj_start1,toronto,KV000696,baseline-confirmed,confirmed
rj_start1,sydney,KV000697,baseline-confirmed,confirmed
rj_start1,washington d.c.,KV000698,baseline-confirmed,confirmed
rj_start1,the british museum,KV000699,baseline-confirmed,confirmed
rj_start1,the cn tower,KV000700,baseline-confirmed,confirmed
rj_start1,kangaroo,KV000701,baseline-confirmed,confirmed
rj_start1,the opera house,KV000702,baseline-confirmed,confirmed
rj_start1,the white house,KV000703,baseline-confirmed,confirmed
rj_start1,clock,KV000704,baseline-confirmed,confirmed
rj_start1,speak,KV000705,baseline-confirmed,confirmed
rj_start1,french,KV000706,baseline-confirmed,confirmed
rj_start1,tower bridge,KV000707,baseline-confirmed,confirmed
rj_start1,the london eye,KV000708,baseline-confirmed,confirmed
rj_start1,hiking,KV000709,baseline-confirmed,confirmed
rj_start1,sunrise,KV000710,baseline-confirmed,confirmed
rj_start1,president,KV000711,baseline-confirmed,confirmed
rj_start1,reptile,KV000712,baseline-confirmed,confirmed
rj_start1,mammal,KV000713,baseline-confirmed,confirmed
rj_start1,insect,KV000714,baseline-confirmed,confirmed
rj_start1,penguin,KV000715,baseline-confirmed,confirmed
rj_start1,shark,KV000716,baseline-confirmed,confirmed
rj_start1,whale,KV000717,baseline-confirmed,confirmed
rj_start1,kind,KV000718,baseline-confirmed,confirmed
rj_start1,metre,KV000719,baseline-confirmed,confirmed
rj_start1,spend,KV000720,baseline-confirmed,confirmed
rj_start1,trunk,KV000721,baseline-confirmed,confirmed
rj_start1,peanut,KV000722,baseline-confirmed,confirmed
rj_start1,fan,KV000723,baseline-confirmed,confirmed
rj_start1,tusk,KV000724,baseline-confirmed,confirmed
rj_start1,africa,KV000725,baseline-confirmed,confirmed
rj_start1,asia,KV000726,baseline-confirmed,confirmed
rj_start1,smart,KV000727,baseline-confirmed,confirmed
rj_start1,scared,KV000728,baseline-confirmed,confirmed
rj_start1,worried,KV000729,baseline-confirmed,confirmed
rj_start1,angry,KV000730,baseline-confirmed,confirmed
rj_start1,proud,KV000731,baseline-confirmed,confirmed
rj_start1,excited,KV000732,baseline-confirmed,confirmed
rj_start1,ill,KV000733,baseline-confirmed,confirmed
rj_start1,win,KV000734,baseline-confirmed,confirmed
rj_start1,race,KV000735,baseline-confirmed,confirmed
rj_start1,cry,KV000736,baseline-confirmed,confirmed
rj_start1,because,KV000737,baseline-confirmed,confirmed
rj_start1,test,KV000738,baseline-confirmed,confirmed
rj_start1,competition,KV000739,baseline-confirmed,confirmed
rj_start1,inventor,KV000740,baseline-confirmed,confirmed
rj_start1,artist,KV000741,baseline-confirmed,confirmed
rj_start1,scientist,KV000742,baseline-confirmed,confirmed
rj_start1,poet,KV000743,baseline-confirmed,confirmed
rj_start1,writer,KV000744,baseline-confirmed,confirmed
rj_start1,american,KV000745,baseline-confirmed,confirmed
rj_start1,danish,KV000746,baseline-confirmed,confirmed
rj_start1,poem,KV000747,baseline-confirmed,confirmed
rj_start1,invention,KV000748,baseline-confirmed,confirmed
rj_start1,invent,KV000749,baseline-confirmed,confirmed
rj_start1,story,KV000750,baseline-confirmed,confirmed
rj_start1,university,KV000751,baseline-confirmed,confirmed
rj_start1,deaf,KV000752,baseline-confirmed,confirmed
rj_start1,blind,KV000753,baseline-confirmed,confirmed
rj_start1,fall,KV000754,baseline-confirmed,confirmed
rj_start1,dumpling,KV000755,baseline-confirmed,confirmed
rj_start1,ice lantern,KV000756,baseline-confirmed,confirmed
rj_start1,bring,KV000757,baseline-confirmed,confirmed
rj_start1,be afraid of,KV000758,baseline-confirmed,confirmed
rj_start1,hear,KV000759,baseline-confirmed,confirmed
rj_start1,pen pal,KV000760,baseline-confirmed,confirmed
rj_start1,broken,KV000761,baseline-confirmed,confirmed
rj_start1,pity,KV000762,baseline-confirmed,confirmed
rj_start1,prize,KV000763,baseline-confirmed,confirmed
rj_start1,live,KV000764,baseline-confirmed,confirmed
rj_start1,quite,KV000765,baseline-confirmed,confirmed
rj_start1,scarf,KV000766,baseline-confirmed,confirmed
rj_start1,airport,KV000767,baseline-confirmed,confirmed
rj_start1,pupil,KV000768,baseline-confirmed,confirmed
rj_start1,arrive,KV000769,baseline-confirmed,confirmed
rj_start1,meet,KV000770,baseline-confirmed,confirmed
rj_start1,wardrobe,KV000771,baseline-confirmed,confirmed
rj_start1,show ... around,KV000772,baseline-confirmed,confirmed
rj_start1,queen's park,KV000773,baseline-confirmed,confirmed
rj_start1,art gallery,KV000774,baseline-confirmed,confirmed
rj_start1,public library,KV000775,baseline-confirmed,confirmed
rj_start1,downtown,KV000776,baseline-confirmed,confirmed
rj_start1,lake ontario,KV000777,baseline-confirmed,confirmed
rj_start1,stadium,KV000778,baseline-confirmed,confirmed
rj_start1,volunteer,KV000779,baseline-confirmed,confirmed
rj_start1,sandwich,KV000780,baseline-confirmed,confirmed
rj_start1,top,KV000781,baseline-confirmed,confirmed
rj_start1,habit,KV000782,baseline-confirmed,confirmed
rj_start1,idea,KV000783,baseline-confirmed,confirmed
rj_start1,less,KV000784,baseline-confirmed,confirmed
rj_start1,at least,KV000785,baseline-confirmed,confirmed
rj_start1,talk about,KV000786,baseline-confirmed,confirmed
rj_start1,hockey,KV000787,baseline-confirmed,confirmed
rj_start1,beaver,KV000788,baseline-confirmed,confirmed
rj_start1,raccoon,KV000789,baseline-confirmed,confirmed
rj_start1,moose,KV000790,baseline-confirmed,confirmed
rj_start1,countryside,KV000791,baseline-confirmed,confirmed
rj_start1,thanksgiving,KV000792,baseline-confirmed,confirmed
rj_start1,roast turkey,KV000793,baseline-confirmed,confirmed
rj_start1,squirrel,KV000794,baseline-confirmed,confirmed
rj_start1,swan,KV000795,baseline-confirmed,confirmed
rj_start1,wild goose,KV000796,baseline-confirmed,confirmed
rj_start1,frog,KV000797,baseline-confirmed,confirmed
rj_start1,english-chinese dictionary,KV000798,baseline-confirmed,confirmed
rj_start1,shopping centre,KV000799,baseline-confirmed,confirmed
rj_start1,shopping mall,KV000800,baseline-confirmed,confirmed
rj_start1,amazing,KV000801,baseline-confirmed,confirmed
rj_start1,hot pot,KV000802,baseline-confirmed,confirmed
