MatchKey,DisplayForms,Definitions,BeijingContexts,RenjiaoContexts,RiskSignals,ReviewStatus,ProposedDecision,ProposedSense,Rationale
all,all,n. 全部 adj. 全部的 adv. 全然地;越发 pron. 全部,6年级下@r58:[nose / careful / <all> / ill / begin],5年级上@r13:[talk / party / <all> / but / sometimes],multi-pos-gloss,pending,,,
also,also,conj. 并且;另外 adv. 也;而且;同样,6年级下@r41:[paper / save / <also> / tired / thirsty],5年级上@r48:[please / only / <also> / saleswoman / great],multi-pos-gloss,pending,,,
apple,apple,"n. 苹果,苹果树,苹果似的东西;[美俚]炸弹,手榴弹,(棒球的)球;[美俚]人,家伙。",1年级下@r20:[orange / jam / <apple> / juice / peach] || 3年级下@r36:[best / great / <apple> / drink / may],1年级上@r46:[green / colour / <apple> / pear / banana] || 4年级上@r61:[enjoy / park / <apple> / pen / knife],multiple-occurrences,pending,,,
are,are,v. 是(be的第二人称单复数现在式) n. 公亩,2年级上@r10:[go / on / <are> / in / a],1年级上@r38:[how / many / <are> / there / black],multi-pos-gloss,pending,,,
arm,arm,n. 手臂;武器;袖子;装备;部门 vt. 武装;备战 vi. 武装起来,2年级上@r65:[short / me / <arm> / leg / body],3年级上@r16:[head / hair / <arm> / hand / leg],multi-pos-gloss,pending,,,
around,around,prep. 四处;在...周围 adv. 大约;到处;在附近,6年级上@r29:[hill / west / <around> / many / ride],6年级上@r17:[famous / temple / <around> / the Yangtze River / foggy],multi-pos-gloss,pending,,,
art,art,n. 艺术;美术;艺术品 v. 是(be的变体) adj. 艺术的;艺术品的,5年级上@r11:[subject / draw / <art> / science / sheep],3年级下@r8:[music / maths / <art> / computer class / we],multi-pos-gloss,pending,,,
at,at,prep. 在(表示存在或出现的地点、场所、位置、空间);以(某种价格、速度等);向;达;因为;朝;忙于 n. 阿特(老挝货币基本单位att);[化]砹(极不稳定放射性元素) abbr. 密封的(airtight);气温(air temperature),2年级上@r75:[cake / look / <at> / tree / big],2年级下@r48:[when / every day / <at> / Sunday / Monday],multi-pos-gloss,pending,,,
august,August,n. 八月(简写为Aug) adj. 威严的;令人敬畏的,3年级上@r46:[every / April / <August> / born / May],3年级上@r97:[June / July / <August> / September / October],multi-pos-gloss,pending,,,
autumn,autumn,"n. 秋天;成熟期;渐衰期,凋落期 adj. 秋天的,秋季的",5年级上@r28:[join / wash / <autumn> / family / fruit],2年级下@r20:[spring / summer / <autumn> / winter / hot],multi-pos-gloss,pending,,,
bad,bad,"n. 坏事;坏人 adj. 坏的;严重的;劣质的 adv. 很,非常;坏地;邪恶地",4年级上@r20:[bring / school / <bad> / cold / drink],3年级上@r24:[hurt / help / <bad> / bite / tongue],multi-pos-gloss,pending,,,
ball,ball,n. 球;舞会 vt. 捏成球形 vi. 成团块,1年级下@r11:[yard / wall / <ball> / van / oil] || 3年级上@r83:[know / Chinese / <ball> / gold / gift],1年级下@r17:[behind / plane / <ball> / doll / train] || 4年级下@r25:[school / supermarket / <ball> / city / street],multi-pos-gloss|multiple-occurrences,pending,,,
banana,banana,n. 香蕉;喜剧演员;大鹰钩鼻,1年级下@r15:[oil / net / <banana> / ice cream / ice] || 3年级下@r28:[wonderful / any / <banana> / before / sweet],1年级上@r48:[apple / pear / <banana> / orange / do],multiple-occurrences,pending,,,
bear,bear,"n. 熊 vt. 结果实,开花(正式) vt. 忍受;承受;具有;支撑",5年级上@r14:[science / sheep / <bear> / minute / put],1年级下@r21:[train / car / <bear> / can / sure],multi-pos-gloss,pending,,,
bed,bed,"n. 床;基础;河底, 海底 vt. 使睡觉;安置,嵌入;栽种 vi. 上床;分层",1年级上@r25:[knee / foot / <bed> / box / pen] || 2年级下@r35:[room / love / <bed> / big / chair],1年级下@r11:[the / light / <bed> / door / box] || 3年级下@r83:[sofa / light / <bed> / door / box],multi-pos-gloss|multiple-occurrences,pending,,,
before,before,"prep. 在...之前,先于 conj. 在...以前;在...之前 adv. 以前;在前",3年级下@r29:[any / banana / <before> / sweet / potato],4年级下@r18:[money / get to / <before> / leave / toy] || 5年级下@r9:[tired / drink / <before> / dirty / always],multi-pos-gloss|multiple-occurrences,pending,,,
behind,behind,prep. 落后于;支持;晚于 n. 屁股 adv. 在后地;在原处,6年级下@r68:[classroom / club / <behind> / stand / welcome],1年级下@r15:[box / near / <behind> / plane / ball],multi-pos-gloss,pending,,,
between,between,prep. 在...之间 adv. 在中间,6年级下@r71:[stand / welcome / <between>],4年级下@r4:[across from / next to / <between> / restaurant / post office],multi-pos-gloss,pending,,,
big,big,adj. 大的;重要的;量大的 adv. 大量地;顺利;夸大地,2年级上@r77:[at / tree / <big> / new / year] || 2年级下@r36:[love / bed / <big> / chair / sit],2年级上@r22:[her / or / <big> / tall / pretty] || 3年级上@r70:[monkey / tiger / <big> / short / cap],multi-pos-gloss|multiple-occurrences,pending,,,
bird,bird,n. 鸟;家伙;羽毛球 vt. 向...喝倒彩;起哄 vi. 猎鸟;观察研究野鸟,1年级上@r34:[skirt / wood / <bird> / bee / deer] || 3年级下@r11:[favourite / turn / <bird> / hear / out],1年级上@r20:[my / dog / <bird> / tiger / monkey] || 3年级上@r66:[cat / dog / <bird> / fish / monkey] || 6年级上@r42:[president / reptile / <bird> / fish / mammal],multi-pos-gloss|multiple-occurrences,pending,,,
birthday,birthday,"n. 生日,诞辰;诞生的日子",5年级下@r52:[study / cap / <birthday> / teach / engineer],3年级上@r102:[November / December / <birthday> / first / party] || 5年级下@r29:[National Day / Christmas Day / <birthday> / fifth / 5th],multiple-occurrences,pending,,,
black,black,n. 黑色;黑人;黑颜料 adj. 黑色的;黑人的;邪恶的 vt. 使变黑;把鞋油等涂在...上;把(眼眶)打成青肿 vi. 变黑,3年级下@r19:[from / square / <black> / shape / round],1年级上@r40:[are / there / <black> / yellow / blue],multi-pos-gloss,pending,,,
blackboard,blackboard,n. 黑板,3年级上@r74:[ruler / forty / <blackboard> / seventy / eighty],1年级下@r4:[chair / desk / <blackboard> / on / under] || 3年级下@r25:[chair / desk / <blackboard> / after school / play sports],multiple-occurrences,pending,,,
blue,blue,"adj. 蓝色的;沮丧的,忧郁的;下流的 n. 蓝色;[复数](美国海、陆、空三军穿的)蓝色制服;蓝颜料;[the blue(s)][用作单数或复数]布鲁斯(歌曲)(一种伤感的美国黑人民歌 vi. 变成蓝色,呈蓝色 vt. 把...染成蓝色;使成蓝色;给...用上蓝剂;用上蓝剂于",2年级下@r72:[they / sky / <blue> / green / white],1年级上@r42:[black / yellow / <blue> / red / green],multi-pos-gloss,pending,,,
boat,boat,n. 小船;轮船 vi. 划船,1年级上@r7:[lake / house / <boat> / key / car] || 4年级下@r43:[country / about / <boat> / sound / safe],2年级上@r41:[tree / flower / <boat> / lake / hill],multi-pos-gloss|multiple-occurrences,pending,,,
body,body,n. 身体;主体;大量;团体;主要部分 vt. 赋以形体,2年级上@r67:[arm / leg / <body> / small / hand],3年级上@r13:[age / dear / <body> / head / hair],multi-pos-gloss,pending,,,
book,book,n. 书籍;卷;帐簿;名册;工作簿 vt. 预订;登记,1年级上@r28:[box / pen / <book> / coat / UFO] || 4年级上@r5:[glad / why / <book> / sad / surprised],1年级上@r2:[<book> / ruler / pencil],multi-pos-gloss|multiple-occurrences,pending,,,
box,box,"n. 箱,盒子;包厢;一拳 vt. 拳击;装...入盒中;打耳光 vi. 拳击",1年级上@r26:[foot / bed / <box> / pen / book] || 3年级下@r53:[look / mother / <box> / drive / parent],1年级下@r13:[bed / door / <box> / near / behind] || 3年级下@r85:[bed / door / <box>],multi-pos-gloss|multiple-occurrences,pending,,,
bread,bread,n. 面包;生计 vt. 在...上洒面包屑,2年级下@r17:[dad / for / <bread> / milk / egg],3年级上@r36:[mouth / ear / <bread> / cake / fruit],multi-pos-gloss,pending,,,
brother,brother,n. 兄弟;同事;战友 int. 我的老兄!,5年级上@r18:[put / must / <brother> / pass / finish],2年级上@r4:[father / mother / <brother> / sister / grandmother] || 3年级下@r59:[father / mother / <brother> / sister / cooking dinner],multi-pos-gloss|multiple-occurrences,pending,,,
busy,busy,adj. 忙碌的;热闹的;正被占用的 vt. 使忙于,5年级上@r69:[early / breakfast / <busy> / dinner],4年级下@r34:[see a film / go boating / <busy> / station / place],multi-pos-gloss,pending,,,
but,but,"conj. 但是;而是;然而 adv. 仅仅,只 prep. 除...以外",6年级上@r15:[young / neck / <but> / football / match],5年级上@r14:[party / all / <but> / sometimes / bark],multi-pos-gloss,pending,,,
buy,buy,"n. 购买,买卖;所购的物品 vi. 买,采购 vt. 购买;获得;贿赂",4年级上@r41:[shoe / how much / <buy> / shop / sell],3年级上@r46:[shopping list / cola / <buy> / rice / noodles],multi-pos-gloss,pending,,,
cake,cake,n. 蛋糕;块状物;利益总额 vt. 使结块 vi. 结成块状,1年级上@r16:[uniform / bag / <cake> / dish / cup] || 2年级上@r73:[old / eight / <cake> / look / at],3年级上@r37:[ear / bread / <cake> / fruit / ice-cream],multi-pos-gloss|multiple-occurrences,pending,,,
call,call,n. 电话;呼叫;要求;访问 vi. 呼叫;拜访;叫牌 vt. 呼叫;称呼;召集,2年级下@r44:[bathroom / want / <call> / mum / phone],5年级上@r67:[tidy the desk / sweep the floor / <call>],multi-pos-gloss,pending,,,
can,can,aux. 能; 能够; 可以; 可能 n. 罐头; (用金属或塑料制作的)容器; (马口铁或其他金属制作的)食品罐头 vt. 将...装入密封罐中保存,3年级上@r61:[cool / rainy / <can> / windy / cloudy],1年级下@r22:[car / bear / <can> / sure / sorry],multi-pos-gloss,pending,,,
cap,cap,n. 盖;帽子 vt. 覆盖;胜过;给...戴帽;加盖于 vi. 脱帽致意,1年级下@r2:[<cap> / head / hair] || 5年级下@r51:[should / study / <cap> / birthday / teach],3年级上@r72:[big / short / <cap> / coat / shoes],multi-pos-gloss|multiple-occurrences,pending,,,
car,car,n. 汽车;车厢,1年级上@r9:[boat / key / <car> / gate / kite] || 2年级下@r63:[bus / by / <car> / work / she],1年级下@r20:[doll / train / <car> / bear / can],multiple-occurrences,pending,,,
card,card,n. 卡片;纸牌;明信片 vt. 记于卡片上,3年级上@r18:[seventh / teacher / <card> / tenth / eighth],2年级上@r47:[Father Christmas / Christmas tree / <card> / present / New Year],multi-pos-gloss,pending,,,
cat,cat,"n. 猫,猫科动物",1年级上@r37:[bee / deer / <cat> / dog / fish] || 2年级上@r49:[four / baby / <cat> / thin / dog],1年级上@r23:[tiger / monkey / <cat> / what / it] || 3年级上@r64:[tail / dance / <cat> / dog / bird],multiple-occurrences,pending,,,
chair,chair,n. 椅子;讲座;(会议的)主席位;大学教授的职位 vt. 担任(会议的)主席;使...入座;使就任要职,2年级下@r37:[bed / big / <chair> / sit / kitchen],1年级下@r2:[<chair> / desk / blackboard] || 3年级下@r23:[our / they / <chair> / desk / blackboard],multi-pos-gloss|multiple-occurrences,pending,,,
chicken,chicken,"n. 鸡肉;小鸡;胆小鬼,懦夫 adj. 鸡肉的;胆怯的;幼小的",4年级上@r52:[sorry / pie / <chicken> / hamburger / change],1年级下@r29:[vegetable / fish / <chicken> / egg / hungry] || 3年级上@r51:[vegetables / fish / <chicken> / egg / duck] || 3年级上@r54:[egg / duck / <chicken> / rabbit / pet],multi-pos-gloss|multiple-occurrences,pending,,,
china,China,"n. 中国 n. china,瓷器 adj. 中国的;中国制造的 adj. china,瓷制的",4年级下@r36:[left / miss / <China> / labour / wall],4年级下@r80:[the UK / the USA / <China> / koala / maple leaves],multi-pos-gloss,pending,,,
chinese,Chinese,"n. 中文,汉语;中国人 adj. 中国的,中国人的;中国话的",3年级上@r82:[Christmas / know / <Chinese> / ball / gold],3年级下@r2:[<Chinese> / English / science],multi-pos-gloss,pending,,,
city,city,"n. 城市,都市 adj. 城市的;都会的",5年级上@r45:[clock / river / <city> / afternoon / map],4年级下@r26:[supermarket / ball / <city> / street / sports centre],multi-pos-gloss,pending,,,
class,class,"n. 阶级;班级;种类;班;等级 adj. 极好的;很好的,优秀的,出色的 vt. 分类;把...分等级;把...归入某等级,把...看作(或分类、归类);把...编入某一班级 vi. 属于...类(或等级),被列为某类(或某级)",2年级上@r17:[you / park / <class> / we / to],3年级上@r9:[old / how old / <class> / grade / age],multi-pos-gloss,pending,,,
clock,clock,n. 时钟;计时器 vt. 记录;记时 vi. 打卡;记录时间,5年级上@r43:[morning / the U.K. / <clock> / river / city],6年级上@r33:[the Opera House / the White House / <clock> / speak / French],multi-pos-gloss,pending,,,
coat,coat,n. 外套 vt. 覆盖...的表面,1年级上@r29:[pen / book / <coat> / UFO / hut] || 2年级下@r50:[shirt / find / <coat> / sofa / this],3年级上@r73:[short / cap / <coat> / shoes / sweater],multi-pos-gloss|multiple-occurrences,pending,,,
cold,cold,"n. 寒冷;感冒 adj. 寒冷的;冷淡的,不热情的;失去知觉的 adv. 完全地",2年级下@r77:[snow / cool / <cold> / make / which] || 4年级上@r21:[school / bad / <cold> / drink / word],2年级下@r25:[warm / cool / <cold> / favourite / season],multi-pos-gloss|multiple-occurrences,pending,,,
colour,colour,"n. 颜色;风格;气色,面色;外貌 vt. 把...涂颜色,粉饰;歪曲;使脸红 vi. 变色",6年级上@r53:[sing / like / <colour> / clothes / hobby],1年级上@r45:[red / green / <colour> / apple / pear],multi-pos-gloss,pending,,,
come,come,vi. 来;开始;出现;发生;变成;到达 vt. 做;假装;将满(...岁) int. 嗨!,2年级下@r68:[bike / he / <come> / taxi / they],4年级上@r58:[snow / theatre / <come> / enjoy / park],multi-pos-gloss,pending,,,
cook,cook,"n. 厨师,厨子 vt. 烹调,煮 vi. 烹调,做菜",4年级上@r47:[healthy / sour / <cook> / duck / soup],4年级上@r96:[play football / nurse / <cook> / doctor / bus driver],multi-pos-gloss,pending,,,
cool,cool,n. 凉爽;凉爽的空气 adj. 凉爽的;冷静的;出色的 vt. 使...冷却;使...平静下来 vi. 变凉;平息 adv. 冷静地,2年级下@r76:[white / snow / <cool> / cold / make] || 3年级上@r59:[warm / hot / <cool> / rainy / can],2年级下@r24:[hot / warm / <cool> / cold / favourite] || 5年级上@r55:[a lot / wonderful / <cool> / fantastic / cartoons],multi-pos-gloss|multiple-occurrences,pending,,,
country,country,"n. 国家,国土;国民;乡下,农村;乡村;故乡 adj. 祖国的,故乡的;地方的,乡村的;国家的;粗鲁的;乡村音乐的",4年级下@r41:[cinema / museum / <country> / about / boat],4年级下@r87:[campfire / cute / <country> / pretty],multi-pos-gloss,pending,,,
cow,cow,"n. 奶牛,母牛;母兽 vt. 威胁,恐吓",1年级下@r44:[duck / egg / <cow> / rabbit / kitten] || 2年级上@r39:[sixteen / my / <cow> / nineteen / our],5年级上@r32:[panda / horse / <cow> / pig / sheep],multi-pos-gloss|multiple-occurrences,pending,,,
crayon,crayon,"n. 蜡笔,有色粉笔 vt. 以蜡笔作画,用颜色粉笔画",6年级下@r26:[skirt / sock / <crayon> / idea / nervous],4年级上@r65:[knife / eraser / <crayon> / scissors / glue stick],multi-pos-gloss,pending,,,
cry,cry,n. 叫喊;叫声;口号;呼叫 vi. 哭;叫;喊 vt. 叫喊;哭出;大声说,6年级上@r19:[match / myself / <cry> / lunch / chocolate],6年级上@r70:[race / find / <cry> / because / test],multi-pos-gloss,pending,,,
dance,dance,n. 舞蹈;舞会;舞曲 adj. 舞蹈的;用于跳舞的 vt. 跳舞;使跳跃 vi. 跳舞;跳跃;飘扬,3年级下@r47:[song / voice / <dance> / pencil case / water],3年级上@r63:[look for / tail / <dance> / cat / dog] || 3年级下@r30:[draw pictures / play chess / <dance> / sing songs / read books],multi-pos-gloss|multiple-occurrences,pending,,,
day,day,n. 一天;时期;白昼 adj. 日间的;逐日的 adv. 每天;经常在白天地,2年级上@r3:[what / <day> / it / Tuesday],4年级上@r37:[Saturday / near / <day> / usually / by bus],multi-pos-gloss,pending,,,
dear,dear,n. 亲爱的人 adj. 亲爱的;尊敬的;昂贵的 adv. 高价地;疼爱地 int. 哎呀,2年级下@r29:[hungry / hello / <dear> / orange / vegetable],3年级上@r12:[grade / age / <dear> / body / head],multi-pos-gloss,pending,,,
desk,desk,n. 办公桌;服务台;编辑部;(美)讲道台;乐谱架 adj. 书桌的;桌上用的;伏案做的,1年级下@r49:[map / flag / <desk>] || 6年级下@r9:[worry / purple / <desk> / whose / wide],1年级下@r3:[chair / <desk> / blackboard / on] || 3年级下@r24:[they / chair / <desk> / blackboard / after school],multi-pos-gloss|multiple-occurrences,pending,,,
dirty,dirty,"adj. 下流的,卑鄙的;肮脏的;恶劣的;暗淡的 vt. 弄脏 vi. 变脏",5年级上@r24:[half / late / <dirty> / ask / join],4年级上@r29:[paint / evening / <dirty> / their / house] || 5年级下@r10:[drink / before / <dirty> / always / stomachache],multi-pos-gloss|multiple-occurrences,pending,,,
do,do,"vi. 行,足够;生长 n. 要求;规定;C大调音阶中的第一音 v. 做;干;学习;研究;进行;完成;解答;整理;算出;引起;行过 aux. 助动词(构成疑问句和否定句);(代替动词);(用于加强语气) n. (口语)事件;(主英国口语)诈骗;(主英国、新西兰口语)宴会;(口语)必须做到的事情",2年级上@r14:[a / week / <do> / you / park],1年级上@r50:[banana / orange / <do> / you / like],multi-pos-gloss,pending,,,
doctor,doctor,"vt. 修理;篡改,伪造;为...治病;授以博士学位 n. 医生;博士 vi. 就医;行医",3年级下@r67:[hospital / nurse / <doctor> / tooth / teeth],4年级上@r97:[nurse / cook / <doctor> / bus driver / police officer],multi-pos-gloss,pending,,,
dog,dog,n. 狗;丑女人;卑鄙的人;(俚)朋友 vt. 跟踪;尾随,1年级上@r38:[deer / cat / <dog> / fish / mouse] || 2年级上@r51:[cat / thin / <dog> / toy / monkey],1年级上@r19:[is / my / <dog> / bird / tiger] || 3年级上@r65:[dance / cat / <dog> / bird / fish],multi-pos-gloss|multiple-occurrences,pending,,,
door,door,"n. 门;家,户;门口;通道",4年级上@r27:[easy / light / <door> / kind / window],1年级下@r12:[light / bed / <door> / box / near] || 3年级下@r84:[light / bed / <door> / box],multiple-occurrences,pending,,,
dress,dress,n. 连衣裙;女装 vt. 给...穿衣 vi. 穿衣,5年级上@r34:[usually / him / <dress> / night / as] || 6年级上@r50:[singer / stage / <dress> / sing / like],1年级下@r43:[T-shirt / skirt / <dress> / socks / shorts] || 3年级上@r88:[socks / skirt / <dress> / shirt / January],multi-pos-gloss|multiple-occurrences,pending,,,
drink,drink,"n. 酒,饮料;喝酒 vt. 喝,饮;吸收;举杯庆贺 vi. 喝酒;饮水;干杯",3年级下@r37:[great / apple / <drink> / may / tea] || 4年级上@r22:[bad / cold / <drink> / word / computer],5年级下@r8:[exercise / tired / <drink> / before / dirty],multi-pos-gloss|multiple-occurrences,pending,,,
duck,duck,n. 鸭子;鸭肉;(英)宝贝儿;零分 vt. 躲避;猛按...入水 vi. 闪避;没入水中,1年级下@r42:[river / ox / <duck> / egg / cow] || 4年级上@r48:[sour / cook / <duck> / soup / sorry],3年级上@r53:[chicken / egg / <duck> / chicken / rabbit],multi-pos-gloss|multiple-occurrences,pending,,,
ear,ear,n. 耳朵;穗;听觉;倾听 vi. (美俚)听见;抽穗,1年级上@r22:[spoon / eye / <ear> / knee / foot] || 2年级上@r57:[them / no / <ear> / red / eye],1年级上@r12:[an / face / <ear> / eye / nose] || 3年级上@r35:[nose / mouth / <ear> / bread / cake],multi-pos-gloss|multiple-occurrences,pending,,,
early,early,adj. 早期的;早熟的 adv. 提早;在初期,5年级上@r67:[tall / driver / <early> / breakfast / busy],5年级下@r5:[candy / go to bed / <early> / exercise / tired],multi-pos-gloss,pending,,,
earth,earth,"n. 地球;地表,陆地;土地,土壤;尘事,俗事;兽穴 vt. 把(电线)[电] 接地;盖(土);追赶入洞穴 vi. 躲进地洞",5年级下@r21:[carry / nothing / <earth> / without / sun],4年级上@r55:[transportation / film / <earth> / snow / theatre],multi-pos-gloss,pending,,,
east,east,"n. 东方;东风;东方国家 adj. 东方的;向东的;从东方来的 adv. 向东方,在东方",5年级上@r40:[the U.S.A. / the United States of America / <east> / morning / the U.K.],6年级上@r13:[north / south / <east> / west / famous],multi-pos-gloss,pending,,,
egg,egg,n. 蛋;卵子;家伙;鸡蛋 vt. 煽动;怂恿,1年级下@r43:[ox / duck / <egg> / cow / rabbit] || 2年级下@r19:[bread / milk / <egg> / an / fish],1年级下@r30:[fish / chicken / <egg> / hungry / want] || 3年级上@r52:[fish / chicken / <egg> / duck / chicken],multi-pos-gloss|multiple-occurrences,pending,,,
eight,eight,num. 八;八个;第八 n. 八字形 adj. 八的,2年级上@r72:[thank / old / <eight> / cake / look],1年级上@r33:[six / seven / <eight> / nine / ten],multi-pos-gloss,pending,,,
elephant,elephant,n. 象;大号图画纸,1年级下@r29:[panda / snake / <elephant> / fox / lion] || 2年级上@r45:[three / after / <elephant> / yes / four],5年级上@r29:[has / animal / <elephant> / panda / horse],multiple-occurrences,pending,,,
eleven,eleven,num. 十一;十一个 n. 十一;十一个 adj. 十一的;十一个的,2年级上@r31:[or / is / <eleven> / his / her],2年级下@r28:[favourite / season / <eleven> / twelve / twenty],multi-pos-gloss,pending,,,
english,English,n. 英语;英国人;英文;英格兰人 adj. 英国人的;英国的;英文的 vt. 把...译成英语,5年级上@r6:[juice / pay / <English> / difficult / maths],3年级下@r3:[Chinese / <English> / science / PE],multi-pos-gloss,pending,,,
evening,evening,n. 晚上;傍晚;(联欢性的)晚会;后期 adj. 在晚上的;为晚上的;晚上用的 int. 晚上好(等于good evening),2年级下@r32:[orange / vegetable / <evening> / room / love],4年级上@r28:[step / paint / <evening> / dirty / their],multi-pos-gloss,pending,,,
excited,excited,v. 激动;唤起(excite的过去分词) adj. 兴奋的;激动的;活跃的,5年级下@r57:[exercise / build / <excited> / hour / email],6年级上@r64:[proud / sad / <excited> / happy / ill],multi-pos-gloss,pending,,,
exercise,exercise,n. 运动;练习;运用;操练;礼拜;典礼 vt. 锻炼;练习;使用;使忙碌;使惊恐 vi. 运动;练习,5年级下@r55:[teach / engineer / <exercise> / build / excited],5年级下@r6:[go to bed / early / <exercise> / tired / drink],multi-pos-gloss,pending,,,
eye,eye,"n. 眼睛;视力;眼光;见解,观点 vt. 注视,看",1年级上@r21:[nut / spoon / <eye> / ear / knee] || 2年级上@r59:[ear / red / <eye> / hair / long],1年级上@r13:[face / ear / <eye> / nose / mouth] || 3年级上@r32:[summary / face / <eye> / nose / mouth],multi-pos-gloss|multiple-occurrences,pending,,,
face,face,n. 脸;表面;面子;面容;外观;威信 vi. 向;朝 vt. 面对;面向;承认;抹盖,6年级下@r29:[idea / nervous / <face> / smile / student],1年级上@r11:[a / an / <face> / ear / eye] || 3年级上@r31:[afternoon / summary / <face> / eye / nose],multi-pos-gloss|multiple-occurrences,pending,,,
family,family,n. 家庭;亲属;家族;子女;[生]科;语族;[化]族 adj. 家庭的;家族的;适合于全家的,5年级上@r29:[wash / autumn / <family> / fruit / climb],3年级下@r43:[make a model plane / make a snowman / <family> / uncle / aunt],multi-pos-gloss,pending,,,
fan,fan,n. 迷;风扇;爱好者 vt. 煽动;刺激;吹拂 vi. 成扇形散开;飘动,6年级下@r61:[ill / begin / <fan> / large / invite],6年级上@r54:[trunk / peanut / <fan> / tusk / Africa] || 6年级上@r94:[fall / dumpling / <fan> / ice lantern / bring],multi-pos-gloss|multiple-occurrences,pending,,,
farm,farm,"n. 农场;农家;畜牧场 vt. 养殖;耕种;佃出(土地) vi. 种田,务农;经营农场",6年级上@r3:[play / <farm> / swim / strong],5年级上@r36:[sheep / bee / <farm> / fast / why],multi-pos-gloss,pending,,,
fast,fast,"n. 斋戒;绝食 adj. 快速的,迅速的;紧的,稳固的 adv. 迅速地;紧紧地;彻底地 vi. 禁食,斋戒",5年级上@r60:[ski / winter / <fast> / panda / forget],5年级上@r37:[bee / farm / <fast> / why / lovely],multi-pos-gloss,pending,,,
father,father,"n. 父亲,爸爸;神父;祖先;前辈 vt. 发明,创立;当...的父亲",3年级下@r56:[drive / parent / <father> / write / open],2年级上@r2:[<father> / mother / brother] || 3年级下@r57:[grandfather / grandmother / <father> / mother / brother] || 4年级上@r14:[swim / friend / <father> / get up / visit one's grandparents],multi-pos-gloss|multiple-occurrences,pending,,,
favourite,favourite,n. 特别喜爱的人(或物) adj. 特别受喜爱的,3年级下@r9:[fun / people / <favourite> / turn / bird],2年级下@r26:[cool / cold / <favourite> / season / eleven],multi-pos-gloss,pending,,,
fifth,fifth,num. 第五 n. 第五;五分之一 adj. 第五的;五分之一的,3年级上@r14:[name / meet / <fifth> / sixth / seventh],5年级下@r30:[Christmas Day / birthday / <fifth> / 5th / tenth],multi-pos-gloss,pending,,,
fifty,fifty,n. 五十;五十个;编号为50的东西 adj. 五十的;五十个的;众多的,2年级下@r9:[home / five / <fifty> / nine / twenty],2年级下@r33:[thirty / forty / <fifty> / thirteen / fourteen],multi-pos-gloss,pending,,,
film,film,n. 电影;薄膜;胶卷;轻烟 vt. 在...上覆以薄膜;把...拍成电影 vi. 摄制电影;生薄膜;变得朦胧,2年级上@r24:[zoo / Saturday / <film> / grandma / grandmother],4年级上@r54:[gate / transportation / <film> / earth / snow],multi-pos-gloss,pending,,,
find,find,"n. 发现 vi. 裁决 vt. 查找,找到;发现;认为;感到;获得",2年级下@r49:[where / shirt / <find> / coat / sofa],4年级上@r71:[use / please / <find> / Information Centre / Excuse me] || 6年级上@r69:[win / race / <find> / cry / because],multi-pos-gloss|multiple-occurrences,pending,,,
first,first,num. 第一 n. 第一;开始;冠军 adj. 第一的;基本的;最早的 adv. 第一;首先;优先;宁愿,3年级上@r5:[girl / Miss / <first> / September / second],3年级上@r103:[December / birthday / <first> / party / delicious] || 3年级下@r16:[toilet / playground / <first> / second / third],multi-pos-gloss|multiple-occurrences,pending,,,
fish,fish,"n. 鱼,鱼类 vt. 钓鱼,捕鱼;搜寻 vi. 捕鱼,钓鱼;用钩捞取",1年级上@r39:[cat / dog / <fish> / mouse] || 2年级下@r21:[egg / an / <fish> / rice / noodle],1年级下@r28:[noodles / vegetable / <fish> / chicken / egg] || 3年级上@r50:[noodles / vegetables / <fish> / chicken / egg] || 3年级上@r67:[dog / bird / <fish> / monkey / tiger] || 6年级上@r43:[reptile / bird / <fish> / mammal / insect],multi-pos-gloss|multiple-occurrences,pending,,,
five,five,"num. 五,五个 n. 五,五个;五美元钞票 adj. 五的;五个的",2年级下@r8:[thirty / home / <five> / fifty / nine],1年级上@r30:[three / four / <five> / six / seven],multi-pos-gloss,pending,,,
floor,floor,"n. 地板,地面;楼层;基底;议员席 vt. 铺地板;打倒,击倒;(被困难)难倒",4年级下@r25:[excuse / library / <floor> / building / nearby],3年级下@r19:[second / third / <floor> / room / our],multi-pos-gloss,pending,,,
flower,flower,"n. 花;精华;开花植物 vt. 使开花;用花装饰 vi. 成熟,发育;开花;繁荣;旺盛",6年级下@r21:[vacation / shoulder / <flower> / grass / feed],2年级上@r40:[grass / tree / <flower> / boat / lake],multi-pos-gloss,pending,,,
foot,foot,n. 脚;英尺;步调;末尾 vt. 支付;给......换底 vi. 步行;跳舞;总计,1年级上@r24:[ear / knee / <foot> / bed / box],3年级上@r19:[hand / leg / <foot> / feet / the matter],multi-pos-gloss,pending,,,
for,for,"prep. 为,为了;因为;给;对于;至于;适合于 conj. 因为",2年级下@r16:[one / dad / <for> / bread / milk],2年级上@r53:[too / here / <for> / thank / happy] || 3年级上@r43:[tomato / meat / <for> / shopping list / cola],multi-pos-gloss|multiple-occurrences,pending,,,
forest,forest,"n. 森林 vt. 植树于,使成为森林",5年级下@r25:[sun / their / <forest> / make use of / wood],6年级上@r22:[spicy / silk / <forest> / stone / London],multi-pos-gloss,pending,,,
forget,forget,vi. 忘记 vt. 忘记;忽略,5年级上@r62:[fast / panda / <forget> / cousin / brave],5年级上@r17:[sometimes / bark / <forget> / with / wear glasses],multi-pos-gloss,pending,,,
forty,forty,n. 四十 adj. 四十的;四十个的,3年级上@r73:[sixty / ruler / <forty> / blackboard / seventy],2年级下@r32:[twenty / thirty / <forty> / fifty / thirteen],multi-pos-gloss,pending,,,
friday,Friday,n. 星期五,6年级下@r53:[clear / season / <Friday> / slow / yesterday],2年级下@r54:[Wednesday / Thursday / <Friday> / Saturday / today] || 4年级上@r116:[Wednesday / Thursday / <Friday> / teacher],multiple-occurrences,pending,,,
friend,friend,n. 朋友;助手;赞助者,5年级上@r55:[basketball / with / <friend> / baseball / team],2年级上@r12:[she / classmate / <friend> / woman / girl] || 4年级上@r13:[late / swim / <friend> / father / get up],multiple-occurrences,pending,,,
friendly,friendly,"adj. 友好的;亲切的;支持的;融洽的,和睦的 adv. 友善地;温和地",6年级下@r46:[toilet / under / <friendly> / stay / most],5年级上@r7:[quiet / cute / <friendly> / helpful / active],multi-pos-gloss,pending,,,
fruit,fruit,n. 水果;产物 vt. 使......结果实 vi. 结果实,5年级上@r30:[autumn / family / <fruit> / climb / usually],3年级上@r38:[bread / cake / <fruit> / ice-cream / potato],multi-pos-gloss,pending,,,
fun,fun,n. 乐趣;玩笑;有趣的人或事 adj. 供娱乐用的 vi. 开玩笑,3年级下@r7:[too / plant / <fun> / people / favourite],4年级上@r24:[go to the cinema / on the weekend / <fun> / always / step],multi-pos-gloss,pending,,,
garden,garden,n. 花园;菜园 vt. 栽培花木 vi. 从事园艺;在园中种植,6年级下@r18:[only / street / <garden> / vacation / shoulder],4年级上@r50:[by plane / by train / <garden> / meeting place / gate] || 6年级上@r4:[morning tea / soup / <garden> / the Potala Palace / the Summer Palace],multi-pos-gloss|multiple-occurrences,pending,,,
gate,gate,n. 大门;出入口;门道 vt. 给...装大门,1年级上@r10:[key / car / <gate> / kite / girl],4年级上@r52:[garden / meeting place / <gate> / transportation / film],multi-pos-gloss,pending,,,
get,get,n. 生殖;幼兽 vi. 成为;变得;到达 vt. 使得|n. 生殖;幼兽 vi. 成为;变得;到达 vt. 使得;获得;受到;变成,4年级上@r33:[take / fine / <get> / pen / kind],4年级下@r15:[neighbourhood / send / <get> / money / get to],multi-pos-gloss,pending,,,
girl,girl,"n. 女孩;姑娘,未婚女子;女职员,女演员;(男人的)女朋友 n. (捷)吉尔",1年级上@r12:[gate / kite / <girl> / bike / uniform] || 3年级上@r3:[boy / <girl> / Miss / first],2年级上@r14:[friend / woman / <girl> / man / boy],multiple-occurrences,pending,,,
go,go,n. 去;进行;尝试 vi. 走;达到;运转;趋于 vt. 忍受;出产;以...打赌 [复数 goes 第三人称单数 goes 过去式 went 过去分词 gone 现在分词 going],2年级上@r8:[I / Wednesday / <go> / on / are],2年级上@r36:[park / hospital / <go> / to / grass],multi-pos-gloss,pending,,,
grandfather,grandfather,n. 祖父;始祖 vt. 不受新规定限制,2年级上@r28:[grandmother / grandpa / <grandfather> / or / is],2年级上@r7:[sister / grandmother / <grandfather> / who / he] || 3年级下@r55:[much / welcome / <grandfather> / grandmother / father],multi-pos-gloss|multiple-occurrences,pending,,,
grandmother,grandmother,n. 祖母;女祖先 vt. 当...的祖母 vi. 当祖母,2年级上@r26:[film / grandma / <grandmother> / grandpa / grandfather],2年级上@r6:[brother / sister / <grandmother> / grandfather / who] || 3年级下@r56:[welcome / grandfather / <grandmother> / father / mother],multi-pos-gloss|multiple-occurrences,pending,,,
grass,grass,"n. 草;草地,草坪 vt. 放牧;使......长满草;使......吃草 vi. 长草",6年级下@r22:[shoulder / flower / <grass> / feed / skirt],2年级上@r38:[go / to / <grass> / tree / flower],multi-pos-gloss,pending,,,
great,great,"n. 大师;大人物;伟人们 adj. 伟大的,重大的;极好的,好的;主要的",3年级下@r35:[food / best / <great> / apple / drink],4年级上@r104:[worker / in the future / <great> / job / sick] || 5年级上@r50:[also / saleswoman / <great> / love / how much],multi-pos-gloss|multiple-occurrences,pending,,,
green,green,n. 绿色;青春 adj. 绿色的;青春的 vt. 使...变绿色 vi. 变绿色,2年级下@r73:[sky / blue / <green> / white / snow],1年级上@r44:[blue / red / <green> / colour / apple] || 4年级上@r92:[street / safety rule / <green> / red / play football],multi-pos-gloss|multiple-occurrences,pending,,,
hair,hair,n. 头发;毛发;些微 adj. 毛发的;护理毛发的;用毛发制成的 vt. 除去...的毛发 vi. 生长毛发;形成毛状纤维,1年级下@r4:[cap / head / <hair> / uniform / nose] || 2年级上@r60:[red / eye / <hair> / long / and],3年级上@r15:[body / head / <hair> / arm / hand],multi-pos-gloss|multiple-occurrences,pending,,,
hand,hand,"n. 手,手艺;帮助;指针;插手 vt. 传递,交给;支持;搀扶",2年级上@r69:[body / small / <hand> / thank / old],3年级上@r17:[hair / arm / <hand> / leg / foot],multi-pos-gloss,pending,,,
he,he,"n. 男孩,男人;它(雄性动物) pron. 他",2年级下@r67:[she / bike / <he> / come / taxi],2年级上@r9:[grandfather / who / <he> / she / classmate],multi-pos-gloss,pending,,,
head,head,n. 头;头痛;上端;最前的部分;理解力 adj. 头的;主要的;在顶端的 vt. 前进;用头顶;作为...的首领;站在...的前头;给...加标题 vi. 出发;成头状物;船驶往,1年级下@r3:[cap / <head> / hair / uniform] || 6年级下@r15:[police / beautiful / <head> / only / street],3年级上@r14:[dear / body / <head> / hair / arm],multi-pos-gloss|multiple-occurrences,pending,,,
hear,hear,"vi. 听;听见 vt. 听到,听;听说;审理",3年级下@r12:[turn / bird / <hear> / out / flag],6年级上@r98:[bring / be afraid of / <hear> / pen pal / broken],multi-pos-gloss,pending,,,
home,home,"n. 家,住宅;产地;家乡;避难所 adj. 国内的,家庭的;有效的 vt. 归巢,回家 adv. 在家,回家;深入地",2年级下@r7:[when / thirty / <home> / five / fifty],3年级下@r73:[children / run / <home> / bedroom / living room],multi-pos-gloss,pending,,,
horse,horse,n. 马;骑兵;脚架;海洛因 vt. 使骑马;系马于;捉弄 vi. 骑马;作弄人,6年级上@r32:[many / ride / <horse> / smart / PE],5年级上@r31:[elephant / panda / <horse> / cow / pig],multi-pos-gloss,pending,,,
hospital,hospital,n. 医院,3年级下@r65:[aunt / uncle / <hospital> / nurse / doctor],2年级上@r35:[supermarket / park / <hospital> / go / to] || 4年级下@r21:[leave / toy / <hospital> / bookshop / school],multiple-occurrences,pending,,,
hot,hot,adj. 热的;辣的;热情的;激动的;紧迫的 vt. 增加;给...加温 adv. 热;紧迫地 vi. 变热,3年级上@r58:[sunny / warm / <hot> / cool / rainy],2年级下@r22:[autumn / winter / <hot> / warm / cool],multi-pos-gloss,pending,,,
hotel,hotel,"n. 旅馆,饭店;客栈 vt. 使...在饭店下榻 vi. 进行旅馆式办公",6年级上@r25:[see / Monday / <hotel> / angry / hill],4年级下@r29:[street / sports centre / <hotel> / square / buy toys],multi-pos-gloss,pending,,,
house,house,n. 住宅;家庭;机构;议会;某种用途的建筑物 vt. 覆盖;给...房子住;把...储藏在房内 vi. 住,1年级上@r6:[night / lake / <house> / boat / key] || 3年级上@r91:[together / bright / <house> / same],4年级上@r31:[dirty / their / <house> / poor / hope],multi-pos-gloss|multiple-occurrences,pending,,,
how,how,adv. 如何;多少;多么 n. 方法;方式 conj. 如何,2年级下@r60:[bag / trousers / <how> / bus / by],1年级上@r36:[nine / ten / <how> / many / are],multi-pos-gloss,pending,,,
hurt,hurt,n. 痛苦;危害;痛苦的原因 vt. 使受伤;损害;使疼痛;使痛心 adj. 受伤的;痛苦的;受损的 vi. 感到疼痛;有坏处;带来痛苦,4年级下@r21:[men / right / <hurt> / near / excuse],3年级上@r22:[feet / the matter / <hurt> / help / bad] || 6年级上@r74:[test / competition / <hurt> / inventor / artist],multi-pos-gloss|multiple-occurrences,pending,,,
i,I,n. 碘元素;英语字母I pron. 我,2年级上@r6:[it / Tuesday / <I> / Wednesday / go],1年级上@r7:[schoolbag / teacher / <I> / have / a],multi-pos-gloss,pending,,,
ill,ill,n. 疾病;不幸 adj. 生病的;坏的;邪恶的;不吉利的 adv. 不利地;恶劣地;几乎不,6年级下@r59:[careful / all / <ill> / begin / fan],6年级上@r66:[excited / happy / <ill> / win / race],multi-pos-gloss,pending,,,
in,in,prep. 按照(表示方式);从事于;在...之内 n. 执政者;门路;知情者 adj. 在里面的;时髦的 adv. 进入;当选;(服装等)时髦;在屋里,2年级上@r11:[on / are / <in> / a / week],1年级下@r7:[on / under / <in> / where / the],multi-pos-gloss,pending,,,
is,is,v. 是(be的三单形式) n. 存在,2年级上@r30:[grandfather / or / <is> / eleven / his],1年级上@r17:[mouth / this / <is> / my / dog],multi-pos-gloss,pending,,,
jacket,jacket,"n. 羽绒滑雪衫;西装短外套;短上衣,夹克;土豆皮;书籍的护封;文件套,公文夹 vt. 给...穿夹克;给...装护套;给...包上护封;〈口〉打",2年级下@r53:[sofa / this / <jacket> / that / schoolbag],3年级上@r76:[shoes / sweater / <jacket> / gloves / trousers],multi-pos-gloss,pending,,,
job,job,n. 工作;职业 vt. 承包;代客买卖 vi. 做零工,5年级下@r14:[would / different / <job> / follow / listen],4年级上@r105:[in the future / great / <job> / sick / people],multi-pos-gloss,pending,,,
juice,juice,"n. (水果)汁,液;果汁",1年级下@r21:[jam / apple / <juice> / peach / grapes] || 5年级上@r4:[supermarket / meat / <juice> / pay / English],1年级下@r34:[want / and / <juice> / tea / milk],multiple-occurrences,pending,,,
kind,kind,n. 种类;性质 adj. 和蔼的;宽容的;令人感激的,4年级上@r28:[light / door / <kind> / window / glass] || 4年级上@r35:[get / pen / <kind> / brown / think],6年级上@r49:[shark / whale / <kind> / metre / spend],multi-pos-gloss|multiple-occurrences,pending,,,
king,king,"n. 国王;最有势力者;王棋 vi. 统治;做国王 vt. 立...为王 adj. 主要的,最重要的,最大的",1年级下@r36:[sun / leaf / <king> / park / gift],4年级下@r40:[stay / star / <king> / central / take photos],multi-pos-gloss,pending,,,
know,know,vt. 知道;认识;懂得 vi. 了解;熟悉;确信,3年级上@r81:[holiday / Christmas / <know> / Chinese / ball],3年级下@r51:[lost / water bottle / <know> / ok / much],multi-pos-gloss,pending,,,
lake,lake,n. 湖;深红色颜料;胭脂红 vt. (使)血球溶解 vi. (使)血球溶解,1年级上@r5:[moon / night / <lake> / house / boat] || 4年级上@r63:[close / farmer / <lake> / say / air],2年级上@r42:[flower / boat / <lake> / hill / Christmas],multi-pos-gloss|multiple-occurrences,pending,,,
late,late,adj. 晚的;迟的;已故的;最近的 adv. 晚;迟;最近;在晚期,5年级上@r23:[homework / half / <late> / dirty / ask],4年级上@r11:[often / be good at / <late> / swim / friend],multi-pos-gloss,pending,,,
left,left,adj. 左边的;左派的;剩下的 adv. 在左面 n. 左边;左派;激进分子 v. 离开(leave的过去式),4年级下@r34:[way / then / <left> / miss / China],5年级下@r83:[felt happy / sad / <left> / French fries / were],multi-pos-gloss,pending,,,
light,light,n. 光;光线;灯;打火机;领悟;浅色;天窗 adj. 轻的;浅色的;明亮的;轻松的;容易的;清淡的 vi. 点着;变亮;着火 vt. 照亮;点燃;着火 adv. 轻地;清楚地;轻便地,4年级上@r26:[computer / easy / <light> / door / kind],1年级下@r10:[where / the / <light> / bed / door] || 3年级下@r82:[for rent / sofa / <light> / bed / door],multi-pos-gloss|multiple-occurrences,pending,,,
like,like,vt. 喜欢;想;愿意 vi. 喜欢;希望 prep. 像;如同 adj. 同样的;相似的 n. 爱好;同样的人或物 adv. 可能 conj. 好像,3年级上@r55:[July / weather / <like> / sunny / warm] || 6年级上@r52:[dress / sing / <like> / colour / clothes],1年级上@r52:[do / you / <like> / yes / no],multi-pos-gloss|multiple-occurrences,pending,,,
live,live,adj. 活的;生动的;实况转播的;精力充沛的 vt. 经历;度过 vi. 活;居住;生存,4年级上@r66:[say / air / <live>],6年级下@r2:[<live> / quite / scarf],multi-pos-gloss,pending,,,
long,long,"n. 长时间;[语] 长音节;(服装的)长尺寸;长裤 adj. 长的;过长的;做多头的;长时间的;冗长的,长音 vi. 渴望;热望 adv. 长期地;始终",2年级上@r61:[eye / hair / <long> / and / short],3年级上@r60:[turtle / small / <long> / look for / tail],multi-pos-gloss,pending,,,
look,look,vt. 看;期待;注意;面向;看上去像 vi. 看;看起来;注意;面向 n. 看;样子;面容,2年级上@r74:[eight / cake / <look> / at / tree] || 3年级下@r51:[water / bottle / <look> / mother / box],2年级上@r17:[man / boy / <look> / his / name],multi-pos-gloss|multiple-occurrences,pending,,,
lost,lost,adj. 失去的;丧失的;迷惑的 v. 遗失(lose的过去分词);失败,4年级下@r61:[never / lose / <lost> / key / playground],3年级下@r49:[handsome / beautiful / <lost> / water bottle / know],multi-pos-gloss,pending,,,
love,love,"n. 恋爱;亲爱的;酷爱;喜爱的事物;爱情,爱意;疼爱;热爱;爱人,所爱之物 v. 爱,热爱;爱戴;赞美,称赞;喜爱;喜好;喜欢;爱慕",2年级下@r34:[evening / room / <love> / bed / big],5年级上@r51:[saleswoman / great / <love> / how much / a lot],multi-pos-gloss,pending,,,
lovely,lovely,"adj. 可爱的;令人愉快的;爱恋的;秀丽的,优美的 n. 美女;可爱的东西",5年级下@r39:[sister / eighteen / <lovely> / kid / seven],5年级上@r39:[fast / why / <lovely> / butterfly / exercise book],multi-pos-gloss,pending,,,
man,man,n. 人;男人;人类;丈夫;雇工 vt. 操纵;给...配置人员;使增强勇气;在...就位,4年级下@r18:[pill / soon / <man> / men / right],2年级上@r15:[woman / girl / <man> / boy / look],multi-pos-gloss,pending,,,
many,many,pron. 许多;许多人 adj. 许多的,6年级上@r30:[west / around / <many> / ride / horse],1年级上@r37:[ten / how / <many> / are / there],multi-pos-gloss,pending,,,
map,map,vt. 映射;计划;绘制地图;确定基因在染色体中的位置 n. 地图;示意图;染色体图 vi. 基因被安置,1年级下@r47:[rabbit / kitten / <map> / flag / desk] || 5年级上@r47:[city / afternoon / <map> / Canada / leaf],6年级上@r10:[vacation / taste / <map> / north / south],multi-pos-gloss|multiple-occurrences,pending,,,
may,May|may,"aux. 可以,能够;可能,也许;祝,愿;会,能",3年级上@r48:[August / born / <May> / June / fifteenth] || 3年级下@r38:[apple / drink / <may> / tea / sure],3年级上@r94:[March / April / <May> / June / July],case-or-form-variant|multiple-occurrences,pending,,,
meet,meet,vt. 满足;遇见;对付 vi. 相遇;接触 n. 集会 adj. 合适的;适宜的,3年级上@r13:[hi / name / <meet> / fifth / sixth],6年级下@r8:[pupil / arrive / <meet> / wardrobe / show ... around],multi-pos-gloss,pending,,,
milk,milk,n. 牛奶;乳状物 vt. 榨取;挤...的奶 vi. 挤奶,2年级下@r18:[for / bread / <milk> / egg / an],1年级下@r36:[juice / tea / <milk> / water / thirsty],multi-pos-gloss,pending,,,
monday,Monday,n. 星期一,6年级上@r24:[supper / see / <Monday> / hotel / angry],2年级下@r50:[at / Sunday / <Monday> / Tuesday / Wednesday] || 4年级上@r112:[myself / sound / <Monday> / Tuesday / Wednesday],multiple-occurrences,pending,,,
monkey,monkey,n. 猴子;顽童 vi. 胡闹;捣蛋 vt. 嘲弄,1年级下@r32:[fox / lion / <monkey> / zebra / sun] || 2年级上@r53:[dog / toy / <monkey> / these / them],1年级上@r22:[bird / tiger / <monkey> / cat / what] || 3年级上@r68:[bird / fish / <monkey> / tiger / big],multi-pos-gloss|multiple-occurrences,pending,,,
mother,mother,n. 母亲;大娘;女修道院院长 vt. 生下;养育;像母亲般关怀或照管 adj. 母亲的;出生地的,3年级下@r52:[bottle / look / <mother> / box / drive],2年级上@r3:[father / <mother> / brother / sister] || 3年级下@r58:[grandmother / father / <mother> / brother / sister],multi-pos-gloss|multiple-occurrences,pending,,,
mouth,mouth,"n. 口,嘴;河口 vt. 做作地说,装腔作势地说;喃喃地说出 vi. 装腔作势说话",4年级下@r14:[fever / has / <mouth> / flu / pill],1年级上@r15:[eye / nose / <mouth> / this / is] || 3年级上@r34:[eye / nose / <mouth> / ear / bread],multi-pos-gloss|multiple-occurrences,pending,,,
much,much,"adv. 非常,很 adj. 大量的 n. 许多,大量 pron. 许多,大量",3年级下@r59:[write / open / <much> / hard / afraid],3年级下@r53:[know / ok / <much> / welcome / grandfather],multi-pos-gloss,pending,,,
my,my,pron. 我的 int. 哎呀(表示惊奇等);喔唷,2年级上@r38:[your / sixteen / <my> / cow / nineteen],1年级上@r18:[this / is / <my> / dog / bird] || 3年级上@r2:[<my> / your / name],multi-pos-gloss|multiple-occurrences,pending,,,
name,name,"n. 名称,名字;姓名;名誉 vt. 命名,任命;指定;称呼;提名;叫出 adj. 姓名的;据以取名的",3年级上@r12:[pupil / hi / <name> / meet / fifth],2年级上@r19:[look / his / <name> / her / or] || 3年级上@r4:[my / your / <name> / new / year],multi-pos-gloss|multiple-occurrences,pending,,,
near,near,adj. 近的;亲近的;近似的 adv. 近;接近 prep. 靠近;近似于,4年级下@r22:[right / hurt / <near> / excuse / library],1年级下@r14:[door / box / <near> / behind / plane] || 4年级上@r36:[so / Saturday / <near> / day / usually],multi-pos-gloss|multiple-occurrences,pending,,,
new,new,"adj. 新的,新鲜的;更新的;初见的 adv. 新近",2年级上@r78:[tree / big / <new> / year],2年级上@r28:[short / handsome / <new> / does / bookshop] || 3年级上@r5:[your / name / <new> / year / old],multi-pos-gloss|multiple-occurrences,pending,,,
nine,nine,"n. 九,九个 num. 九;九个 adj. 九的,九个的",2年级下@r10:[five / fifty / <nine> / twenty / sleep],1年级上@r34:[seven / eight / <nine> / ten / how],multi-pos-gloss,pending,,,
no,no,adv. 不 adj. 没有;不是 n. 不;否决票 abbr. 数字(number);元素锘(nobelium)的符号,2年级上@r56:[these / them / <no> / ear / red],1年级上@r54:[like / yes / <no>],multi-pos-gloss,pending,,,
nose,nose,n. 鼻子;嗅觉;突出的部分;探问 vt. 嗅;用鼻子触 vi. 小心探索着前进;探问,1年级下@r6:[hair / uniform / <nose> / vest / window] || 6年级下@r56:[slow / yesterday / <nose> / careful / all],1年级上@r14:[ear / eye / <nose> / mouth / this] || 3年级上@r33:[face / eye / <nose> / mouth / ear],multi-pos-gloss|multiple-occurrences,pending,,,
nurse,nurse,"vt. 看护,护理;照顾;培养;给...喂奶 vi. 照料,护理;喂奶;当保姆 n. 护士;奶妈,保姆",3年级下@r66:[uncle / hospital / <nurse> / doctor / tooth],4年级上@r95:[red / play football / <nurse> / cook / doctor],multi-pos-gloss,pending,,,
ok,OK|ok,adj. 好的;不错的 adv. 行;很好 int. 好;可以 vt. 对...表示同意 n. 同意,6年级下@r38:[clean / print / <OK> / paper / save],3年级下@r52:[water bottle / know / <ok> / much / welcome],multi-pos-gloss|case-or-form-variant,pending,,,
old,old,"adj. 陈旧的,古老的;年老的 n. 古时",2年级上@r71:[hand / thank / <old> / eight / cake],3年级上@r7:[new / year / <old> / how old / class],multi-pos-gloss,pending,,,
on,on,"adv. 向前地;作用中,行动中;继续着 prep. 向,朝......;关于;在......之上;在......时候 adj. 开着的;发生着的,正在进行中",2年级上@r9:[Wednesday / go / <on> / are / in],1年级下@r5:[desk / blackboard / <on> / under / in],multi-pos-gloss,pending,,,
one,one,pron. 一个人;任何人 adj. 一的;唯一的 n. 一 num. 一;一个,2年级下@r14:[sleep / good / <one> / dad / for],1年级上@r26:[what / it / <one> / two / three],multi-pos-gloss,pending,,,
only,only,"adv. 只,仅仅;不料 adj. 唯一的,仅有的;最合适的 conj. 但是;不过;可是",6年级下@r16:[beautiful / head / <only> / street / garden],5年级上@r47:[a box of crayons / please / <only> / also / saleswoman],multi-pos-gloss,pending,,,
orange,orange,adj. 橙色的;橘色的 n. 橙;橙色;桔子,1年级下@r18:[ice cream / ice / <orange> / jam / apple] || 2年级下@r30:[hello / dear / <orange> / vegetable / evening],1年级上@r49:[pear / banana / <orange> / do / you],multi-pos-gloss|multiple-occurrences,pending,,,
panda,panda,n. 熊猫;猫熊,1年级下@r27:[zoo / tiger / <panda> / snake / elephant] || 5年级上@r61:[winter / fast / <panda> / forget / cousin],5年级上@r30:[animal / elephant / <panda> / horse / cow],multiple-occurrences,pending,,,
paper,paper,n. 纸;论文;文件;报纸 adj. 纸做的 vt. 用纸糊;用纸包装 vi. 贴糊墙纸;发交通违章传票,6年级下@r39:[print / OK / <paper> / save / also],4年级上@r68:[scissors / glue stick / <paper> / use / please],multi-pos-gloss,pending,,,
park,park,n. 公园;[交] 停车场 vt. 停放;放置;寄存 vi. 停放车辆,1年级下@r37:[leaf / king / <park> / gift / queen] || 2年级上@r16:[do / you / <park> / class / we],2年级上@r34:[school / supermarket / <park> / hospital / go] || 4年级上@r60:[come / enjoy / <park> / apple / pen],multi-pos-gloss|multiple-occurrences,pending,,,
pen,pen,n. 钢笔;作家;围栏 vt. 写;关入栏中,1年级上@r27:[bed / box / <pen> / book / coat] || 4年级上@r34:[fine / get / <pen> / kind / brown],4年级上@r62:[park / apple / <pen> / knife / eraser],multi-pos-gloss|multiple-occurrences,pending,,,
pencil,pencil,n. 铅笔;笔状物 vt. 用铅笔写;用眉笔涂 vi. 成铅笔状,3年级上@r69:[borrow / marker / <pencil> / eraser / sixty],1年级上@r4:[book / ruler / <pencil> / schoolbag / teacher] || 4年级上@r78:[hamburger / ruler / <pencil> / schoolbag / shop],multi-pos-gloss|multiple-occurrences,pending,,,
people,people,n. 人;人类;民族;公民 vt. 居住于;使住满人,3年级下@r8:[plant / fun / <people> / favourite / turn],4年级上@r107:[job / sick / <people> / teach / just],multi-pos-gloss,pending,,,
phone,phone,"n. 电话;耳机,听筒 vt. 打电话 vi. 打电话",2年级下@r46:[call / mum / <phone> / where / shirt],4年级上@r74:[Information Centre / Excuse me / <phone> / dad / hamburger],multi-pos-gloss,pending,,,
pig,pig,"n. 猪;猪肉 vi. 生小猪;像猪一样过活 n. 警察(俚语,带有攻击性)",2年级上@r35:[her / how many / <pig> / your / sixteen],5年级上@r33:[horse / cow / <pig> / sheep / bee],multi-pos-gloss,pending,,,
plane,plane,"n. 飞机;平面;程度,水平 adj. 平的;平面的 vt. 刨平;用刨子刨;掠过水面 vi. 刨;乘飞机旅行;翱翔",4年级下@r9:[sometimes / model / <plane> / wrong / headache],1年级下@r16:[near / behind / <plane> / ball / doll],multi-pos-gloss,pending,,,
plant,plant,"n. 工厂,车间;植物;设备;庄稼 vt. 种植;培养;栽培;安置 vi. 种植",3年级下@r6:[women / too / <plant> / fun / people] || 5年级下@r17:[follow / listen / <plant> / up / carry],5年级下@r38:[twenty-fifth / 25th / <plant> / make a poster / celebrate],multi-pos-gloss|multiple-occurrences,pending,,,
please,please,"int. 请(礼貌用语) vt. 使喜欢;使高兴,使满意 vi. 讨人喜欢;令人高兴",6年级上@r11:[let / glasses / <please> / problem / young],4年级上@r70:[paper / use / <please> / find / Information Centre] || 5年级上@r46:[pencil box / a box of crayons / <please> / only / also],multi-pos-gloss|multiple-occurrences,pending,,,
quiet,quiet,n. 安静;和平 adj. 安静的;安定的;不动的;温顺的 vt. 使平息;安慰 vi. 平静下来,4年级下@r5:[pop / keep / <quiet> / noisy / sometimes],5年级上@r5:[careless / polite / <quiet> / cute / friendly],multi-pos-gloss,pending,,,
rabbit,rabbit,"n. 兔子,野兔 vt. 让...见鬼去吧 vi. 猎兔",1年级下@r45:[egg / cow / <rabbit> / kitten / map] || 6年级上@r60:[animal / rat / <rabbit> / decide / order],3年级上@r55:[duck / chicken / <rabbit> / pet / snake],multi-pos-gloss|multiple-occurrences,pending,,,
race,race,"n. 属,种;种族,人种;家庭,门第 vt. 使参加比赛;和...竞赛;使急走,使全速行进 vi. 比速度,参加竞赛;全速行进",3年级上@r38:[sport / run / <race> / high / jump],6年级上@r68:[ill / win / <race> / find / cry],multi-pos-gloss,pending,,,
red,red,"n. 红色,红颜料;赤字 adj. 红色的;红肿的,充血的",2年级上@r58:[no / ear / <red> / eye / hair],1年级上@r43:[yellow / blue / <red> / green / colour] || 4年级上@r93:[safety rule / green / <red> / play football / nurse],multi-pos-gloss|multiple-occurrences,pending,,,
rice,rice,n. 稻;米饭 vt. 把...捣成米糊状,2年级下@r22:[an / fish / <rice> / noodle / down],1年级下@r25:[sure / sorry / <rice> / noodles / vegetable] || 3年级上@r47:[cola / buy / <rice> / noodles / vegetables],multi-pos-gloss|multiple-occurrences,pending,,,
room,room,"n. 房间;空间;余地;机会;房间里所有的人 vt. 为...提供住处;租房,合住;投宿,住宿;留|n. 房间;空间;余地;机会;房间里所有的人 vt. 为...提供住处;租房,合住;投宿,住宿;留...住宿 vi. 居住;住宿",2年级下@r33:[vegetable / evening / <room> / love / bed],3年级下@r20:[third / floor / <room> / our / they],multi-pos-gloss,pending,,,
ruler,ruler,"n. 尺;统治者;[测] 划线板,划线的人",3年级上@r72:[eraser / sixty / <ruler> / forty / blackboard],1年级上@r3:[book / <ruler> / pencil / schoolbag] || 4年级上@r77:[dad / hamburger / <ruler> / pencil / schoolbag],multiple-occurrences,pending,,,
run,run,"n. 奔跑;赛跑;趋向;奔跑的路程 vt. 管理,经营;运行;参赛 vi. 经营;奔跑;运转",3年级上@r37:[nineteenth / sport / <run> / race / high],3年级下@r72:[everyone / children / <run> / home / bedroom],multi-pos-gloss,pending,,,
sad,sad,"adj. 难过的;悲哀的,令人悲痛的;凄惨的,阴郁的(形容颜色)",4年级上@r6:[why / book / <sad> / surprised / look for],5年级下@r82:[delicious / felt happy / <sad> / left / French fries] || 6年级上@r63:[angry / proud / <sad> / excited / happy],multiple-occurrences,pending,,,
safe,safe,n. 保险箱;冷藏室;纱橱 adj. 安全的;可靠的;平安的,4年级下@r45:[boat / sound / <safe> / dangerous / front],4年级上@r88:[sidewalk / wait for / <safe> / stop / street],multi-pos-gloss,pending,,,
saturday,Saturday,n. 星期六,2年级上@r23:[Sunday / zoo / <Saturday> / film / grandma],2年级下@r55:[Thursday / Friday / <Saturday> / today] || 4年级上@r35:[hope / so / <Saturday> / near / day],multiple-occurrences,pending,,,
say,say,vt. 讲;说明;例如;声称;假设;指明 vi. 讲;表示;念;假定;背诵,4年级上@r64:[farmer / lake / <say> / air / live],5年级下@r51:[mail a present / make a video call / <say> / make a card / everywhere],multi-pos-gloss,pending,,,
school,school,n. 学校;学院;学派;鱼群 vt. 教育,4年级上@r19:[really / bring / <school> / bad / cold],2年级上@r32:[bookshop / zoo / <school> / supermarket / park] || 4年级下@r23:[hospital / bookshop / <school> / supermarket / ball],multi-pos-gloss|multiple-occurrences,pending,,,
schoolbag,schoolbag,n. 书包,2年级下@r55:[jacket / that / <schoolbag> / shorts / not],1年级上@r5:[ruler / pencil / <schoolbag> / teacher / I] || 4年级上@r79:[ruler / pencil / <schoolbag> / shop / climb on the window ledge],multiple-occurrences,pending,,,
season,season,n. 时期;季节;赛季 vt. 给...调味;使适应 vi. 变得成熟;变干燥,6年级下@r52:[weekend / clear / <season> / Friday / slow],2年级下@r27:[cold / favourite / <season> / eleven / twelve],multi-pos-gloss,pending,,,
second,second,num. 第二 n. 秒;第二名;瞬间;二等品 adj. 第二的;次要的;附加的 vt. 支持 adv. 第二;其次;居第二位,3年级上@r7:[first / September / <second> / third / fourth],3年级下@r17:[playground / first / <second> / third / floor],multi-pos-gloss,pending,,,
seven,seven,"num. 七个,七 n. 七个,七 adj. 七的;七个的",5年级下@r41:[lovely / kid / <seven> / niece / nephew],1年级上@r32:[five / six / <seven> / eight / nine],multi-pos-gloss,pending,,,
she,she,n. 女人;雌性动物 pron. 她(主格);它(用来指雌性动物或国家、船舶、地球、月亮等),2年级下@r65:[car / work / <she> / bike / he],2年级上@r10:[who / he / <she> / classmate / friend],multi-pos-gloss,pending,,,
shirt,shirt,"n. 衬衫;汗衫,内衣",2年级下@r48:[phone / where / <shirt> / find / coat],1年级下@r40:[thirsty / thanks / <shirt> / T-shirt / skirt] || 3年级上@r89:[skirt / dress / <shirt> / January / February],multiple-occurrences,pending,,,
shop,shop,n. 商店;店铺 vt. 购物 vi. 购物;买东西,4年级上@r42:[how much / buy / <shop> / sell / eat],4年级上@r80:[pencil / schoolbag / <shop> / climb on the window ledge / dangerous],multi-pos-gloss,pending,,,
short,short,"n. 短;缺乏;短路;短裤 adj. 短的;不足的;矮的,低的 adv. 不足;突然;唐突地",2年级上@r63:[long / and / <short> / me / arm],2年级上@r26:[pretty / thin / <short> / handsome / new] || 3年级上@r71:[tiger / big / <short> / cap / coat],multi-pos-gloss|multiple-occurrences,pending,,,
shorts,shorts,n. 短裤,2年级下@r56:[that / schoolbag / <shorts> / not / bag],1年级下@r45:[dress / socks / <shorts> / your] || 3年级上@r85:[look forward to / T-shirt / <shorts> / socks / skirt],multiple-occurrences,pending,,,
sister,sister,n. 姐妹;(称志同道合者)姐妹;修女;护士 adj. 姐妹般的;同类型的,5年级下@r37:[travel / son / <sister> / eighteen / lovely],2年级上@r5:[mother / brother / <sister> / grandmother / grandfather] || 3年级下@r60:[mother / brother / <sister> / cooking dinner / walking the dog],multi-pos-gloss|multiple-occurrences,pending,,,
ski,ski,n. 滑雪橇 vi. 滑雪 adj. 滑雪(用)的,5年级上@r58:[baseball / team / <ski> / winter / fast],4年级下@r46:[dream / sea / <ski> / eat seafood / visit the Mogao Caves],multi-pos-gloss,pending,,,
skirt,skirt,"n. 裙子 vt. 绕过,回避;位于...边缘 vi. 沿边走,绕开;环绕",1年级上@r32:[UFO / hut / <skirt> / wood / bird] || 6年级下@r24:[grass / feed / <skirt> / sock / crayon],1年级下@r42:[shirt / T-shirt / <skirt> / dress / socks] || 3年级上@r87:[shorts / socks / <skirt> / dress / shirt],multi-pos-gloss|multiple-occurrences,pending,,,
small,small,"n. 小件物品;矮小的人 adj. 少的,小的;微弱的;几乎没有的;不重要的;幼小的 adv. 小小地;卑鄙地",2年级上@r68:[leg / body / <small> / hand / thank],3年级上@r59:[snake / turtle / <small> / long / look for],multi-pos-gloss,pending,,,
snake,snake,n. 蛇;阴险的人 vt. 拉(木材等);迂回前进 vi. 迂回前进,1年级下@r28:[tiger / panda / <snake> / elephant / fox],3年级上@r57:[rabbit / pet / <snake> / turtle / small],multi-pos-gloss,pending,,,
snow,snow,"n. 雪,积雪;下雪 vt. 使纷纷落下;使变白 vi. 降雪",2年级下@r75:[green / white / <snow> / cool / cold],4年级上@r56:[film / earth / <snow> / theatre / come],multi-pos-gloss,pending,,,
sorry,sorry,"adj. 遗憾的;对不起的,抱歉的 int. 对不起,抱歉(表示委婉的拒绝等)",4年级上@r50:[duck / soup / <sorry> / pie / chicken],1年级下@r24:[can / sure / <sorry> / rice / noodles],multi-pos-gloss,pending,,,
sound,sound,"n. 声音,语音;噪音;海峡;吵闹;听力范围;[医] 探条 adj. 健全的,健康的;合理的;可靠的;有效彻底的 vt. 听(诊);测量,测...深;使发声;试探;宣告 vi. 听起来;发出声音;回响;测深 adv. 彻底地,充分地",4年级下@r44:[about / boat / <sound> / safe / dangerous],4年级上@r111:[just / myself / <sound> / Monday / Tuesday],multi-pos-gloss,pending,,,
soup,soup,"n. 汤,羹;马力 vt. 加速;增加马力",4年级上@r49:[cook / duck / <soup> / sorry / pie],6年级上@r3:[morning tea / <soup> / garden / the Potala Palace],multi-pos-gloss,pending,,,
speak,speak,vi. 说话;演讲;表明;陈述 vt. 讲话;发言;讲演,4年级上@r11:[get well / upset / <speak> / robot / housework],6年级上@r34:[the White House / clock / <speak> / French / Tower Bridge],multi-pos-gloss,pending,,,
spring,spring,n. 春天;弹簧;泉水;活力;跳跃 adj. 春天的 vt. 使跳起;使爆炸;突然提出;使弹开 vi. 生长;涌出;跃出;裂开,2年级下@r80:[make / which / <spring>],2年级下@r18:[wow / let's / <spring> / summer / autumn],multi-pos-gloss,pending,,,
square,square,n. 平方;广场;正方形 adj. 平方的;正方形的;直角的;正直的 vt. 使成方形;与...一致 vi. 一致;成方形 adv. 成直角地,3年级下@r18:[watch / from / <square> / black / shape],4年级下@r30:[sports centre / hotel / <square> / buy toys / see a film],multi-pos-gloss,pending,,,
stamp,stamp,n. 邮票;印记;标志;跺脚 vt. 铭记;标出;盖章于...;贴邮票于...;用脚踩踏 vi. 跺脚;捣碎;毁掉,6年级上@r65:[choose / start / <stamp> / collect / show],4年级下@r64:[different / hobby / <stamp> / catch / go for a picnic],multi-pos-gloss,pending,,,
star,star,"n. 星,恒星;明星;星形物 adj. 明星的,主角的;星形的 vt. 用星号标于;由...主演,由...担任主角 vi. 担任主角",1年级上@r2:[<star> / moon / night] || 3年级上@r87:[gift / pink / <star> / bell / together],4年级下@r39:[thing / stay / <star> / king / central],multi-pos-gloss|multiple-occurrences,pending,,,
station,station,n. 车站;驻地;地位;身份 vt. 配置;安置;驻扎,4年级下@r30:[grey / beside / <station> / far / way],4年级下@r35:[go boating / busy / <station> / place / thing],multi-pos-gloss,pending,,,
stay,stay,n. 逗留;停止;支柱 vi. 停留;坚持;暂住;停下 vt. 坚持;暂住;抑制,6年级下@r47:[under / friendly / <stay> / most / summer],4年级下@r38:[place / thing / <stay> / star / king],multi-pos-gloss,pending,,,
stop,stop,n. 停止;车站;障碍;逗留 vi. 停止;中止;逗留;被塞住 vt. 停止;堵塞;断绝,6年级上@r38:[those / modern / <stop> / ago / hold] || 6年级下@r33:[student / protect / <stop> / litter / answer],4年级上@r89:[wait for / safe / <stop> / street / safety rule],multi-pos-gloss|multiple-occurrences,pending,,,
story,story,n. 故事;小说;新闻报道;来历;假话 vt. 用历史故事画装饰 vi. 说谎,3年级下@r71:[teeth / lesson / <story>],6年级上@r88:[invent / study / <story> / university / deaf],multi-pos-gloss,pending,,,
street,street,n. 街道 adj. 街道的,6年级下@r17:[head / only / <street> / garden / vacation],4年级上@r90:[safe / stop / <street> / safety rule / green] || 4年级下@r27:[ball / city / <street> / sports centre / hotel],multi-pos-gloss|multiple-occurrences,pending,,,
study,study,"n. 学习,研究;课题;书房;学问 vt. 学习;考虑;攻读;细察 vi. 研究;用功",5年级下@r50:[pilot / should / <study> / cap / birthday],3年级下@r78:[bathroom / dining room / <study> / kitchen / for rent] || 6年级上@r87:[invention / invent / <study> / story / university],multi-pos-gloss|multiple-occurrences,pending,,,
subject,subject,n. 主题;科目;[语] 主语;国民 adj. 服从的;易患...的;受制于...的 vt. 使...隶属;使屈从于...,5年级上@r9:[difficult / maths / <subject> / draw / art],5年级下@r17:[a lot of / sleepy / <subject> / mark / advice],multi-pos-gloss,pending,,,
summer,summer,n. 夏季;全盛时期 adj. 夏季的 vi. 避暑;过夏天,6年级下@r49:[stay / most / <summer> / weekend / clear],2年级下@r19:[let's / spring / <summer> / autumn / winter],multi-pos-gloss,pending,,,
supermarket,supermarket,n. 超级市场;自助售货商店,5年级上@r2:[<supermarket> / meat / juice],2年级上@r33:[zoo / school / <supermarket> / park / hospital] || 4年级下@r24:[bookshop / school / <supermarket> / ball / city],multiple-occurrences,pending,,,
sure,sure,adj. 确信的;可靠的;必定的 adv. 当然;的确,3年级下@r40:[may / tea / <sure> / child / children],1年级下@r23:[bear / can / <sure> / sorry / rice],multi-pos-gloss,pending,,,
swim,swim,n. 游泳;漂浮;眩晕 adj. 游泳时穿戴的 vi. 游泳;漂浮;浸;眩晕 vt. 游过;使浮起,6年级上@r4:[play / farm / <swim> / strong / some],2年级下@r6:[ride a bike / make a model plane / <swim> / make a snowman / can't] || 3年级下@r40:[fly a kite / ride a bike / <swim> / make a model plane / make a snowman] || 4年级上@r12:[be good at / late / <swim> / friend / father],multi-pos-gloss|multiple-occurrences,pending,,,
talk,talk,n. 谈话;演讲;空谈 vi. 谈话;说闲话 vt. 说;谈话;讨论,5年级下@r6:[textbook / TV / <talk> / chess / photo],5年级上@r11:[active / popular / <talk> / party / all],multi-pos-gloss,pending,,,
tall,tall,adj. 高的;长的;过分的;夸大的 adv. 夸大地,5年级上@r65:[cousin / brave / <tall> / driver / early],2年级上@r23:[or / big / <tall> / pretty / thin],multi-pos-gloss,pending,,,
tea,tea,n. 茶叶;茶树;茶点 vt. 给...沏茶 vi. 喝茶;进茶点,3年级下@r39:[drink / may / <tea> / sure / child],1年级下@r35:[and / juice / <tea> / milk / water],multi-pos-gloss,pending,,,
teach,teach,vt. 教;教授;教导 vi. 教授;讲授;当老师,5年级下@r53:[cap / birthday / <teach> / engineer / exercise],4年级上@r108:[sick / people / <teach> / just / myself] || 5年级上@r25:[nice / young / <teach> / guess / has],multi-pos-gloss|multiple-occurrences,pending,,,
teacher,teacher,n. 教师;导师,3年级上@r17:[sixth / seventh / <teacher> / card / tenth],1年级上@r6:[pencil / schoolbag / <teacher> / I / have] || 4年级上@r117:[Thursday / Friday / <teacher>],multiple-occurrences,pending,,,
thank,thank,n. 感谢 vt. 感谢 int. 谢谢,2年级上@r70:[small / hand / <thank> / old / eight],2年级上@r54:[here / for / <thank> / happy],multi-pos-gloss,pending,,,
that,that,conj. 因为;以至于 adj. 那;那个 pron. 那;那个 adv. 那么;那样,2年级下@r54:[this / jacket / <that> / schoolbag / shorts],3年级下@r11:[computer class / we / <that> / classroom / library],multi-pos-gloss,pending,,,
the,the,"art. 这;那 adv. 更加(用于比较级,最高级前)",2年级上@r20:[we / to / <the> / Sunday / zoo],1年级下@r9:[in / where / <the> / light / bed],multi-pos-gloss,pending,,,
there,there,n. 那个地方 adv. 在那里;在那边;在那点上 int. 你瞧,4年级上@r16:[Ms / Mrs / <there> / really / bring],1年级上@r39:[many / are / <there> / black / yellow],multi-pos-gloss,pending,,,
thin,thin,n. 细小部分 adj. 薄的;瘦的;稀薄的;微弱的 vt. 使瘦;使淡;使稀疏 vi. 变薄;变瘦;变淡 adv. 稀疏地;微弱地,2年级上@r50:[baby / cat / <thin> / dog / toy],2年级上@r25:[tall / pretty / <thin> / short / handsome],multi-pos-gloss,pending,,,
thirty,thirty,num. 三十 n. 三十年代 adj. 三十个的,2年级下@r6:[nice / when / <thirty> / home / five],2年级下@r31:[twelve / twenty / <thirty> / forty / fifty],multi-pos-gloss,pending,,,
this,this,adj. 这;本;这个;今 pron. 这;这个;这里 adv. 这样地;这么,2年级下@r52:[coat / sofa / <this> / jacket / that],1年级上@r16:[nose / mouth / <this> / is / my],multi-pos-gloss,pending,,,
three,three,"num. 三 n. 三,三个 adj. 三的,三个的",2年级上@r43:[our / two / <three> / after / elephant],1年级上@r28:[one / two / <three> / four / five],multi-pos-gloss,pending,,,
thursday,Thursday,n. 星期四,6年级上@r7:[strong / some / <Thursday> / mountain / let],2年级下@r53:[Tuesday / Wednesday / <Thursday> / Friday / Saturday] || 4年级上@r115:[Tuesday / Wednesday / <Thursday> / Friday / teacher],multiple-occurrences,pending,,,
tiger,tiger,n. 老虎;凶暴的人,1年级下@r26:[yogurt / zoo / <tiger> / panda / snake] || 6年级上@r56:[clothes / hobby / <tiger> / twelve / animal],1年级上@r21:[dog / bird / <tiger> / monkey / cat] || 3年级上@r69:[fish / monkey / <tiger> / big / short],multiple-occurrences,pending,,,
time,time,n. 时间;时代;次数;节拍;倍数 adj. 定时的;定期的;分期的 vt. 计时;测定...的时间;安排...的速度,2年级下@r2:[<time> / o'clock / nice],2年级下@r37:[fourteen / fifteen / <time> / playtime / get up],multi-pos-gloss,pending,,,
tired,tired,"v. 疲倦;对...腻烦(tire的过去分词形式) adj. 疲倦的;厌倦的,厌烦的",6年级下@r42:[save / also / <tired> / thirsty / toilet],5年级下@r7:[early / exercise / <tired> / drink / before],multi-pos-gloss,pending,,,
to,to,prep. 到;向;(表示时间、方向)朝...方向 adv. 向前;(门等)关上,2年级上@r19:[class / we / <to> / the / Sunday],2年级上@r37:[hospital / go / <to> / grass / tree],multi-pos-gloss,pending,,,
today,today,n. 今天;现今 adv. 今天;现今,3年级上@r30:[December / date / <today> / thirteenth / football],2年级下@r56:[Friday / Saturday / <today>],multi-pos-gloss,pending,,,
together,together,"adj. 新潮的;情绪稳定的,做事有效率的 adv. 一起;同时;相互;连续地;总共",3年级上@r89:[star / bell / <together> / bright / house],5年级下@r43:[have a picnic / office / <together> / special / send an email] || 6年级下@r26:[talk about / hockey / <together> / special / beaver],multi-pos-gloss|multiple-occurrences,pending,,,
toilet,toilet,"n. 厕所,盥洗室;梳妆,打扮 vt. 给...梳妆打扮 vi. 梳妆,打扮",6年级下@r44:[tired / thirsty / <toilet> / under / friendly],3年级下@r14:[classroom / library / <toilet> / playground / first],multi-pos-gloss,pending,,,
tomorrow,tomorrow,n. 明天;未来 adv. 明天;未来地(等于to-morrow),3年级下@r2:[<tomorrow> / woman / women],3年级下@r34:[read books / really / <tomorrow> / wake up / be back],multi-pos-gloss,pending,,,
tongue,tongue,n. 舌头;语言 vt. 舔;斥责;用舌吹 vi. 说话;吹管乐器,5年级上@r37:[night / as / <tongue> / the U.S.A. / the United States of America],3年级上@r26:[bad / bite / <tongue> / kick / morning],multi-pos-gloss,pending,,,
toy,toy,n. 玩具;小装饰品;不值钱的东西 adj. 作为玩具的;玩物似的 vi. 玩弄;调情;随随便便地对待,2年级上@r52:[thin / dog / <toy> / monkey / these],4年级下@r20:[before / leave / <toy> / hospital / bookshop],multi-pos-gloss,pending,,,
travel,travel,n. 旅行;游历;漫游 vt. 经过;在...旅行 vi. 旅行;行进;步行;交往,5年级下@r35:[else / both / <travel> / son / sister],4年级下@r54:[take photos / summer vacation / <travel> / reading / skateboarding],multi-pos-gloss,pending,,,
tree,tree,n. 树;木料;树状物 vt. 把...赶上树 vi. 爬上树;逃上树,2年级上@r76:[look / at / <tree> / big / new],2年级上@r39:[to / grass / <tree> / flower / boat],multi-pos-gloss,pending,,,
tuesday,Tuesday,n. 星期二,2年级上@r5:[day / it / <Tuesday> / I / Wednesday],2年级下@r51:[Sunday / Monday / <Tuesday> / Wednesday / Thursday] || 4年级上@r113:[sound / Monday / <Tuesday> / Wednesday / Thursday],multiple-occurrences,pending,,,
twelfth,twelfth,"n. 第十二;月的第十二日 adj. 第十二的,第十二个的;十二分之一的|n. 第十二;月的第十二日 adj. 第十二的,第十二个",3年级上@r27:[November / right / <twelfth> / December / date],5年级下@r34:[tenth / 10th / <twelfth> / 12th / twenty-fifth],multi-pos-gloss,pending,,,
twelve,twelve,num. 十二;十二个 n. 十二;十二个 adj. 十二的;十二个的,6年级上@r57:[hobby / tiger / <twelve> / animal / rat],2年级下@r29:[season / eleven / <twelve> / twenty / thirty],multi-pos-gloss,pending,,,
twenty,twenty,num. 二十 n. 二十;二十年代 adj. 二十的,2年级下@r11:[fifty / nine / <twenty> / sleep / good],2年级下@r30:[eleven / twelve / <twenty> / thirty / forty],multi-pos-gloss,pending,,,
two,two,num. 二 n. 两个 adj. 两个的,2年级上@r42:[nineteen / our / <two> / three / after],1年级上@r27:[it / one / <two> / three / four],multi-pos-gloss,pending,,,
under,under,"prep. 低于,少于;在...之下 adj. 下面的;从属的 adv. 在下面;在下方",6年级下@r45:[thirsty / toilet / <under> / friendly / stay],1年级下@r6:[blackboard / on / <under> / in / where],multi-pos-gloss,pending,,,
use,use,"n. 使用;用途;发挥 vt. 利用;耗费 vi. 使用,运用",6年级下@r4:[a few / ground / <use> / cup / worried],4年级上@r69:[glue stick / paper / <use> / please / find],multi-pos-gloss,pending,,,
vacation,vacation,"n. 假期;(房屋)搬出 vi. 休假,度假",6年级下@r19:[street / garden / <vacation> / shoulder / flower],6年级上@r8:[the Summer Palace / the Terracotta Army / <vacation> / taste / map],multi-pos-gloss,pending,,,
vegetable,vegetable,n. 蔬菜;植物;植物人 adj. 蔬菜的;植物的,2年级下@r31:[dear / orange / <vegetable> / evening / room],1年级下@r27:[rice / noodles / <vegetable> / fish / chicken],multi-pos-gloss,pending,,,
want,want,n. 需要;缺乏;贫困;必需品 vt. 需要;希望;应该;缺少 vi. 需要;缺少,2年级下@r43:[table / bathroom / <want> / call / mum],1年级下@r32:[egg / hungry / <want> / and / juice],multi-pos-gloss,pending,,,
warm,warm,n. 取暖;加热 adj. 温暖的;热情的 vt. 使...兴奋;使...温暖;使...感兴趣 vi. 同情;激动;变温暖,3年级上@r57:[like / sunny / <warm> / hot / cool],2年级下@r23:[winter / hot / <warm> / cool / cold],multi-pos-gloss,pending,,,
water,water,"n. 水;海水;雨水;海域,大片的水 vt. 使湿;供以水;给...浇水 vi. 加水;流泪;流口水",3年级下@r49:[dance / pencil case / <water> / bottle / look],1年级下@r37:[tea / milk / <water> / thirsty / thanks],multi-pos-gloss,pending,,,
weather,weather,n. 天气;气象;气候;处境 vt. 经受住;使风化;侵蚀;使受风吹雨打 adj. 露天的;迎风的 vi. 风化;受侵蚀;经受风雨,3年级上@r54:[How old ...? / July / <weather> / like / sunny],2年级下@r15:[sunny / umbrella / <weather> / wow / let's],multi-pos-gloss,pending,,,
wednesday,Wednesday,n. 星期三,2年级上@r7:[Tuesday / I / <Wednesday> / go / on],2年级下@r52:[Monday / Tuesday / <Wednesday> / Thursday / Friday] || 4年级上@r114:[Monday / Tuesday / <Wednesday> / Thursday / Friday],multiple-occurrences,pending,,,
welcome,welcome,n. 欢迎 vt. 欢迎 adj. 受欢迎的 int. 欢迎,6年级下@r70:[behind / stand / <welcome> / between],3年级下@r54:[ok / much / <welcome> / grandfather / grandmother],multi-pos-gloss,pending,,,
west,west,n. 西;西方;西部 adj. 西方的;朝西的 adv. 在西方;向西方;自西方,6年级上@r28:[angry / hill / <west> / around / many],6年级上@r14:[south / east / <west> / famous / temple],multi-pos-gloss,pending,,,
what,what,"pron. 什么;多么;多少 adv. 到什么程度,在哪一方面 adj. 什么;多么;何等 int. 什么;多么",2年级上@r2:[<what> / day / it],1年级上@r24:[monkey / cat / <what> / it / one],multi-pos-gloss,pending,,,
when,when,"conj. 考虑到;既然;当...时;在...时;如果 n. 时间,时候;日期;场合 adv. 什么时候,何时;(用于时间的表达方式之后)在那时;其时;当时 pron. 那时;什么时侯",2年级下@r5:[o'clock / nice / <when> / thirty / home],2年级下@r46:[eat dinner / go to bed / <when> / every day / at],multi-pos-gloss,pending,,,
where,where,conj. 在...的地方 n. 地点 adv. 在哪里 pron. 哪里,2年级下@r47:[mum / phone / <where> / shirt / find],1年级下@r8:[under / in / <where> / the / light],multi-pos-gloss,pending,,,
why,why,int. 哎呀!什么? adv. 为什么,4年级上@r4:[again / glad / <why> / book / sad],5年级上@r38:[farm / fast / <why> / lovely / butterfly],multi-pos-gloss,pending,,,
winter,winter,n. 冬季;年岁;萧条期 adj. 冬天的;越冬的 vi. 过冬,5年级上@r59:[team / ski / <winter> / fast / panda],2年级下@r21:[summer / autumn / <winter> / hot / warm],multi-pos-gloss,pending,,,
yellow,yellow,n. 黄色;黄种人;黄色颜料 adj. 黄色的;黄皮肤的 vt. 使变黄或发黄 vi. 变黄或发黄,3年级下@r15:[out / flag / <yellow> / watch / from],1年级上@r41:[there / black / <yellow> / blue / red],multi-pos-gloss,pending,,,
yes,yes,"n. 是(表示肯定) adv. 是, 是的",2年级上@r46:[after / elephant / <yes> / four / baby],1年级上@r53:[you / like / <yes> / no],multi-pos-gloss,pending,,,
young,young,"n. 年轻人;(动物的)崽,仔 adj. 年轻的;初期的;没有经验的",6年级上@r13:[please / problem / <young> / neck / but],5年级上@r24:[straight / nice / <young> / teach / guess],multi-pos-gloss,pending,,,
your,your,"pron. 你的,你们的",2年级上@r36:[how many / pig / <your> / sixteen / my],1年级下@r46:[socks / shorts / <your>] || 3年级上@r3:[my / <your> / name / new],multiple-occurrences,pending,,,
zoo,zoo,n. 动物园; <美俚>(铁路货车的最后一节)守车; <美俚>核粒子园,1年级下@r25:[grapes / yogurt / <zoo> / tiger / panda] || 2年级上@r22:[the / Sunday / <zoo> / Saturday / film],2年级上@r31:[does / bookshop / <zoo> / school / supermarket],multiple-occurrences,pending,,,
