NoteID,LearnerProfile,LearnerLevel,ExampleSentence,ExampleTranslation,PresentationStatus,PresentationSource
KV000001,klose,4,I read a book before bed.,我睡前读一本书。,grade4-reviewed,klose:grade4_overrides
KV000002,klose,4,I use a ruler to draw a line.,我用尺子画一条线。,grade4-reviewed,klose:grade4_overrides
KV000003,klose,4,I write my name with a pencil.,我用铅笔写自己的名字。,grade4-reviewed,klose:grade4_overrides
KV000004,klose,4,My books are in my schoolbag.,我的书在书包里。,grade4-reviewed,klose:grade4_overrides
KV000005,klose,4,Our teacher reads stories to us.,我们的老师给我们读故事。,grade4-reviewed,klose:grade4_overrides
KV000006,klose,4,I usually walk to school with Dad.,我通常和爸爸一起走路上学。,grade4-reviewed,klose:grade4_overrides
KV000007,klose,4,We have English class on Monday.,我们星期一有英语课。,grade4-reviewed,klose:grade4_overrides
KV000008,klose,4,I saw a bird in the tree.,我看到树上有一只鸟。,grade4-reviewed,klose:grade4_overrides
KV000009,klose,4,She has an orange in her bag.,她的包里有一个橙子。,grade4-reviewed,klose:grade4_overrides
KV000010,klose,4,Wash your face before breakfast.,早饭前洗脸。,grade4-reviewed,klose:grade4_overrides
KV000011,klose,4,My left ear hurts today.,我今天左耳疼。,grade4-reviewed,klose:grade4_overrides
KV000012,klose,4,Close your eyes for a minute.,闭上眼睛一分钟。,grade4-reviewed,klose:grade4_overrides
KV000013,klose,4,My nose feels cold in winter.,冬天我的鼻子感觉很冷。,grade4-reviewed,klose:grade4_overrides
KV000014,klose,4,Please open your mouth and say Ah.,请张开嘴说“啊”。,grade4-reviewed,klose:grade4_overrides
KV000015,klose,4,This book is more interesting than that one.,这本书比那本更有趣。,grade4-reviewed,klose:grade4_overrides
KV000016,klose,4,My classroom is on the second floor.,我的教室在二楼。,grade4-reviewed,klose:grade4_overrides
KV000017,klose,4,My sister and I walk to school together.,我和妹妹一起走路上学。,grade4-reviewed,klose:grade4_overrides
KV000018,klose,4,The dog is playing with a ball outside.,那只狗正在外面玩球。,grade4-reviewed,klose:grade4_overrides
KV000019,klose,4,A small bird is sitting in the tree.,一只小鸟正停在树上。,grade4-reviewed,klose:grade4_overrides
KV000020,klose,4,We saw a tiger at the zoo last Sunday.,上星期日我们在动物园看见了一只老虎。,grade4-reviewed,klose:grade4_overrides
KV000021,klose,4,The monkey climbed up the tree quickly.,那只猴子很快爬上了树。,grade4-reviewed,klose:grade4_overrides
KV000022,klose,4,My cat sleeps under the chair every afternoon.,我的猫每天下午都睡在椅子下面。,grade4-reviewed,klose:grade4_overrides
KV000023,klose,4,What is this?,这是什么？,migrated-curated,rj_start1:curation
KV000024,klose,4,"I found a pencil, and it is yours.",我找到一支铅笔，它是你的。,grade4-reviewed,klose:grade4_overrides
KV000025,klose,4,There is one apple left on the plate.,盘子里还剩一个苹果。,grade4-reviewed,klose:grade4_overrides
KV000026,klose,4,We have two English classes today.,我们今天有两节英语课。,grade4-reviewed,klose:grade4_overrides
KV000027,klose,4,Three students are reading in the library.,三个学生正在图书馆读书。,grade4-reviewed,klose:grade4_overrides
KV000028,klose,4,Our classroom has four big windows.,我们的教室有四扇大窗户。,grade4-reviewed,klose:grade4_overrides
KV000029,klose,4,The bus leaves at five o'clock.,公交车五点出发。,grade4-reviewed,klose:grade4_overrides
KV000030,klose,4,I get up at six on school days.,上学日我六点起床。,grade4-reviewed,klose:grade4_overrides
KV000031,klose,4,There are seven days in a week.,一周有七天。,grade4-reviewed,klose:grade4_overrides
KV000032,klose,4,Our first class starts at eight.,我们的第一节课八点开始。,grade4-reviewed,klose:grade4_overrides
KV000033,klose,4,I go to bed before nine.,我九点前上床睡觉。,grade4-reviewed,klose:grade4_overrides
KV000034,klose,4,Ten students joined the school club.,十名学生参加了学校社团。,grade4-reviewed,klose:grade4_overrides
KV000035,klose,4,How many books?,有多少本书？,migrated-curated,rj_start1:curation
KV000036,klose,4,How many apples?,有多少个苹果？,migrated-curated,rj_start1:curation
KV000037,klose,4,There are two books.,有两本书。,migrated-curated,rj_start1:curation
KV000038,klose,4,There are three cats.,有三只猫。,migrated-curated,rj_start1:curation
KV000039,klose,4,The cat is black.,这只猫是黑色的。,migrated-curated,rj_start1:curation
KV000040,klose,4,The banana is yellow.,香蕉是黄色的。,migrated-curated,rj_start1:curation
KV000041,klose,4,The schoolbag is blue.,书包是蓝色的。,migrated-curated,rj_start1:curation
KV000042,klose,4,The apple is red.,苹果是红色的。,migrated-curated,rj_start1:curation
KV000043,klose,4,The book is green.,这本书是绿色的。,migrated-curated,rj_start1:curation
KV000044,klose,4,What colour is it?,它是什么颜色？,migrated-curated,rj_start1:curation
KV000045,klose,4,I usually eat an apple after lunch.,我通常午饭后吃一个苹果。,grade4-reviewed,klose:grade4_overrides
KV000046,klose,4,Dad bought some pears at the market.,爸爸在市场买了一些梨。,grade4-reviewed,klose:grade4_overrides
KV000047,klose,4,I put a banana in my lunch box.,我在午餐盒里放了一根香蕉。,grade4-reviewed,klose:grade4_overrides
KV000048,klose,4,We shared an orange after PE class.,体育课后我们分吃了一个橙子。,grade4-reviewed,klose:grade4_overrides
KV000049,klose,4,Do you like apples?,你喜欢苹果吗？,migrated-curated,rj_start1:curation
KV000050,klose,4,Do you like cats?,你喜欢猫吗？,migrated-curated,rj_start1:curation
KV000051,klose,4,I like reading books on rainy days.,我喜欢在下雨天读书。,grade4-reviewed,klose:grade4_overrides
KV000052,klose,4,Yes I do.,是的，我喜欢。,migrated-curated,rj_start1:curation
KV000053,klose,4,No I don't.,不，我不喜欢。,migrated-curated,rj_start1:curation
KV000054,klose,4,The book is on the chair.,书在椅子上。,migrated-curated,rj_start1:curation
KV000055,klose,4,The pencil is on the desk.,铅笔在桌子上。,migrated-curated,rj_start1:curation
KV000056,klose,4,The blackboard is black.,黑板是黑色的。,migrated-curated,rj_start1:curation
KV000057,klose,4,The book is on the desk.,书在桌子上。,migrated-curated,rj_start1:curation
KV000058,klose,4,The cat is under the desk.,猫在桌子下面。,migrated-curated,rj_start1:curation
KV000059,klose,4,The pencil is in the box.,铅笔在盒子里。,migrated-curated,rj_start1:curation
KV000060,klose,4,Where is my book?,我的书在哪里？,migrated-curated,rj_start1:curation
KV000061,klose,4,The book is on the desk.,这本书在桌子上。,migrated-curated,rj_start1:curation
KV000062,klose,4,The light is on.,灯亮着。,migrated-curated,rj_start1:curation
KV000063,klose,4,The cat is on the bed.,猫在床上。,migrated-curated,rj_start1:curation
KV000064,klose,4,The door is near the bed.,门在床附近。,migrated-curated,rj_start1:curation
KV000065,klose,4,The pencil is in the box.,铅笔在盒子里。,migrated-curated,rj_start1:curation
KV000066,klose,4,The chair is near the desk.,椅子在桌子附近。,migrated-curated,rj_start1:curation
KV000067,klose,4,The ball is behind the box.,球在盒子后面。,migrated-curated,rj_start1:curation
KV000068,klose,4,We went to Beijing by plane last summer.,去年夏天我们坐飞机去了北京。,grade4-reviewed,klose:grade4_overrides
KV000069,klose,4,The children are playing with a ball outside.,孩子们正在外面玩球。,grade4-reviewed,klose:grade4_overrides
KV000070,klose,4,My little sister keeps her doll on the bed.,我的妹妹把她的玩偶放在床上。,grade4-reviewed,klose:grade4_overrides
KV000071,klose,4,We took a train to visit my grandparents.,我们坐火车去看望祖父母。,grade4-reviewed,klose:grade4_overrides
KV000072,klose,4,Dad drives us to the park by car.,爸爸开车带我们去公园。,grade4-reviewed,klose:grade4_overrides
KV000073,klose,4,We saw a brown bear in the picture book.,我们在图画书里看到一只棕熊。,grade4-reviewed,klose:grade4_overrides
KV000074,klose,4,I can finish my homework by myself.,我能自己完成作业。,grade4-reviewed,klose:grade4_overrides
KV000075,klose,4,Sure you can.,当然可以。,migrated-curated,rj_start1:curation
KV000076,klose,4,I am sorry.,我很抱歉。,migrated-curated,rj_start1:curation
KV000077,klose,4,We usually eat rice with vegetables.,我们通常把米饭和蔬菜一起吃。,grade4-reviewed,klose:grade4_overrides
KV000078,klose,4,I had noodles for dinner yesterday.,我昨天晚饭吃了面条。,grade4-reviewed,klose:grade4_overrides
KV000079,klose,4,Eating more vegetables is good for us.,多吃蔬菜对我们有好处。,grade4-reviewed,klose:grade4_overrides
KV000080,klose,4,We had fish and rice for lunch.,我们午饭吃了鱼和米饭。,grade4-reviewed,klose:grade4_overrides
KV000081,klose,4,My mother cooked chicken for dinner.,妈妈晚饭做了鸡肉。,grade4-reviewed,klose:grade4_overrides
KV000082,klose,4,I had an egg and some milk for breakfast.,我早饭吃了一个鸡蛋，还喝了些牛奶。,grade4-reviewed,klose:grade4_overrides
KV000083,klose,4,I am hungry.,我饿了。,migrated-curated,rj_start1:curation
KV000084,klose,4,I want some rice.,我想要一些米饭。,migrated-curated,rj_start1:curation
KV000085,klose,4,I packed a book and a pencil in my bag.,我把一本书和一支铅笔装进包里。,grade4-reviewed,klose:grade4_overrides
KV000086,klose,4,I want some juice.,我想喝一些果汁。,migrated-curated,rj_start1:curation
KV000087,klose,4,I want some tea.,我想喝一些茶。,migrated-curated,rj_start1:curation
KV000088,klose,4,I drink a glass of milk every morning.,我每天早晨喝一杯牛奶。,grade4-reviewed,klose:grade4_overrides
KV000089,klose,4,I want some water.,我想喝一些水。,migrated-curated,rj_start1:curation
KV000090,klose,4,I am thirsty.,我渴了。,migrated-curated,rj_start1:curation
KV000091,klose,4,Thanks for the water.,谢谢你的水。,migrated-curated,rj_start1:curation
KV000092,klose,4,I wore a blue shirt to school today.,我今天穿了一件蓝色衬衫去学校。,grade4-reviewed,klose:grade4_overrides
KV000093,klose,4,This T-shirt is too small for me now.,这件T恤现在对我来说太小了。,grade4-reviewed,klose:grade4_overrides
KV000094,klose,4,She wore a red skirt to the party.,她穿着一条红裙子去参加聚会。,grade4-reviewed,klose:grade4_overrides
KV000095,klose,4,My sister chose a yellow dress for the show.,我妹妹为演出选了一条黄色连衣裙。,grade4-reviewed,klose:grade4_overrides
KV000096,klose,4,These are my socks.,这是我的袜子。,migrated-curated,rj_start1:curation
KV000097,klose,4,These are my shorts.,这是我的短裤。,migrated-curated,rj_start1:curation
KV000098,klose,4,Is this your book?,这是你的书吗？,migrated-curated,rj_start1:curation
KV000099,klose,4,My father is tall.,我爸爸很高。,migrated-curated,rj_start1:curation
KV000100,klose,4,My mother is pretty.,我妈妈很漂亮。,migrated-curated,rj_start1:curation
KV000101,klose,4,He is my brother.,他是我的兄弟。,migrated-curated,rj_start1:curation
KV000102,klose,4,She is my sister.,她是我的姐妹。,migrated-curated,rj_start1:curation
KV000103,klose,4,She is my grandmother.,她是我的奶奶或外婆。,migrated-curated,rj_start1:curation
KV000104,klose,4,He is my grandfather.,他是我的爷爷或外公。,migrated-curated,rj_start1:curation
KV000105,klose,4,Who is he?,他是谁？,migrated-curated,rj_start1:curation
KV000106,klose,4,He is my father.,他是我的爸爸。,migrated-curated,rj_start1:curation
KV000107,klose,4,She is my mother.,她是我的妈妈。,migrated-curated,rj_start1:curation
KV000108,klose,4,He is my classmate.,他是我的同班同学。,migrated-curated,rj_start1:curation
KV000109,klose,4,She is my friend.,她是我的朋友。,migrated-curated,rj_start1:curation
KV000110,klose,4,The woman is my teacher.,那个女人是我的老师。,migrated-curated,rj_start1:curation
KV000111,klose,4,The girl is my friend.,那个女孩是我的朋友。,migrated-curated,rj_start1:curation
KV000112,klose,4,The man is my father.,那个男人是我的爸爸。,migrated-curated,rj_start1:curation
KV000113,klose,4,The boy is my friend.,那个男孩是我的朋友。,migrated-curated,rj_start1:curation
KV000114,klose,4,Look at the girl.,看那个女孩。,migrated-curated,rj_start1:curation
KV000115,klose,4,His name is Tom.,他的名字叫汤姆。,migrated-curated,rj_start1:curation
KV000116,klose,4,My name is Tom.,我的名字叫汤姆。,migrated-curated,rj_start1:curation
KV000117,klose,4,Her name is Amy.,她的名字叫艾米。,migrated-curated,rj_start1:curation
KV000118,klose,4,Is he tall or short?,他是高还是矮？,migrated-curated,rj_start1:curation
KV000119,klose,4,The school is big.,这所学校很大。,migrated-curated,rj_start1:curation
KV000120,klose,4,My father is tall.,我爸爸很高。,migrated-curated,rj_start1:curation
KV000121,klose,4,The girl is pretty.,这个女孩很漂亮。,migrated-curated,rj_start1:curation
KV000122,klose,4,The boy is thin.,这个男孩很瘦。,migrated-curated,rj_start1:curation
KV000123,klose,4,The boy is short.,这个男孩个子矮。,migrated-curated,rj_start1:curation
KV000124,klose,4,The man is handsome.,这个男人很英俊。,migrated-curated,rj_start1:curation
KV000125,klose,4,I got a new schoolbag for the new term.,新学期我有了一个新书包。,grade4-reviewed,klose:grade4_overrides
KV000126,klose,4,Does he like cats?,他喜欢猫吗？,migrated-curated,rj_start1:curation
KV000127,klose,4,Let's go to the bookshop.,我们去书店吧。,migrated-curated,rj_start1:curation
KV000128,klose,4,Let's go to the zoo.,我们去动物园吧。,migrated-curated,rj_start1:curation
KV000129,klose,4,I go to school.,我去上学。,migrated-curated,rj_start1:curation
KV000130,klose,4,Let's go to the supermarket.,我们去超市吧。,migrated-curated,rj_start1:curation
KV000131,klose,4,Let's go to the park.,我们去公园吧。,migrated-curated,rj_start1:curation
KV000132,klose,4,The hospital is big.,这家医院很大。,migrated-curated,rj_start1:curation
KV000133,klose,4,Let's go to the park.,我们去公园吧。,migrated-curated,rj_start1:curation
KV000134,klose,4,Let's go to school.,我们去学校吧。,migrated-curated,rj_start1:curation
KV000135,klose,4,The grass is green.,草是绿色的。,migrated-curated,rj_start1:curation
KV000136,klose,4,The tree is green.,这棵树是绿色的。,migrated-curated,rj_start1:curation
KV000137,klose,4,The flower is red.,这朵花是红色的。,migrated-curated,rj_start1:curation
KV000138,klose,4,The boat is on the lake.,小船在湖上。,migrated-curated,rj_start1:curation
KV000139,klose,4,The boat is on the lake.,小船在湖上。,migrated-curated,rj_start1:curation
KV000140,klose,4,The hill is green.,小山是绿色的。,migrated-curated,rj_start1:curation
KV000141,klose,4,Merry Christmas!,圣诞快乐！,migrated-curated,rj_start1:curation
KV000142,klose,4,Father Christmas has presents.,圣诞老人有礼物。,migrated-curated,rj_start1:curation
KV000143,klose,4,The Christmas tree is green.,圣诞树是绿色的。,migrated-curated,rj_start1:curation
KV000144,klose,4,This card is for you.,这张卡片送给你。,migrated-curated,rj_start1:curation
KV000145,klose,4,This present is for you.,这个礼物送给你。,migrated-curated,rj_start1:curation
KV000146,klose,4,Happy New Year!,新年快乐！,migrated-curated,rj_start1:curation
KV000147,klose,4,Merry Christmas!,圣诞快乐！,migrated-curated,rj_start1:curation
KV000148,klose,4,This box is too heavy for me to carry.,这个箱子太重了，我搬不动。,grade4-reviewed,klose:grade4_overrides
KV000149,klose,4,Your present is here.,你的礼物在这里。,migrated-curated,rj_start1:curation
KV000150,klose,4,This card is for you.,这张卡片送给你。,migrated-curated,rj_start1:curation
KV000151,klose,4,Thank you.,谢谢你。,migrated-curated,rj_start1:curation
KV000152,klose,4,Happy New Year!,新年快乐！,migrated-curated,rj_start1:curation
KV000153,klose,4,I play football after school.,我放学后踢足球。,migrated-curated,rj_start1:curation
KV000154,klose,4,I fly a kite in spring.,我春天放风筝。,migrated-curated,rj_start1:curation
KV000155,klose,4,I often ride a bike in the park after school.,我放学后经常在公园骑自行车。,grade4-reviewed,klose:grade4_overrides
KV000156,klose,4,I can make a model plane.,我会做飞机模型。,migrated-curated,rj_start1:curation
KV000157,klose,4,We swim at the sports centre on Saturdays.,我们星期六在体育中心游泳。,grade4-reviewed,klose:grade4_overrides
KV000158,klose,4,Let's make a snowman.,我们来堆雪人吧。,migrated-curated,rj_start1:curation
KV000159,klose,4,I can't swim.,我不会游泳。,migrated-curated,rj_start1:curation
KV000160,klose,4,We stay inside and read on rainy days.,下雨天我们待在室内读书。,grade4-reviewed,klose:grade4_overrides
KV000161,klose,4,"The sky is cloudy, but it is not cold.",天空多云，但并不冷。,grade4-reviewed,klose:grade4_overrides
KV000162,klose,4,We made a snowman on a snowy morning.,一个下雪的早晨我们堆了雪人。,grade4-reviewed,klose:grade4_overrides
KV000163,klose,4,"It is windy, so hold your hat.",风很大，所以扶好你的帽子。,grade4-reviewed,klose:grade4_overrides
KV000164,klose,4,We went for a picnic on a sunny day.,一个晴天我们去野餐了。,grade4-reviewed,klose:grade4_overrides
KV000165,klose,4,Take an umbrella because it may rain.,带把雨伞吧，因为可能会下雨。,grade4-reviewed,klose:grade4_overrides
KV000166,klose,4,How is the weather?,天气怎么样？,migrated-curated,rj_start1:curation
KV000167,klose,4,Wow it is big!,哇，它真大！,migrated-curated,rj_start1:curation
KV000168,klose,4,Let's go to the park.,我们去公园吧。,migrated-curated,rj_start1:curation
KV000169,klose,4,We often fly kites in spring.,春天我们经常放风筝。,grade4-reviewed,klose:grade4_overrides
KV000170,klose,4,I like swimming with my friends in summer.,夏天我喜欢和朋友们一起游泳。,grade4-reviewed,klose:grade4_overrides
KV000171,klose,4,The leaves turn yellow in autumn.,秋天树叶变黄。,grade4-reviewed,klose:grade4_overrides
KV000172,klose,4,We sometimes make snowmen in winter.,冬天我们有时会堆雪人。,grade4-reviewed,klose:grade4_overrides
KV000173,klose,4,It is too hot to play outside at noon.,中午太热，不适合在外面玩。,grade4-reviewed,klose:grade4_overrides
KV000174,klose,4,The weather gets warm in spring.,春天天气变暖。,grade4-reviewed,klose:grade4_overrides
KV000175,klose,4,It is cool enough to walk outside this evening.,今晚天气很凉爽，适合出去走走。,grade4-reviewed,klose:grade4_overrides
KV000176,klose,4,Put on your coat because it is cold outside.,外面很冷，把外套穿上。,grade4-reviewed,klose:grade4_overrides
KV000177,klose,4,Spring is my favourite season.,春天是我最喜欢的季节。,migrated-curated,rj_start1:curation
KV000178,klose,4,What is your favourite season?,你最喜欢哪个季节？,migrated-curated,rj_start1:curation
KV000179,klose,4,There are eleven players on a football team.,一支足球队有十一名队员。,grade4-reviewed,klose:grade4_overrides
KV000180,klose,4,There are twelve months in a year.,一年有十二个月。,grade4-reviewed,klose:grade4_overrides
KV000181,klose,4,Our class has twenty students today.,我们班今天有二十名学生。,grade4-reviewed,klose:grade4_overrides
KV000182,klose,4,There are thirty books.,有三十本书。,migrated-curated,rj_start1:curation
KV000183,klose,4,There are forty pencils.,有四十支铅笔。,migrated-curated,rj_start1:curation
KV000184,klose,4,There are fifty books.,有五十本书。,migrated-curated,rj_start1:curation
KV000185,klose,4,My cousin is thirteen years old.,我的表哥十三岁。,grade4-reviewed,klose:grade4_overrides
KV000186,klose,4,The book has fourteen short stories.,这本书有十四个短故事。,grade4-reviewed,klose:grade4_overrides
KV000187,klose,4,We waited fifteen minutes for the bus.,我们等公交车等了十五分钟。,grade4-reviewed,klose:grade4_overrides
KV000188,klose,4,What time is it?,几点了？,migrated-curated,rj_start1:curation
KV000189,klose,4,We usually talk with friends during playtime.,游戏时间我们通常和朋友聊天。,grade4-reviewed,klose:grade4_overrides
KV000190,klose,4,I get up at seven.,我七点起床。,migrated-curated,rj_start1:curation
KV000191,klose,4,I eat breakfast at seven.,我七点吃早饭。,migrated-curated,rj_start1:curation
KV000192,klose,4,I go to school at eight.,我八点去上学。,migrated-curated,rj_start1:curation
KV000193,klose,4,I eat lunch at twelve.,我十二点吃午饭。,migrated-curated,rj_start1:curation
KV000194,klose,4,I go home at five.,我五点回家。,migrated-curated,rj_start1:curation
KV000195,klose,4,I eat dinner at six.,我六点吃晚饭。,migrated-curated,rj_start1:curation
KV000196,klose,4,I go to bed at nine.,我九点上床睡觉。,migrated-curated,rj_start1:curation
KV000197,klose,4,When do you get up?,你什么时候起床？,migrated-curated,rj_start1:curation
KV000198,klose,4,I go to school every day.,我每天去上学。,migrated-curated,rj_start1:curation
KV000199,klose,4,I get up at seven.,我七点起床。,migrated-curated,rj_start1:curation
KV000200,klose,4,We visit my grandparents on Sunday.,我们星期日去看望祖父母。,grade4-reviewed,klose:grade4_overrides
KV000201,klose,4,We have English and music on Monday.,我们星期一有英语课和音乐课。,grade4-reviewed,klose:grade4_overrides
KV000202,klose,4,I go to the drawing club on Tuesday.,我星期二去绘画社团。,grade4-reviewed,klose:grade4_overrides
KV000203,klose,4,We play basketball after school on Wednesday.,我们星期三放学后打篮球。,grade4-reviewed,klose:grade4_overrides
KV000204,klose,4,I read in the library on Thursday afternoon.,我星期四下午在图书馆读书。,grade4-reviewed,klose:grade4_overrides
KV000205,klose,4,We finish school early on Friday.,我们星期五放学比较早。,grade4-reviewed,klose:grade4_overrides
KV000206,klose,4,My family goes to the park on Saturday.,我们一家星期六去公园。,grade4-reviewed,klose:grade4_overrides
KV000207,klose,4,I have a lot of homework to finish today.,我今天有很多作业要完成。,grade4-reviewed,klose:grade4_overrides
KV000208,klose,4,I am nine years old.,我九岁。,migrated-curated,rj_start1:curation
KV000209,klose,4,How old are you?,你几岁？,migrated-curated,rj_start1:curation
KV000210,klose,4,How old is your sister?,你妹妹几岁？,migrated-curated,rj_start1:curation
KV000211,klose,4,I am in Class One.,我在一班。,migrated-curated,rj_start1:curation
KV000212,klose,4,I am in Grade Three.,我上三年级。,migrated-curated,rj_start1:curation
KV000213,klose,4,What is your age?,你多大年龄？,migrated-curated,rj_start1:curation
KV000214,klose,4,Dear Amy thank you.,亲爱的艾米，谢谢你。,migrated-curated,rj_start1:curation
KV000215,klose,4,My body is strong.,我的身体很强壮。,migrated-curated,rj_start1:curation
KV000216,klose,4,My head hurts.,我的头疼。,migrated-curated,rj_start1:curation
KV000217,klose,4,Her hair is long.,她的头发很长。,migrated-curated,rj_start1:curation
KV000218,klose,4,My arm hurts.,我的手臂疼。,migrated-curated,rj_start1:curation
KV000219,klose,4,Raise your hand if you know the answer.,如果你知道答案，就举手。,grade4-reviewed,klose:grade4_overrides
KV000220,klose,4,My leg hurts.,我的腿疼。,migrated-curated,rj_start1:curation
KV000221,klose,4,My foot hurts.,我的脚疼。,migrated-curated,rj_start1:curation
KV000222,klose,4,My feet are cold.,我的脚很冷。,migrated-curated,rj_start1:curation
KV000223,klose,4,What's the matter?,怎么了？,migrated-curated,rj_start1:curation
KV000224,klose,4,My leg hurts.,我的腿疼。,migrated-curated,rj_start1:curation
KV000225,klose,4,Can I help you?,我能帮你吗？,migrated-curated,rj_start1:curation
KV000226,klose,4,Too much candy is bad for your teeth.,吃太多糖果对牙齿不好。,grade4-reviewed,klose:grade4_overrides
KV000227,klose,4,The dog can bite.,狗会咬人。,migrated-curated,rj_start1:curation
KV000228,klose,4,My tongue hurts.,我的舌头疼。,migrated-curated,rj_start1:curation
KV000229,klose,4,Don't kick the ball here.,不要在这里踢球。,migrated-curated,rj_start1:curation
KV000230,klose,4,I usually read English for ten minutes every morning.,我通常每天早晨读十分钟英语。,grade4-reviewed,klose:grade4_overrides
KV000231,klose,4,We have PE class on Friday afternoon.,我们星期五下午有体育课。,grade4-reviewed,klose:grade4_overrides
KV000232,klose,4,Please write a short summary after reading the story.,读完故事后请写一个简短的总结。,grade4-reviewed,klose:grade4_overrides
KV000233,klose,4,I want some bread.,我想要一些面包。,migrated-curated,rj_start1:curation
KV000234,klose,4,We shared a chocolate cake at the birthday party.,我们在生日聚会上分享了一个巧克力蛋糕。,grade4-reviewed,klose:grade4_overrides
KV000235,klose,4,I eat some fruit after dinner every day.,我每天晚饭后吃一些水果。,grade4-reviewed,klose:grade4_overrides
KV000236,klose,4,We bought ice-cream after playing in the park.,我们在公园玩过之后买了冰淇淋。,grade4-reviewed,klose:grade4_overrides
KV000237,klose,4,I want some potatoes.,我想要一些土豆。,migrated-curated,rj_start1:curation
KV000238,klose,4,Mum added a tomato to my sandwich.,妈妈在我的三明治里加了一个西红柿。,grade4-reviewed,klose:grade4_overrides
KV000239,klose,4,I want some meat.,我想要一些肉。,migrated-curated,rj_start1:curation
KV000240,klose,4,I wrote milk and eggs on the shopping list.,我把牛奶和鸡蛋写在了购物清单上。,grade4-reviewed,klose:grade4_overrides
KV000241,klose,4,I don't like cola.,我不喜欢可乐。,migrated-curated,rj_start1:curation
KV000242,klose,4,I want to buy fruit.,我想买水果。,migrated-curated,rj_start1:curation
KV000243,klose,4,We need to eat vegetables every day.,我们每天都需要吃蔬菜。,grade4-reviewed,klose:grade4_overrides
KV000244,klose,4,The duck is in the water.,鸭子在水里。,migrated-curated,rj_start1:curation
KV000245,klose,4,The rabbit has long ears.,兔子有长耳朵。,migrated-curated,rj_start1:curation
KV000246,klose,4,My cat is my pet.,我的猫是我的宠物。,migrated-curated,rj_start1:curation
KV000247,klose,4,The snake is long.,这条蛇很长。,migrated-curated,rj_start1:curation
KV000248,klose,4,The turtle is small.,这只乌龟很小。,migrated-curated,rj_start1:curation
KV000249,klose,4,The turtle is small.,这只乌龟很小。,migrated-curated,rj_start1:curation
KV000250,klose,4,The snake is long.,这条蛇很长。,migrated-curated,rj_start1:curation
KV000251,klose,4,I am looking for my cat.,我在找我的猫。,migrated-curated,rj_start1:curation
KV000252,klose,4,The dog has a long tail.,狗有一条长尾巴。,migrated-curated,rj_start1:curation
KV000253,klose,4,My sister likes to dance when she hears music.,我妹妹听到音乐时喜欢跳舞。,grade4-reviewed,klose:grade4_overrides
KV000254,klose,4,Wear your cap.,戴上你的帽子。,migrated-curated,rj_start1:curation
KV000255,klose,4,Wear your coat.,穿上你的外套。,migrated-curated,rj_start1:curation
KV000256,klose,4,These are my shoes.,这是我的鞋。,migrated-curated,rj_start1:curation
KV000257,klose,4,Wear your sweater.,穿上你的毛衣。,migrated-curated,rj_start1:curation
KV000258,klose,4,Take your jacket because it is cold outside.,外面很冷，把你的夹克穿上。,grade4-reviewed,klose:grade4_overrides
KV000259,klose,4,Wear your gloves.,戴上你的手套。,migrated-curated,rj_start1:curation
KV000260,klose,4,These are my trousers.,这是我的裤子。,migrated-curated,rj_start1:curation
KV000261,klose,4,You should wear a coat.,你应该穿外套。,migrated-curated,rj_start1:curation
KV000262,klose,4,I wear a coat in winter.,我冬天穿外套。,migrated-curated,rj_start1:curation
KV000263,klose,4,I go swimming every week.,我每周去游泳。,migrated-curated,rj_start1:curation
KV000264,klose,4,My birthday is soon.,我的生日快到了。,migrated-curated,rj_start1:curation
KV000265,klose,4,I look forward to my birthday.,我期待我的生日。,migrated-curated,rj_start1:curation
KV000266,klose,4,My birthday is in January.,我的生日在一月。,migrated-curated,rj_start1:curation
KV000267,klose,4,My birthday is in February.,我的生日在二月。,migrated-curated,rj_start1:curation
KV000268,klose,4,March is in spring.,三月在春季。,migrated-curated,rj_start1:curation
KV000269,klose,4,April is in spring.,四月在春季。,migrated-curated,rj_start1:curation
KV000270,klose,4,My birthday is in May.,我的生日在五月。,migrated-curated,rj_start1:curation
KV000271,klose,4,June is in summer.,六月在夏季。,migrated-curated,rj_start1:curation
KV000272,klose,4,July is in summer.,七月在夏季。,migrated-curated,rj_start1:curation
KV000273,klose,4,August is in summer.,八月在夏季。,migrated-curated,rj_start1:curation
KV000274,klose,4,September is in autumn.,九月在秋季。,migrated-curated,rj_start1:curation
KV000275,klose,4,October is in autumn.,十月在秋季。,migrated-curated,rj_start1:curation
KV000276,klose,4,November is in autumn.,十一月在秋季。,migrated-curated,rj_start1:curation
KV000277,klose,4,Christmas is in December.,圣诞节在十二月。,migrated-curated,rj_start1:curation
KV000278,klose,4,"My birthday is in May, so I like spring.",我的生日在五月，所以我喜欢春天。,grade4-reviewed,klose:grade4_overrides
KV000279,klose,4,January is the first month.,一月是第一个月。,migrated-curated,rj_start1:curation
KV000280,klose,4,We have a birthday party.,我们举办生日聚会。,migrated-curated,rj_start1:curation
KV000281,klose,4,The cake is delicious.,蛋糕很好吃。,migrated-curated,rj_start1:curation
KV000282,klose,4,We have Chinese today.,我们今天有语文课。,migrated-curated,rj_start1:curation
KV000283,klose,4,I practise English with my classmates after school.,我放学后和同学一起练习英语。,grade4-reviewed,klose:grade4_overrides
KV000284,klose,4,We have science today.,我们今天有科学课。,migrated-curated,rj_start1:curation
KV000285,klose,4,We have PE today.,我们今天有体育课。,migrated-curated,rj_start1:curation
KV000286,klose,4,I listen to music while I tidy my room.,我整理房间时会听音乐。,grade4-reviewed,klose:grade4_overrides
KV000287,klose,4,We have maths today.,我们今天有数学课。,migrated-curated,rj_start1:curation
KV000288,klose,4,We have art today.,我们今天有美术课。,migrated-curated,rj_start1:curation
KV000289,klose,4,We have computer class today.,我们今天有计算机课。,migrated-curated,rj_start1:curation
KV000290,klose,4,We are classmates.,我们是同班同学。,migrated-curated,rj_start1:curation
KV000291,klose,4,That building across the street is our library.,街对面的那栋楼是我们的图书馆。,grade4-reviewed,klose:grade4_overrides
KV000292,klose,4,Our classroom has a reading corner near the window.,我们的教室在窗边有一个阅读角。,grade4-reviewed,klose:grade4_overrides
KV000293,klose,4,The library is on the second floor.,图书馆在二楼。,migrated-curated,rj_start1:curation
KV000294,klose,4,The toilet is near the classroom.,卫生间在教室附近。,migrated-curated,rj_start1:curation
KV000295,klose,4,We play on the playground.,我们在操场上玩。,migrated-curated,rj_start1:curation
KV000296,klose,4,The library is on the second floor.,图书馆在二楼。,migrated-curated,rj_start1:curation
KV000297,klose,4,Our classroom is on the third floor.,我们的教室在三楼。,migrated-curated,rj_start1:curation
KV000298,klose,4,Our classroom is on the third floor.,我们的教室在三楼。,migrated-curated,rj_start1:curation
KV000299,klose,4,This room is big.,这个房间很大。,migrated-curated,rj_start1:curation
KV000300,klose,4,Our class is going to the museum this Friday.,我们班这周五要去博物馆。,grade4-reviewed,klose:grade4_overrides
KV000301,klose,4,They are my friends.,他们是我的朋友。,migrated-curated,rj_start1:curation
KV000302,klose,4,I play sports after school.,我放学后做运动。,migrated-curated,rj_start1:curation
KV000303,klose,4,We play sports after school.,我们放学后做运动。,migrated-curated,rj_start1:curation
KV000304,klose,4,I like to draw pictures of animals in my notebook.,我喜欢在笔记本上画动物。,grade4-reviewed,klose:grade4_overrides
KV000305,klose,4,I play chess with my friend.,我和朋友下棋。,migrated-curated,rj_start1:curation
KV000306,klose,4,We sing songs in music class.,我们在音乐课上唱歌。,migrated-curated,rj_start1:curation
KV000307,klose,4,I read books in the library.,我在图书馆看书。,migrated-curated,rj_start1:curation
KV000308,klose,4,I really like English.,我真的很喜欢英语。,migrated-curated,rj_start1:curation
KV000309,klose,4,Tomorrow is Monday.,明天是星期一。,migrated-curated,rj_start1:curation
KV000310,klose,4,I wake up at seven.,我七点醒来。,migrated-curated,rj_start1:curation
KV000311,klose,4,I will be back soon.,我很快回来。,migrated-curated,rj_start1:curation
KV000312,klose,4,My family often has dinner together at home.,我们一家经常在家一起吃晚饭。,grade4-reviewed,klose:grade4_overrides
KV000313,klose,4,My uncle is tall.,我叔叔个子很高。,migrated-curated,rj_start1:curation
KV000314,klose,4,My aunt is a teacher.,我阿姨是老师。,migrated-curated,rj_start1:curation
KV000315,klose,4,My cousin is ten.,我的表兄弟姐妹十岁。,migrated-curated,rj_start1:curation
KV000316,klose,4,The flower is beautiful.,这朵花很漂亮。,migrated-curated,rj_start1:curation
KV000317,klose,4,My water bottle is lost.,我的水瓶丢了。,migrated-curated,rj_start1:curation
KV000318,klose,4,I always take a water bottle to PE class.,我上体育课总会带一个水瓶。,grade4-reviewed,klose:grade4_overrides
KV000319,klose,4,I know her name.,我知道她的名字。,migrated-curated,rj_start1:curation
KV000320,klose,4,OK let's go.,好的，我们走吧。,migrated-curated,rj_start1:curation
KV000321,klose,4,Thank you very much.,非常感谢你。,migrated-curated,rj_start1:curation
KV000322,klose,4,You are welcome.,不客气。,migrated-curated,rj_start1:curation
KV000323,klose,4,Mum is cooking dinner.,妈妈正在做晚饭。,migrated-curated,rj_start1:curation
KV000324,klose,4,I am walking the dog.,我正在遛狗。,migrated-curated,rj_start1:curation
KV000325,klose,4,She is watering the plants.,她正在给植物浇水。,migrated-curated,rj_start1:curation
KV000326,klose,4,He is cleaning the room.,他正在打扫房间。,migrated-curated,rj_start1:curation
KV000327,klose,4,I am listening to music.,我正在听音乐。,migrated-curated,rj_start1:curation
KV000328,klose,4,They are watching TV.,他们正在看电视。,migrated-curated,rj_start1:curation
KV000329,klose,4,She is feeding the fish.,她正在喂鱼。,migrated-curated,rj_start1:curation
KV000330,klose,4,I play with my dog.,我和我的狗一起玩。,migrated-curated,rj_start1:curation
KV000331,klose,4,I will be back in one hour.,我一小时后回来。,migrated-curated,rj_start1:curation
KV000332,klose,4,Everyone is here.,大家都在这里。,migrated-curated,rj_start1:curation
KV000333,klose,4,The children are playing.,孩子们正在玩。,migrated-curated,rj_start1:curation
KV000334,klose,4,Don't run in the classroom.,不要在教室里跑。,migrated-curated,rj_start1:curation
KV000335,klose,4,I am at home.,我在家。,migrated-curated,rj_start1:curation
KV000336,klose,4,I keep my bedroom tidy by putting things away.,我把东西收好，让卧室保持整洁。,grade4-reviewed,klose:grade4_overrides
KV000337,klose,4,We watch TV in the living room.,我们在客厅看电视。,migrated-curated,rj_start1:curation
KV000338,klose,4,The bathroom is near my bedroom.,浴室在我的卧室附近。,migrated-curated,rj_start1:curation
KV000339,klose,4,We eat dinner in the dining room.,我们在餐厅吃晚饭。,migrated-curated,rj_start1:curation
KV000340,klose,4,Dad is reading a newspaper in the study.,爸爸正在书房里看报纸。,grade4-reviewed,klose:grade4_overrides
KV000341,klose,4,Mum is in the kitchen.,妈妈在厨房里。,migrated-curated,rj_start1:curation
KV000342,klose,4,This room is for rent.,这个房间出租。,migrated-curated,rj_start1:curation
KV000343,klose,4,The cat is on the sofa.,猫在沙发上。,migrated-curated,rj_start1:curation
KV000344,klose,4,I like running after school.,我喜欢放学后跑步。,migrated-curated,rj_start1:curation
KV000345,klose,4,I play basketball after school.,我放学后打篮球。,migrated-curated,rj_start1:curation
KV000346,klose,4,I like roller skating.,我喜欢轮滑。,migrated-curated,rj_start1:curation
KV000347,klose,4,She is good at jumping rope.,她擅长跳绳。,migrated-curated,rj_start1:curation
KV000348,klose,4,We play ping-pong after school.,我们放学后打乒乓球。,migrated-curated,rj_start1:curation
KV000349,klose,4,What about basketball?,篮球怎么样？,migrated-curated,rj_start1:curation
KV000350,klose,4,This book is interesting.,这本书很有趣。,migrated-curated,rj_start1:curation
KV000351,klose,4,I often play basketball.,我经常打篮球。,migrated-curated,rj_start1:curation
KV000352,klose,4,He is good at swimming.,他擅长游泳。,migrated-curated,rj_start1:curation
KV000353,klose,4,Don't be late for school.,上学不要迟到。,migrated-curated,rj_start1:curation
KV000354,klose,4,I visit my grandparents on Sunday.,我星期日去看望祖父母。,migrated-curated,rj_start1:curation
KV000355,klose,4,I go to a drawing club.,我参加绘画俱乐部。,migrated-curated,rj_start1:curation
KV000356,klose,4,We climb a hill on Sunday.,我们星期日爬山。,migrated-curated,rj_start1:curation
KV000357,klose,4,We pick fruit in autumn.,我们秋天摘水果。,migrated-curated,rj_start1:curation
KV000358,klose,4,I play computer games on Saturday.,我星期六玩电脑游戏。,migrated-curated,rj_start1:curation
KV000359,klose,4,Dad and I go fishing.,爸爸和我去钓鱼。,migrated-curated,rj_start1:curation
KV000360,klose,4,We go to the cinema.,我们去电影院看电影。,migrated-curated,rj_start1:curation
KV000361,klose,4,I play sports on the weekend.,我周末做运动。,migrated-curated,rj_start1:curation
KV000362,klose,4,Roller skating is fun.,轮滑很有趣。,migrated-curated,rj_start1:curation
KV000363,klose,4,I always get up at seven.,我总是七点起床。,migrated-curated,rj_start1:curation
KV000364,klose,4,Watch your step.,小心脚下。,migrated-curated,rj_start1:curation
KV000365,klose,4,They paint the house.,他们给房子刷漆。,migrated-curated,rj_start1:curation
KV000366,klose,4,I read books in the evening.,我晚上读书。,migrated-curated,rj_start1:curation
KV000367,klose,4,My shoes are dirty.,我的鞋脏了。,migrated-curated,rj_start1:curation
KV000368,klose,4,Their house is near the park.,他们的房子在公园附近。,migrated-curated,rj_start1:curation
KV000369,klose,4,Their house is beautiful.,他们的房子很漂亮。,migrated-curated,rj_start1:curation
KV000370,klose,4,The poor family needs help.,这个贫困家庭需要帮助。,migrated-curated,rj_start1:curation
KV000371,klose,4,I hope you are happy.,我希望你开心。,migrated-curated,rj_start1:curation
KV000372,klose,4,It is rainy so I am at home.,下雨了，所以我在家。,migrated-curated,rj_start1:curation
KV000373,klose,4,Today is a sunny day.,今天是晴朗的一天。,migrated-curated,rj_start1:curation
KV000374,klose,4,I usually go by bus.,我通常乘公交车去。,migrated-curated,rj_start1:curation
KV000375,klose,4,I go to school by bus.,我乘公交车上学。,migrated-curated,rj_start1:curation
KV000376,klose,4,We go there by boat.,我们乘小船去那里。,migrated-curated,rj_start1:curation
KV000377,klose,4,We go by ship.,我们乘船去。,migrated-curated,rj_start1:curation
KV000378,klose,4,We go there by car.,我们乘汽车去那里。,migrated-curated,rj_start1:curation
KV000379,klose,4,We go by taxi.,我们乘出租车去。,migrated-curated,rj_start1:curation
KV000380,klose,4,I go to school by bike.,我骑自行车上学。,migrated-curated,rj_start1:curation
KV000381,klose,4,I go to school on foot.,我步行上学。,migrated-curated,rj_start1:curation
KV000382,klose,4,She goes to school by school bus.,她乘校车上学。,migrated-curated,rj_start1:curation
KV000383,klose,4,We go by subway.,我们乘地铁去。,migrated-curated,rj_start1:curation
KV000384,klose,4,We go by plane.,我们乘飞机去。,migrated-curated,rj_start1:curation
KV000385,klose,4,We go there by train.,我们乘火车去那里。,migrated-curated,rj_start1:curation
KV000386,klose,4,There are flowers in the garden.,花园里有花。,migrated-curated,rj_start1:curation
KV000387,klose,4,The gate is our meeting place.,大门是我们的集合地点。,migrated-curated,rj_start1:curation
KV000388,klose,4,Wait for me at the gate.,在大门口等我。,migrated-curated,rj_start1:curation
KV000389,klose,4,What transportation do you use?,你使用什么交通方式？,migrated-curated,rj_start1:curation
KV000390,klose,4,This film is interesting.,这部电影很有趣。,migrated-curated,rj_start1:curation
KV000391,klose,4,The earth is our home.,地球是我们的家园。,migrated-curated,rj_start1:curation
KV000392,klose,4,There is snow in winter.,冬天有雪。,migrated-curated,rj_start1:curation
KV000393,klose,4,Let's go to the theatre.,我们去剧院吧。,migrated-curated,rj_start1:curation
KV000394,klose,4,Come to my house.,来我家吧。,migrated-curated,rj_start1:curation
KV000395,klose,4,I enjoy this film.,我喜欢这部电影。,migrated-curated,rj_start1:curation
KV000396,klose,4,This is my pen.,这是我的钢笔。,migrated-curated,rj_start1:curation
KV000397,klose,4,Be careful with the knife.,使用刀时要小心。,migrated-curated,rj_start1:curation
KV000398,klose,4,I need an eraser.,我需要一块橡皮。,migrated-curated,rj_start1:curation
KV000399,klose,4,I draw with crayons.,我用蜡笔画画。,migrated-curated,rj_start1:curation
KV000400,klose,4,Be careful with the scissors.,使用剪刀时要小心。,migrated-curated,rj_start1:curation
KV000401,klose,4,I need a glue stick.,我需要一支胶棒。,migrated-curated,rj_start1:curation
KV000402,klose,4,I draw on the paper.,我在纸上画画。,migrated-curated,rj_start1:curation
KV000403,klose,4,Can I use your pen?,我可以用你的钢笔吗？,migrated-curated,rj_start1:curation
KV000404,klose,4,Please give me the paper.,请把纸给我。,migrated-curated,rj_start1:curation
KV000405,klose,4,I can't find my pen.,我找不到我的钢笔。,migrated-curated,rj_start1:curation
KV000406,klose,4,Let's ask at the Information Centre.,我们去信息中心问问。,migrated-curated,rj_start1:curation
KV000407,klose,4,Excuse me where is the gate?,请问大门在哪里？,migrated-curated,rj_start1:curation
KV000408,klose,4,I have a phone.,我有一部电话。,migrated-curated,rj_start1:curation
KV000409,klose,4,My dad is a doctor.,我爸爸是医生。,migrated-curated,rj_start1:curation
KV000410,klose,4,I want a hamburger.,我想要一个汉堡包。,migrated-curated,rj_start1:curation
KV000411,klose,4,This shop sells books.,这家商店卖书。,migrated-curated,rj_start1:curation
KV000412,klose,4,Don't climb on the window ledge.,不要爬窗台。,migrated-curated,rj_start1:curation
KV000413,klose,4,Playing with fire is dangerous.,玩火很危险。,migrated-curated,rj_start1:curation
KV000414,klose,4,Don't play with fire.,不要玩火。,migrated-curated,rj_start1:curation
KV000415,klose,4,Be careful on the stairs!,在楼梯上要小心！,migrated-curated,rj_start1:curation
KV000416,klose,4,Don't run down the stairs.,不要跑下楼梯。,migrated-curated,rj_start1:curation
KV000417,klose,4,Walk on the sidewalk.,在人行道上走。,migrated-curated,rj_start1:curation
KV000418,klose,4,Wait for the green light.,等绿灯。,migrated-curated,rj_start1:curation
KV000419,klose,4,It is safe to wait here.,在这里等是安全的。,migrated-curated,rj_start1:curation
KV000420,klose,4,Stop at the red light.,红灯时停下来。,migrated-curated,rj_start1:curation
KV000421,klose,4,Don't run in the street.,不要在街道上跑。,migrated-curated,rj_start1:curation
KV000422,klose,4,Follow the safety rules.,遵守安全规则。,migrated-curated,rj_start1:curation
KV000423,klose,4,The nurse helps sick people.,护士帮助病人。,migrated-curated,rj_start1:curation
KV000424,klose,4,My uncle is a cook.,我叔叔是一名厨师。,migrated-curated,rj_start1:curation
KV000425,klose,4,The doctor helps sick people.,医生帮助病人。,migrated-curated,rj_start1:curation
KV000426,klose,4,The bus driver drives a bus.,公交车司机开公交车。,migrated-curated,rj_start1:curation
KV000427,klose,4,The police officer helps people.,警察帮助人们。,migrated-curated,rj_start1:curation
KV000428,klose,4,My father is a taxi driver.,我爸爸是出租车司机。,migrated-curated,rj_start1:curation
KV000429,klose,4,The farmer is a worker.,农民是一名劳动者。,migrated-curated,rj_start1:curation
KV000430,klose,4,The worker works hard.,工人努力工作。,migrated-curated,rj_start1:curation
KV000431,klose,4,I want to be a doctor in the future.,我将来想当医生。,migrated-curated,rj_start1:curation
KV000432,klose,4,That is a great job.,那是一份很棒的工作。,migrated-curated,rj_start1:curation
KV000433,klose,4,What is your father's job?,你爸爸做什么工作？,migrated-curated,rj_start1:curation
KV000434,klose,4,The doctor helps sick people.,医生帮助病人。,migrated-curated,rj_start1:curation
KV000435,klose,4,Many people are here.,许多人在这里。,migrated-curated,rj_start1:curation
KV000436,klose,4,Teachers teach children.,老师教孩子们。,migrated-curated,rj_start1:curation
KV000437,klose,4,I just want to help.,我只是想帮忙。,migrated-curated,rj_start1:curation
KV000438,klose,4,I can do it myself.,我可以自己做。,migrated-curated,rj_start1:curation
KV000439,klose,4,That sounds great.,那听起来很棒。,migrated-curated,rj_start1:curation
KV000440,klose,4,The bank is across from the hotel.,银行在酒店对面。,migrated-curated,rj_start1:curation
KV000441,klose,4,The post office is next to the bank.,邮局在银行旁边。,migrated-curated,rj_start1:curation
KV000442,klose,4,The shop is between the bank and hotel.,商店在银行和酒店之间。,migrated-curated,rj_start1:curation
KV000443,klose,4,We eat dinner at the restaurant.,我们在餐馆吃晚饭。,migrated-curated,rj_start1:curation
KV000444,klose,4,I go to the post office.,我去邮局。,migrated-curated,rj_start1:curation
KV000445,klose,4,The bank is near the hotel.,银行在酒店附近。,migrated-curated,rj_start1:curation
KV000446,klose,4,We buy food at the grocery.,我们在杂货店买食物。,migrated-curated,rj_start1:curation
KV000447,klose,4,Turn left at the crossroads.,在十字路口向左转。,migrated-curated,rj_start1:curation
KV000448,klose,4,Turn right at the bank.,在银行那里向右转。,migrated-curated,rj_start1:curation
KV000449,klose,4,Go straight and turn left.,直走然后左转。,migrated-curated,rj_start1:curation
KV000450,klose,4,Turn right at the crossroads.,在十字路口右转。,migrated-curated,rj_start1:curation
KV000451,klose,4,There is a park in my neighbourhood.,我的社区里有一个公园。,migrated-curated,rj_start1:curation
KV000452,klose,4,I send a card.,我寄一张卡片。,migrated-curated,rj_start1:curation
KV000453,klose,4,I get a present today.,我今天得到一份礼物。,migrated-curated,rj_start1:curation
KV000454,klose,4,I have some money.,我有一些钱。,migrated-curated,rj_start1:curation
KV000455,klose,4,How can I get to the bank?,我怎样到银行？,migrated-curated,rj_start1:curation
KV000456,klose,4,I get up before seven.,我七点前起床。,migrated-curated,rj_start1:curation
KV000457,klose,4,We leave home at eight.,我们八点离开家。,migrated-curated,rj_start1:curation
KV000458,klose,4,This shop sells toys.,这家商店卖玩具。,migrated-curated,rj_start1:curation
KV000459,klose,4,This city is beautiful.,这座城市很漂亮。,migrated-curated,rj_start1:curation
KV000460,klose,4,We play basketball at the sports centre.,我们在体育中心打篮球。,migrated-curated,rj_start1:curation
KV000461,klose,4,We stay at a hotel.,我们住在酒店。,migrated-curated,rj_start1:curation
KV000462,klose,4,There are many people in the square.,广场上有很多人。,migrated-curated,rj_start1:curation
KV000463,klose,4,We buy toys at the shop.,我们在商店买玩具。,migrated-curated,rj_start1:curation
KV000464,klose,4,We see a film at the cinema.,我们在电影院看电影。,migrated-curated,rj_start1:curation
KV000465,klose,4,We go boating on the lake.,我们在湖上划船。,migrated-curated,rj_start1:curation
KV000466,klose,4,The street is busy today.,今天街上很繁忙。,migrated-curated,rj_start1:curation
KV000467,klose,4,The station is near the hotel.,车站在酒店附近。,migrated-curated,rj_start1:curation
KV000468,klose,4,This is a beautiful place.,这是一个美丽的地方。,migrated-curated,rj_start1:curation
KV000469,klose,4,I have many things to do.,我有很多事情要做。,migrated-curated,rj_start1:curation
KV000470,klose,4,We stay at home today.,我们今天待在家里。,migrated-curated,rj_start1:curation
KV000471,klose,4,We can see many stars.,我们能看到许多星星。,migrated-curated,rj_start1:curation
KV000472,klose,4,The king lives in a big house.,国王住在一所大房子里。,migrated-curated,rj_start1:curation
KV000473,klose,4,The museum is in the central square.,博物馆在中心广场。,migrated-curated,rj_start1:curation
KV000474,klose,4,We take photos at the Great Wall.,我们在长城拍照。,migrated-curated,rj_start1:curation
KV000475,klose,4,We visit the museum today.,我们今天参观博物馆。,migrated-curated,rj_start1:curation
KV000476,klose,4,My dream is to travel.,我的梦想是去旅行。,migrated-curated,rj_start1:curation
KV000477,klose,4,We swim in the sea.,我们在海里游泳。,migrated-curated,rj_start1:curation
KV000478,klose,4,I want to ski in winter.,我想冬天去滑雪。,migrated-curated,rj_start1:curation
KV000479,klose,4,We eat seafood by the sea.,我们在海边吃海鲜。,migrated-curated,rj_start1:curation
KV000480,klose,4,We visit the Mogao Caves.,我们参观莫高窟。,migrated-curated,rj_start1:curation
KV000481,klose,4,West Lake is beautiful.,西湖很美。,migrated-curated,rj_start1:curation
KV000482,klose,4,We row a boat on West Lake.,我们在西湖划船。,migrated-curated,rj_start1:curation
KV000483,klose,4,We visit the Great Wall.,我们参观长城。,migrated-curated,rj_start1:curation
KV000484,klose,4,We travel in summer vacation.,我们暑假去旅行。,migrated-curated,rj_start1:curation
KV000485,klose,4,I like to travel with my family.,我喜欢和家人旅行。,migrated-curated,rj_start1:curation
KV000486,klose,4,Reading is my hobby.,阅读是我的爱好。,migrated-curated,rj_start1:curation
KV000487,klose,4,Skateboarding is my hobby.,滑板运动是我的爱好。,migrated-curated,rj_start1:curation
KV000488,klose,4,Singing is my hobby.,唱歌是我的爱好。,migrated-curated,rj_start1:curation
KV000489,klose,4,Dancing is her hobby.,跳舞是她的爱好。,migrated-curated,rj_start1:curation
KV000490,klose,4,I like doing jigsaw puzzles.,我喜欢拼拼图。,migrated-curated,rj_start1:curation
KV000491,klose,4,He likes making models.,他喜欢做模型。,migrated-curated,rj_start1:curation
KV000492,klose,4,She likes collecting erasers.,她喜欢收集橡皮。,migrated-curated,rj_start1:curation
KV000493,klose,4,We have different hobbies.,我们有不同的爱好。,migrated-curated,rj_start1:curation
KV000494,klose,4,Reading is my hobby.,阅读是我的爱好。,migrated-curated,rj_start1:curation
KV000495,klose,4,I like collecting stamps.,我喜欢集邮。,migrated-curated,rj_start1:curation
KV000496,klose,4,The cat can catch a fish.,猫能抓到鱼。,migrated-curated,rj_start1:curation
KV000497,klose,4,We go for a picnic on Sunday.,我们星期日去野餐。,migrated-curated,rj_start1:curation
KV000498,klose,4,She can play the violin.,她会拉小提琴。,migrated-curated,rj_start1:curation
KV000499,klose,4,We go skating in winter.,我们冬天去滑冰。,migrated-curated,rj_start1:curation
KV000500,klose,4,We go camping in summer.,我们夏天去露营。,migrated-curated,rj_start1:curation
KV000501,klose,4,I help do the housework.,我帮忙做家务。,migrated-curated,rj_start1:curation
KV000502,klose,4,Are you free on Sunday?,你星期日有空吗？,migrated-curated,rj_start1:curation
KV000503,klose,4,I never play with fire.,我从不玩火。,migrated-curated,rj_start1:curation
KV000504,klose,4,I go swimming once a week.,我每周游泳一次。,migrated-curated,rj_start1:curation
KV000505,klose,4,I play basketball twice a week.,我每周打两次篮球。,migrated-curated,rj_start1:curation
KV000506,klose,4,I read books three times a week.,我每周读三次书。,migrated-curated,rj_start1:curation
KV000507,klose,4,Canada is a big country.,加拿大是一个大国。,migrated-curated,rj_start1:curation
KV000508,klose,4,Koalas live in Australia.,考拉生活在澳大利亚。,migrated-curated,rj_start1:curation
KV000509,klose,4,Big Ben is in the UK.,大本钟在英国。,migrated-curated,rj_start1:curation
KV000510,klose,4,Disneyland is in the USA.,迪士尼乐园在美国。,migrated-curated,rj_start1:curation
KV000511,klose,4,The Great Wall is in China.,长城在中国。,migrated-curated,rj_start1:curation
KV000512,klose,4,The koala is cute.,考拉很可爱。,migrated-curated,rj_start1:curation
KV000513,klose,4,Maple leaves are beautiful.,枫叶很漂亮。,migrated-curated,rj_start1:curation
KV000514,klose,4,Big Ben is in the UK.,大本钟在英国。,migrated-curated,rj_start1:curation
KV000515,klose,4,I want to visit Disneyland.,我想参观迪士尼乐园。,migrated-curated,rj_start1:curation
KV000516,klose,4,We sit by the campfire.,我们坐在篝火旁。,migrated-curated,rj_start1:curation
KV000517,klose,4,The koala is very cute.,考拉非常可爱。,migrated-curated,rj_start1:curation
KV000518,klose,4,China is my country.,中国是我的国家。,migrated-curated,rj_start1:curation
KV000519,klose,4,She is clever and helpful.,她聪明又乐于助人。,migrated-curated,rj_start1:curation
KV000520,klose,4,Don't be careless with your homework.,做作业不要粗心。,migrated-curated,rj_start1:curation
KV000521,klose,4,The boy is polite to everyone.,这个男孩对每个人都很有礼貌。,migrated-curated,rj_start1:curation
KV000522,klose,4,She is quiet in class.,她在课堂上很安静。,migrated-curated,rj_start1:curation
KV000523,klose,4,Our new teacher is friendly.,我们的新老师很友好。,migrated-curated,rj_start1:curation
KV000524,klose,4,He is always helpful at home.,他在家总是乐于帮忙。,migrated-curated,rj_start1:curation
KV000525,klose,4,She is active in class.,她在课堂上很活跃。,migrated-curated,rj_start1:curation
KV000526,klose,4,He is popular at school.,他在学校很受欢迎。,migrated-curated,rj_start1:curation
KV000527,klose,4,We often talk after school.,我们经常放学后聊天。,migrated-curated,rj_start1:curation
KV000528,klose,4,All the children are here.,所有孩子都在这里。,migrated-curated,rj_start1:curation
KV000529,klose,4,He is young but tall.,他很年轻但是个子高。,migrated-curated,rj_start1:curation
KV000530,klose,4,I sometimes go to the library.,我有时去图书馆。,migrated-curated,rj_start1:curation
KV000531,klose,4,The dog barks at night.,狗在晚上叫。,migrated-curated,rj_start1:curation
KV000532,klose,4,Don't forget your schoolbag.,别忘了你的书包。,migrated-curated,rj_start1:curation
KV000533,klose,4,I play with my friends.,我和朋友一起玩。,migrated-curated,rj_start1:curation
KV000534,klose,4,My teacher wears glasses.,我的老师戴眼镜。,migrated-curated,rj_start1:curation
KV000535,klose,4,My sister is tall and slim.,我姐姐高而苗条。,migrated-curated,rj_start1:curation
KV000536,klose,4,She has curly hair.,她有卷发。,migrated-curated,rj_start1:curation
KV000537,klose,4,She has long straight hair.,她有长直发。,migrated-curated,rj_start1:curation
KV000538,klose,4,Our new classmate is very nice.,我们的新同学很好。,migrated-curated,rj_start1:curation
KV000539,klose,4,Our English teacher is young.,我们的英语老师很年轻。,migrated-curated,rj_start1:curation
KV000540,klose,4,Can you guess his name?,你能猜出他的名字吗？,migrated-curated,rj_start1:curation
KV000541,klose,4,The panda has black ears.,熊猫有黑色的耳朵。,migrated-curated,rj_start1:curation
KV000542,klose,4,My favourite animal is the panda.,我最喜欢的动物是熊猫。,migrated-curated,rj_start1:curation
KV000543,klose,4,The elephant is big.,大象很大。,migrated-curated,rj_start1:curation
KV000544,klose,4,The panda is black.,熊猫是黑色的。,migrated-curated,rj_start1:curation
KV000545,klose,4,The horse can run fast.,马跑得很快。,migrated-curated,rj_start1:curation
KV000546,klose,4,The cow lives on a farm.,奶牛生活在农场。,migrated-curated,rj_start1:curation
KV000547,klose,4,The pig lives on a farm.,猪生活在农场。,migrated-curated,rj_start1:curation
KV000548,klose,4,The sheep is on the farm.,绵羊在农场里。,migrated-curated,rj_start1:curation
KV000549,klose,4,A bee can fly.,蜜蜂会飞。,migrated-curated,rj_start1:curation
KV000550,klose,4,There are many animals on the farm.,农场里有许多动物。,migrated-curated,rj_start1:curation
KV000551,klose,4,The horse can run fast.,马能跑得很快。,migrated-curated,rj_start1:curation
KV000552,klose,4,Why do you like pandas?,你为什么喜欢熊猫？,migrated-curated,rj_start1:curation
KV000553,klose,4,The little panda is lovely.,小熊猫很可爱。,migrated-curated,rj_start1:curation
KV000554,klose,4,The butterfly is beautiful.,蝴蝶很漂亮。,migrated-curated,rj_start1:curation
KV000555,klose,4,I need a new exercise book.,我需要一本新练习本。,migrated-curated,rj_start1:curation
KV000556,klose,4,I need a pencil sharpener.,我需要一个卷笔刀。,migrated-curated,rj_start1:curation
KV000557,klose,4,I need a pair of scissors.,我需要一把剪刀。,migrated-curated,rj_start1:curation
KV000558,klose,4,My pencils are in the pencil box.,我的铅笔在铅笔盒里。,migrated-curated,rj_start1:curation
KV000559,klose,4,I want a box of crayons.,我想要一盒蜡笔。,migrated-curated,rj_start1:curation
KV000560,klose,4,I only need one pencil.,我只需要一支铅笔。,migrated-curated,rj_start1:curation
KV000561,klose,4,I also need an eraser.,我还需要一块橡皮。,migrated-curated,rj_start1:curation
KV000562,klose,4,The saleswoman is very helpful.,女售货员很热心。,migrated-curated,rj_start1:curation
KV000563,klose,4,I love this new pencil box.,我很喜欢这个新铅笔盒。,migrated-curated,rj_start1:curation
KV000564,klose,4,How much is this pencil box?,这个铅笔盒多少钱？,migrated-curated,rj_start1:curation
KV000565,klose,4,Thanks a lot for your help.,非常感谢你的帮助。,migrated-curated,rj_start1:curation
KV000566,klose,4,The cartoon is wonderful.,这部动画片很精彩。,migrated-curated,rj_start1:curation
KV000567,klose,4,The nature show is fantastic.,这个自然节目非常棒。,migrated-curated,rj_start1:curation
KV000568,klose,4,I like watching cartoons.,我喜欢看动画片。,migrated-curated,rj_start1:curation
KV000569,klose,4,My father watches news shows.,我爸爸看新闻节目。,migrated-curated,rj_start1:curation
KV000570,klose,4,I like nature shows about animals.,我喜欢关于动物的自然节目。,migrated-curated,rj_start1:curation
KV000571,klose,4,I do a chore every day.,我每天做一项家务。,migrated-curated,rj_start1:curation
KV000572,klose,4,I clean the room on Saturday.,我星期六打扫房间。,migrated-curated,rj_start1:curation
KV000573,klose,4,I make the bed every morning.,我每天早上整理床铺。,migrated-curated,rj_start1:curation
KV000574,klose,4,I take out the rubbish after dinner.,我晚饭后倒垃圾。,migrated-curated,rj_start1:curation
KV000575,klose,4,I help Mum wash clothes.,我帮妈妈洗衣服。,migrated-curated,rj_start1:curation
KV000576,klose,4,I tidy the desk after homework.,我做完作业后整理书桌。,migrated-curated,rj_start1:curation
KV000577,klose,4,I sweep the floor on Sunday.,我星期日扫地。,migrated-curated,rj_start1:curation
KV000578,klose,4,I call my grandmother on Sunday.,我星期日给奶奶打电话。,migrated-curated,rj_start1:curation
KV000579,klose,4,Don't eat too much candy.,不要吃太多糖果。,migrated-curated,rj_start1:curation
KV000580,klose,4,Too much candy is bad for teeth.,太多糖果对牙齿不好。,migrated-curated,rj_start1:curation
KV000581,klose,4,I go to bed early.,我很早上床睡觉。,migrated-curated,rj_start1:curation
KV000582,klose,4,We need exercise every day.,我们每天都需要锻炼。,migrated-curated,rj_start1:curation
KV000583,klose,4,I am tired after exercise.,运动后我很累。,migrated-curated,rj_start1:curation
KV000584,klose,4,Drink more water every day.,每天多喝水。,migrated-curated,rj_start1:curation
KV000585,klose,4,I have a stomachache.,我肚子痛。,migrated-curated,rj_start1:curation
KV000586,klose,4,I have a headache.,我头痛。,migrated-curated,rj_start1:curation
KV000587,klose,4,I have a toothache.,我牙痛。,migrated-curated,rj_start1:curation
KV000588,klose,4,Drink a lot of water.,多喝水。,migrated-curated,rj_start1:curation
KV000589,klose,4,I feel sleepy in class.,我上课时觉得困。,migrated-curated,rj_start1:curation
KV000590,klose,4,English is my favourite subject.,英语是我最喜欢的学科。,migrated-curated,rj_start1:curation
KV000591,klose,4,I got a good mark in English.,我的英语取得了好成绩。,migrated-curated,rj_start1:curation
KV000592,klose,4,Thank you for your advice.,谢谢你的建议。,migrated-curated,rj_start1:curation
KV000593,klose,4,You should drink more water.,你应该多喝水。,migrated-curated,rj_start1:curation
KV000594,klose,4,New Year's Day is on January first.,元旦是一月一日。,migrated-curated,rj_start1:curation
KV000595,klose,4,We plant trees on Tree Planting Day.,我们在植树节植树。,migrated-curated,rj_start1:curation
KV000596,klose,4,I make a card for Mother's Day.,我为母亲节做一张卡片。,migrated-curated,rj_start1:curation
KV000597,klose,4,Children's Day is on June first.,儿童节是六月一日。,migrated-curated,rj_start1:curation
KV000598,klose,4,I call Dad on Father's Day.,我在父亲节给爸爸打电话。,migrated-curated,rj_start1:curation
KV000599,klose,4,We thank teachers on Teachers' Day.,我们在教师节感谢老师。,migrated-curated,rj_start1:curation
KV000600,klose,4,National Day is on October first.,国庆节是十月一日。,migrated-curated,rj_start1:curation
KV000601,klose,4,Christmas Day is in December.,圣诞节在十二月。,migrated-curated,rj_start1:curation
KV000602,klose,4,May is the fifth month.,五月是第五个月。,migrated-curated,rj_start1:curation
KV000603,klose,4,May is the 5th month.,五月是第五个月。,migrated-curated,rj_start1:curation
KV000604,klose,4,October is the tenth month.,十月是第十个月。,migrated-curated,rj_start1:curation
KV000605,klose,4,October is the 10th month.,十月是第十个月。,migrated-curated,rj_start1:curation
KV000606,klose,4,December is the twelfth month.,十二月是第十二个月。,migrated-curated,rj_start1:curation
KV000607,klose,4,December is the 12th month.,十二月是第十二个月。,migrated-curated,rj_start1:curation
KV000608,klose,4,Christmas is on December twenty-fifth.,圣诞节是十二月二十五日。,migrated-curated,rj_start1:curation
KV000609,klose,4,Christmas is on December 25th.,圣诞节是十二月二十五日。,migrated-curated,rj_start1:curation
KV000610,klose,4,We plant trees in spring.,我们春天植树。,migrated-curated,rj_start1:curation
KV000611,klose,4,We make a poster for the school.,我们为学校制作海报。,migrated-curated,rj_start1:curation
KV000612,klose,4,We celebrate Children's Day at school.,我们在学校庆祝儿童节。,migrated-curated,rj_start1:curation
KV000613,klose,4,We have a picnic in the park.,我们在公园野餐。,migrated-curated,rj_start1:curation
KV000614,klose,4,My teacher is in the office.,我的老师在办公室。,migrated-curated,rj_start1:curation
KV000615,klose,4,We celebrate the day together.,我们一起庆祝这个节日。,migrated-curated,rj_start1:curation
KV000616,klose,4,Today is a special day.,今天是特别的一天。,migrated-curated,rj_start1:curation
KV000617,klose,4,I send an email to my friend.,我给朋友发电子邮件。,migrated-curated,rj_start1:curation
KV000618,klose,4,I write a letter to Grandma.,我给奶奶写信。,migrated-curated,rj_start1:curation
KV000619,klose,4,I make a phone call to Dad.,我给爸爸打电话。,migrated-curated,rj_start1:curation
KV000620,klose,4,I send a short message to Mum.,我给妈妈发短信。,migrated-curated,rj_start1:curation
KV000621,klose,4,I mail a present to my cousin.,我给表兄弟姐妹邮寄礼物。,migrated-curated,rj_start1:curation
KV000622,klose,4,We make a video call to Grandma.,我们和奶奶视频通话。,migrated-curated,rj_start1:curation
KV000623,klose,4,Please say hello to your family.,请向你的家人问好。,migrated-curated,rj_start1:curation
KV000624,klose,4,I make a card for Mum.,我给妈妈做一张卡片。,migrated-curated,rj_start1:curation
KV000625,klose,4,There are flowers everywhere in spring.,春天到处都是花。,migrated-curated,rj_start1:curation
KV000626,klose,4,We visit the flower show.,我们参观花展。,migrated-curated,rj_start1:curation
KV000627,klose,4,I cleaned the window yesterday.,我昨天擦了窗户。,migrated-curated,rj_start1:curation
KV000628,klose,4,I watched TV last night.,我昨晚看了电视。,migrated-curated,rj_start1:curation
KV000629,klose,4,We climbed a hill yesterday.,我们昨天爬了山。,migrated-curated,rj_start1:curation
KV000630,klose,4,I visited my grandparents on Sunday.,我星期日看望了祖父母。,migrated-curated,rj_start1:curation
KV000631,klose,4,We danced at the party.,我们在聚会上跳舞。,migrated-curated,rj_start1:curation
KV000632,klose,4,She jumped rope after school.,她放学后跳了绳。,migrated-curated,rj_start1:curation
KV000633,klose,4,I listened to music yesterday.,我昨天听了音乐。,migrated-curated,rj_start1:curation
KV000634,klose,4,We rowed a boat on the lake.,我们在湖上划了船。,migrated-curated,rj_start1:curation
KV000635,klose,4,I played computer games yesterday.,我昨天玩了电脑游戏。,migrated-curated,rj_start1:curation
KV000636,klose,4,I stayed at home on Sunday.,我星期日待在家里。,migrated-curated,rj_start1:curation
KV000637,klose,4,She played the piano at the party.,她在聚会上弹了钢琴。,migrated-curated,rj_start1:curation
KV000638,klose,4,I played chess with Dad.,我和爸爸下了棋。,migrated-curated,rj_start1:curation
KV000639,klose,4,I washed clothes yesterday.,我昨天洗了衣服。,migrated-curated,rj_start1:curation
KV000640,klose,4,The film was boring.,这部电影很无聊。,migrated-curated,rj_start1:curation
KV000641,klose,4,I play badminton after school.,我放学后打羽毛球。,migrated-curated,rj_start1:curation
KV000642,klose,4,Our class won the game.,我们班赢得了比赛。,migrated-curated,rj_start1:curation
KV000643,klose,4,We went to the beach yesterday.,我们昨天去了海滩。,migrated-curated,rj_start1:curation
KV000644,klose,4,We drank cold drinks at the beach.,我们在海滩喝了冷饮。,migrated-curated,rj_start1:curation
KV000645,klose,4,We swam in the sea.,我们在海里游泳了。,migrated-curated,rj_start1:curation
KV000646,klose,4,I ate ice-cream yesterday.,我昨天吃了冰淇淋。,migrated-curated,rj_start1:curation
KV000647,klose,4,We visited the Stone Forest.,我们参观了石林。,migrated-curated,rj_start1:curation
KV000648,klose,4,We bought some gifts there.,我们在那里买了一些礼物。,migrated-curated,rj_start1:curation
KV000649,klose,4,We took photos at the museum.,我们在博物馆拍了照片。,migrated-curated,rj_start1:curation
KV000650,klose,4,We saw many beautiful flowers.,我们看到了许多漂亮的花。,migrated-curated,rj_start1:curation
KV000651,klose,4,I slept well last night.,我昨晚睡得很好。,migrated-curated,rj_start1:curation
KV000652,klose,4,I felt happy on the trip.,旅行中我感到很高兴。,migrated-curated,rj_start1:curation
KV000653,klose,4,She felt sad yesterday.,她昨天感到难过。,migrated-curated,rj_start1:curation
KV000654,klose,4,We left the hotel at eight.,我们八点离开了酒店。,migrated-curated,rj_start1:curation
KV000655,klose,4,I ate French fries for lunch.,我午饭吃了炸薯条。,migrated-curated,rj_start1:curation
KV000656,klose,4,They were happy yesterday.,他们昨天很高兴。,migrated-curated,rj_start1:curation
KV000657,klose,4,I was born in 2017.,我出生于2017年。,migrated-curated,rj_start1:curation
KV000658,klose,4,I started to speak when I was one.,我一岁时开始说话。,migrated-curated,rj_start1:curation
KV000659,klose,4,I learned to walk when I was one.,我一岁时学会走路。,migrated-curated,rj_start1:curation
KV000660,klose,4,I learned to ride a bike at six.,我六岁时学会骑自行车。,migrated-curated,rj_start1:curation
KV000661,klose,4,I went to kindergarten at three.,我三岁时上幼儿园。,migrated-curated,rj_start1:curation
KV000662,klose,4,I went to school at six.,我六岁时开始上学。,migrated-curated,rj_start1:curation
KV000663,klose,4,I learned to swim at seven.,我七岁时学会游泳。,migrated-curated,rj_start1:curation
KV000664,klose,4,Today is the fifteenth day.,今天是第十五天。,migrated-curated,rj_start1:curation
KV000665,klose,4,Today is the 15th.,今天是十五号。,migrated-curated,rj_start1:curation
KV000666,klose,4,I started to buy things by myself.,我开始自己买东西。,migrated-curated,rj_start1:curation
KV000667,klose,4,I started to study English at six.,我六岁开始学英语。,migrated-curated,rj_start1:curation
KV000668,klose,4,I started to use a computer at eight.,我八岁开始使用电脑。,migrated-curated,rj_start1:curation
KV000669,klose,4,There was water all over the floor.,地板上到处都是水。,migrated-curated,rj_start1:curation
KV000670,klose,4,The cat jumped out of the box.,猫从盒子里跳了出来。,migrated-curated,rj_start1:curation
KV000671,klose,4,The cat jumped into the water.,猫跳进了水里。,migrated-curated,rj_start1:curation
KV000672,klose,4,I eat noodles with chopsticks.,我用筷子吃面条。,migrated-curated,rj_start1:curation
KV000673,klose,4,My shoes are wet.,我的鞋湿了。,migrated-curated,rj_start1:curation
KV000674,klose,4,We had morning tea at the hotel.,我们在酒店吃了早茶。,migrated-curated,rj_start1:curation
KV000675,klose,4,This soup tastes delicious.,这汤尝起来很好喝。,migrated-curated,rj_start1:curation
KV000676,klose,4,The Potala Palace is in Lhasa.,布达拉宫在拉萨。,migrated-curated,rj_start1:curation
KV000677,klose,4,The Summer Palace is in Beijing.,颐和园在北京。,migrated-curated,rj_start1:curation
KV000678,klose,4,The Terracotta Army is in Xi'an.,兵马俑在西安。,migrated-curated,rj_start1:curation
KV000679,klose,4,We travelled during the vacation.,我们假期里去旅行了。,migrated-curated,rj_start1:curation
KV000680,klose,4,The soup tastes good.,这汤味道很好。,migrated-curated,rj_start1:curation
KV000681,klose,4,Find Beijing on the map.,在地图上找到北京。,migrated-curated,rj_start1:curation
KV000682,klose,4,Beijing is in the north of China.,北京在中国北方。,migrated-curated,rj_start1:curation
KV000683,klose,4,Guangzhou is in the south of China.,广州在中国南方。,migrated-curated,rj_start1:curation
KV000684,klose,4,Shanghai is in the east of China.,上海在中国东部。,migrated-curated,rj_start1:curation
KV000685,klose,4,Tibet is in the west of China.,西藏在中国西部。,migrated-curated,rj_start1:curation
KV000686,klose,4,Beijing is famous for the Great Wall.,北京因长城而著名。,migrated-curated,rj_start1:curation
KV000687,klose,4,We visited an old temple.,我们参观了一座古老的寺庙。,migrated-curated,rj_start1:curation
KV000688,klose,4,We walked around the lake.,我们绕着湖走了一圈。,migrated-curated,rj_start1:curation
KV000689,klose,4,The Yangtze River is very long.,长江很长。,migrated-curated,rj_start1:curation
KV000690,klose,4,It was foggy this morning.,今天早上有雾。,migrated-curated,rj_start1:curation
KV000691,klose,4,Sichuan food can be spicy.,四川菜可能很辣。,migrated-curated,rj_start1:curation
KV000692,klose,4,This dress is made of silk.,这条连衣裙是丝绸做的。,migrated-curated,rj_start1:curation
KV000693,klose,4,Many animals live in the forest.,许多动物生活在森林里。,migrated-curated,rj_start1:curation
KV000694,klose,4,The bridge is made of stone.,这座桥是石头建的。,migrated-curated,rj_start1:curation
KV000695,klose,4,London is in the UK.,伦敦在英国。,migrated-curated,rj_start1:curation
KV000696,klose,4,Toronto is a city in Canada.,多伦多是加拿大的一座城市。,migrated-curated,rj_start1:curation
KV000697,klose,4,Sydney is a city in Australia.,悉尼是澳大利亚的一座城市。,migrated-curated,rj_start1:curation
KV000698,klose,4,Washington D.C. is in the USA.,华盛顿特区在美国。,migrated-curated,rj_start1:curation
KV000699,klose,4,The British Museum is in London.,大英博物馆在伦敦。,migrated-curated,rj_start1:curation
KV000700,klose,4,The CN Tower is in Toronto.,加拿大国家电视塔在多伦多。,migrated-curated,rj_start1:curation
KV000701,klose,4,Kangaroos live in Australia.,袋鼠生活在澳大利亚。,migrated-curated,rj_start1:curation
KV000702,klose,4,The Opera House is in Sydney.,悉尼歌剧院在悉尼。,migrated-curated,rj_start1:curation
KV000703,klose,4,The White House is in Washington D.C.,白宫在华盛顿特区。,migrated-curated,rj_start1:curation
KV000704,klose,4,There is a clock on the wall.,墙上有一个钟。,migrated-curated,rj_start1:curation
KV000705,klose,4,Can you speak English?,你会说英语吗？,migrated-curated,rj_start1:curation
KV000706,klose,4,She can speak French.,她会说法语。,migrated-curated,rj_start1:curation
KV000707,klose,4,Tower Bridge is in London.,伦敦塔桥在伦敦。,migrated-curated,rj_start1:curation
KV000708,klose,4,The London Eye is in London.,伦敦眼在伦敦。,migrated-curated,rj_start1:curation
KV000709,klose,4,We went hiking in the hills.,我们去山里徒步了。,migrated-curated,rj_start1:curation
KV000710,klose,4,We watched the sunrise on the hill.,我们在山上看日出。,migrated-curated,rj_start1:curation
KV000711,klose,4,The president works in the capital.,总统在首都工作。,migrated-curated,rj_start1:curation
KV000712,klose,4,A snake is a reptile.,蛇是爬行动物。,migrated-curated,rj_start1:curation
KV000713,klose,4,A whale is a mammal.,鲸是哺乳动物。,migrated-curated,rj_start1:curation
KV000714,klose,4,A bee is an insect.,蜜蜂是昆虫。,migrated-curated,rj_start1:curation
KV000715,klose,4,Penguins can swim well.,企鹅很会游泳。,migrated-curated,rj_start1:curation
KV000716,klose,4,A shark lives in the sea.,鲨鱼生活在海里。,migrated-curated,rj_start1:curation
KV000717,klose,4,A whale is a large mammal.,鲸是一种大型哺乳动物。,migrated-curated,rj_start1:curation
KV000718,klose,4,What kind of animal is it?,它是哪一种动物？,migrated-curated,rj_start1:curation
KV000719,klose,4,The whale is ten metres long.,这条鲸有十米长。,migrated-curated,rj_start1:curation
KV000720,klose,4,We spent two days in Beijing.,我们在北京度过了两天。,migrated-curated,rj_start1:curation
KV000721,klose,4,An elephant has a long trunk.,大象有长鼻子。,migrated-curated,rj_start1:curation
KV000722,klose,4,Elephants can eat peanuts.,大象可以吃花生。,migrated-curated,rj_start1:curation
KV000723,klose,4,Its ears are like big fans.,它的耳朵像大扇子。,migrated-curated,rj_start1:curation
KV000724,klose,4,An elephant has two tusks.,大象有两根象牙。,migrated-curated,rj_start1:curation
KV000725,klose,4,Many elephants live in Africa.,许多大象生活在非洲。,migrated-curated,rj_start1:curation
KV000726,klose,4,China is in Asia.,中国在亚洲。,migrated-curated,rj_start1:curation
KV000727,klose,4,Elephants are very smart.,大象很聪明。,migrated-curated,rj_start1:curation
KV000728,klose,4,I was scared of the big dog.,我害怕那只大狗。,migrated-curated,rj_start1:curation
KV000729,klose,4,Mum was worried about me.,妈妈很担心我。,migrated-curated,rj_start1:curation
KV000730,klose,4,Dad was angry with me.,爸爸生我的气。,migrated-curated,rj_start1:curation
KV000731,klose,4,My parents are proud of me.,我的父母为我自豪。,migrated-curated,rj_start1:curation
KV000732,klose,4,I was excited about the trip.,我对这次旅行很兴奋。,migrated-curated,rj_start1:curation
KV000733,klose,4,She was ill yesterday.,她昨天生病了。,migrated-curated,rj_start1:curation
KV000734,klose,4,I hope our class can win.,我希望我们班能赢。,migrated-curated,rj_start1:curation
KV000735,klose,4,He won the running race.,他赢得了赛跑。,migrated-curated,rj_start1:curation
KV000736,klose,4,The little boy began to cry.,小男孩开始哭。,migrated-curated,rj_start1:curation
KV000737,klose,4,I was happy because we won.,因为我们赢了，所以我很高兴。,migrated-curated,rj_start1:curation
KV000738,klose,4,I have an English test tomorrow.,我明天有英语考试。,migrated-curated,rj_start1:curation
KV000739,klose,4,She won the writing competition.,她赢得了写作比赛。,migrated-curated,rj_start1:curation
KV000740,klose,4,The inventor made a new machine.,这位发明家制造了一台新机器。,migrated-curated,rj_start1:curation
KV000741,klose,4,The artist paints beautiful pictures.,这位艺术家画漂亮的画。,migrated-curated,rj_start1:curation
KV000742,klose,4,The scientist studies animals.,这位科学家研究动物。,migrated-curated,rj_start1:curation
KV000743,klose,4,The poet wrote many poems.,这位诗人写了很多诗。,migrated-curated,rj_start1:curation
KV000744,klose,4,The writer wrote this story.,这位作家写了这个故事。,migrated-curated,rj_start1:curation
KV000745,klose,4,He is an American writer.,他是一位美国作家。,migrated-curated,rj_start1:curation
KV000746,klose,4,He was a Danish writer.,他是一位丹麦作家。,migrated-curated,rj_start1:curation
KV000747,klose,4,We read a poem in class.,我们在课堂上读了一首诗。,migrated-curated,rj_start1:curation
KV000748,klose,4,This invention changed people's lives.,这项发明改变了人们的生活。,migrated-curated,rj_start1:curation
KV000749,klose,4,Who invented this machine?,谁发明了这台机器？,migrated-curated,rj_start1:curation
KV000750,klose,4,This story is very interesting.,这个故事很有趣。,migrated-curated,rj_start1:curation
KV000751,klose,4,She studied at a famous university.,她在一所著名大学学习。,migrated-curated,rj_start1:curation
KV000752,klose,4,The girl became deaf when she was young.,这个女孩小时候失聪了。,migrated-curated,rj_start1:curation
KV000753,klose,4,He is blind but very independent.,他虽然失明但很独立。,migrated-curated,rj_start1:curation
KV000754,klose,4,Leaves fall in autumn.,树叶在秋天落下。,migrated-curated,rj_start1:curation
KV000755,klose,4,We eat dumplings at Spring Festival.,我们春节吃饺子。,migrated-curated,rj_start1:curation
KV000756,klose,4,We saw beautiful ice lanterns.,我们看到了漂亮的冰灯。,migrated-curated,rj_start1:curation
KV000757,klose,4,Please bring your book tomorrow.,请明天带上你的书。,migrated-curated,rj_start1:curation
KV000758,klose,4,I am not afraid of dogs.,我不怕狗。,migrated-curated,rj_start1:curation
KV000759,klose,4,I can hear the birds.,我能听见鸟叫。,migrated-curated,rj_start1:curation
KV000760,klose,4,My pen pal lives in Canada.,我的笔友住在加拿大。,migrated-curated,rj_start1:curation
KV000761,klose,4,My pen is broken.,我的钢笔坏了。,migrated-curated,rj_start1:curation
KV000762,klose,4,What a pity!,真遗憾！,migrated-curated,rj_start1:curation
KV000763,klose,4,She won first prize.,她获得了一等奖。,migrated-curated,rj_start1:curation
KV000764,klose,4,I live in a big city.,我住在一座大城市里。,migrated-curated,rj_start1:curation
KV000765,klose,4,The city is quite beautiful.,这座城市相当漂亮。,migrated-curated,rj_start1:curation
KV000766,klose,4,I wear a scarf in winter.,我冬天戴围巾。,migrated-curated,rj_start1:curation
KV000767,klose,4,We arrived at the airport early.,我们很早到达机场。,migrated-curated,rj_start1:curation
KV000768,klose,4,He is a primary school pupil.,他是一名小学生。,migrated-curated,rj_start1:curation
KV000769,klose,4,We arrived in Toronto yesterday.,我们昨天到达多伦多。,migrated-curated,rj_start1:curation
KV000770,klose,4,I met my pen pal at the airport.,我在机场见到了笔友。,migrated-curated,rj_start1:curation
KV000771,klose,4,My clothes are in the wardrobe.,我的衣服在衣柜里。,migrated-curated,rj_start1:curation
KV000772,klose,4,I will show you around our school.,我会带你参观我们的学校。,migrated-curated,rj_start1:curation
KV000773,klose,4,We visited Queen's Park yesterday.,我们昨天参观了皇后公园。,migrated-curated,rj_start1:curation
KV000774,klose,4,We saw many paintings at the art gallery.,我们在美术馆看到了许多画。,migrated-curated,rj_start1:curation
KV000775,klose,4,We read books at the public library.,我们在公共图书馆看书。,migrated-curated,rj_start1:curation
KV000776,klose,4,We took the subway downtown.,我们乘地铁去了市中心。,migrated-curated,rj_start1:curation
KV000777,klose,4,Toronto is beside Lake Ontario.,多伦多在安大略湖畔。,migrated-curated,rj_start1:curation
KV000778,klose,4,We watched a game at the stadium.,我们在体育场看了一场比赛。,migrated-curated,rj_start1:curation
KV000779,klose,4,I want to be a volunteer.,我想成为一名志愿者。,migrated-curated,rj_start1:curation
KV000780,klose,4,I had a sandwich for lunch.,我午饭吃了一个三明治。,migrated-curated,rj_start1:curation
KV000781,klose,4,We went to the top of the tower.,我们去了塔顶。,migrated-curated,rj_start1:curation
KV000782,klose,4,Reading every day is a good habit.,每天阅读是一个好习惯。,migrated-curated,rj_start1:curation
KV000783,klose,4,That is a good idea.,那是个好主意。,migrated-curated,rj_start1:curation
KV000784,klose,4,We should eat less candy.,我们应该少吃糖果。,migrated-curated,rj_start1:curation
KV000785,klose,4,I read for at least twenty minutes.,我至少阅读二十分钟。,migrated-curated,rj_start1:curation
KV000786,klose,4,We talked about healthy habits.,我们讨论了健康习惯。,migrated-curated,rj_start1:curation
KV000787,klose,4,Hockey is popular in Canada.,冰球在加拿大很受欢迎。,migrated-curated,rj_start1:curation
KV000788,klose,4,The beaver lives near water.,海狸生活在水边。,migrated-curated,rj_start1:curation
KV000789,klose,4,A raccoon has a black mask.,浣熊脸上有黑色的斑纹。,migrated-curated,rj_start1:curation
KV000790,klose,4,A moose is a large animal.,驼鹿是一种大型动物。,migrated-curated,rj_start1:curation
KV000791,klose,4,My grandparents live in the countryside.,我的祖父母住在乡下。,migrated-curated,rj_start1:curation
KV000792,klose,4,Families eat together at Thanksgiving.,家人们在感恩节一起吃饭。,migrated-curated,rj_start1:curation
KV000793,klose,4,We had roast turkey for dinner.,我们晚饭吃了烤火鸡。,migrated-curated,rj_start1:curation
KV000794,klose,4,A squirrel can climb trees.,松鼠会爬树。,migrated-curated,rj_start1:curation
KV000795,klose,4,The swan is swimming on the lake.,天鹅正在湖上游泳。,migrated-curated,rj_start1:curation
KV000796,klose,4,Wild geese fly south in autumn.,大雁秋天向南飞。,migrated-curated,rj_start1:curation
KV000797,klose,4,A frog can jump and swim.,青蛙会跳也会游泳。,migrated-curated,rj_start1:curation
KV000798,klose,4,I use an English-Chinese dictionary.,我使用英汉词典。,migrated-curated,rj_start1:curation
KV000799,klose,4,There are many shops in the shopping centre.,购物中心里有很多商店。,migrated-curated,rj_start1:curation
KV000800,klose,4,We went shopping at the mall.,我们去商场购物了。,migrated-curated,rj_start1:curation
KV000801,klose,4,The CN Tower is amazing.,加拿大国家电视塔令人惊叹。,migrated-curated,rj_start1:curation
KV000802,klose,4,We ate hot pot together.,我们一起吃了火锅。,migrated-curated,rj_start1:curation
