Word,British,American,MeaningPrimary,ExampleSentence,ExampleTranslation,MeaningRaw,Books,Tags
play football,,,踢足球,I play football after school.,我放学后踢足球。,na. 踢足球；对难办的事采取踢皮球的态度,2年级下|3年级下|4年级上,rj_start1 grade::2 semester::下 appears::2年级下 appears::3年级下 appears::4年级上
fly a kite,,,放风筝,I fly a kite in spring.,我春天放风筝。,na. 放风筝；试探舆论；开空头支票；〈美〉(从狱中)非法寄出信件,2年级下|3年级下,rj_start1 grade::2 semester::下 appears::2年级下 appears::3年级下
ride a bike,,,骑自行车,I can ride a bike.,我会骑自行车。,骑自行车；骑车；骑单车,2年级下|3年级下,rj_start1 grade::2 semester::下 appears::2年级下 appears::3年级下
make a model plane,,,做飞机模型,I can make a model plane.,我会做飞机模型。,无,2年级下|3年级下,rj_start1 grade::2 semester::下 appears::2年级下 appears::3年级下
swim,[swɪm],[swɪm],游泳,I can swim.,我会游泳。,"n. 游泳；漂浮；眩晕
adj. 游泳时穿戴的
vi. 游泳；漂浮；浸；眩晕
vt. 游过；使浮起",2年级下|3年级下|4年级上,rj_start1 grade::2 semester::下 appears::2年级下 appears::3年级下 appears::4年级上
make a snowman,,,堆雪人,Let's make a snowman.,我们来堆雪人吧。,堆雪人；做雪人；堆一个雪人,2年级下|3年级下,rj_start1 grade::2 semester::下 appears::2年级下 appears::3年级下
can't,,,不能；不会,I can't swim.,我不会游泳。,abbr. 不能（can not）,2年级下,rj_start1 grade::2 semester::下 appears::2年级下
rainy,[ˈreɪni],[ˈreɪni],下雨的；多雨的,It is rainy today.,今天下雨。,adj. 下雨的；多雨的,2年级下,rj_start1 grade::2 semester::下 appears::2年级下
cloudy,[ˈklaʊdi],[ˈklaʊdi],多云的,It is cloudy today.,今天多云。,adj. 多云的；阴天的；愁容满面的,2年级下,rj_start1 grade::2 semester::下 appears::2年级下
snowy,[ˈsnəʊi],[ˈsnoʊi],下雪的；多雪的,It is snowy today.,今天下雪。,adj. 下雪的，多雪的；被雪覆盖的；洁白无瑕的,2年级下,rj_start1 grade::2 semester::下 appears::2年级下
windy,[ˈwɪndi],[ˈwɪndi],有风的；多风的,It is windy today.,今天有风。,adj. 多风的，有风的；腹胀的；吹牛的,2年级下,rj_start1 grade::2 semester::下 appears::2年级下
sunny,[ˈsʌni],[ˈsʌni],晴朗的；阳光充足的,It is sunny today.,今天晴朗。,adj. 阳光充足的，和煦的；快活的；性情开朗的,2年级下,rj_start1 grade::2 semester::下 appears::2年级下
umbrella,[ʌmˈbrelə],[ʌmˈbrelə],雨伞,I have an umbrella.,我有一把雨伞。,n. 雨伞；保护伞；庇护；伞形结构,2年级下,rj_start1 grade::2 semester::下 appears::2年级下
weather,[ˈweðə(r)],[ˈweðər],天气,How is the weather?,天气怎么样？,"n. 天气；气象；气候；处境
vt. 经受住；使风化；侵蚀；使受风吹雨打
adj. 露天的；迎风的
vi. 风化；受侵蚀；经受风雨",2年级下,rj_start1 grade::2 semester::下 appears::2年级下
wow,[waʊ],[waʊ],哇；呀,Wow it is big!,哇，它真大！,"n. 极大的成功；一鸣惊人之举；魔兽世界(World of Warcraft)；失真
int. （表示极大的惊奇或钦佩）哇，呀",2年级下,rj_start1 grade::2 semester::下 appears::2年级下
let's,,,让我们,Let's go to the park.,我们去公园吧。,让我们（let us的简写）,2年级下,rj_start1 grade::2 semester::下 appears::2年级下
spring,[sprɪŋ],[sprɪŋ],春天,I like spring.,我喜欢春天。,"n. 春天；弹簧；泉水；活力；跳跃
adj. 春天的
vt. 使跳起；使爆炸；突然提出；使弹开
vi. 生长；涌出；跃出；裂开",2年级下,rj_start1 grade::2 semester::下 appears::2年级下
summer,[ˈsʌmə(r)],[ˈsʌmər],夏天,I like summer.,我喜欢夏天。,"n. 夏季；全盛时期
adj. 夏季的
vi. 避暑；过夏天",2年级下,rj_start1 grade::2 semester::下 appears::2年级下
autumn,[ˈɔːtəm],[ˈɔːtəm; ˈɑːtəm],秋天,I like autumn.,我喜欢秋天。,"n. 秋天；成熟期；渐衰期，凋落期
adj. 秋天的，秋季的",2年级下,rj_start1 grade::2 semester::下 appears::2年级下
winter,[ˈwɪntə(r)],[ˈwɪntər],冬天,I like winter.,我喜欢冬天。,"n. 冬季；年岁；萧条期
adj. 冬天的；越冬的
vi. 过冬",2年级下,rj_start1 grade::2 semester::下 appears::2年级下
hot,[hɒt],[hɑːt],热的,It is hot in summer.,夏天很热。,"adj. 热的；辣的；热情的；激动的；紧迫的
vt. 增加；给…加温
adv. 热；紧迫地
vi. 变热",2年级下,rj_start1 grade::2 semester::下 appears::2年级下
warm,[wɔːm],[wɔːrm],暖和的,It is warm in spring.,春天很暖和。,"n. 取暖；加热
adj. 温暖的；热情的
vt. 使…兴奋；使…温暖；使…感兴趣
vi. 同情；激动；变温暖",2年级下,rj_start1 grade::2 semester::下 appears::2年级下
cool,[kuːl],[kuːl],凉爽的,It is cool in autumn.,秋天很凉爽。,"n. 凉爽；凉爽的空气
adj. 凉爽的；冷静的；出色的
vt. 使…冷却；使…平静下来
vi. 变凉；平息
adv. 冷静地",2年级下|5年级上,rj_start1 grade::2 semester::下 appears::2年级下 appears::5年级上
cold,[kəʊld],[kəʊld],寒冷的,It is cold in winter.,冬天很冷。,"n. 寒冷；感冒
adj. 寒冷的；冷淡的，不热情的；失去知觉的
adv. 完全地",2年级下,rj_start1 grade::2 semester::下 appears::2年级下
favourite,[ˈfeɪvərɪt],[ˈfeɪvərɪt],最喜欢的,Spring is my favourite season.,春天是我最喜欢的季节。,"n. 特别喜爱的人（或物）
adj. 特别受喜爱的",2年级下,rj_start1 grade::2 semester::下 appears::2年级下
season,[ˈsiːzn],[ˈsiːzn],季节,What is your favourite season?,你最喜欢哪个季节？,"n. 时期；季节；赛季
vt. 给…调味；使适应
vi. 变得成熟；变干燥",2年级下,rj_start1 grade::2 semester::下 appears::2年级下
eleven,[ɪˈlev(ə)n],[ɪˈlevn],十一；十一个,I have eleven books.,我有十一本书。,"num. 十一；十一个
n. 十一；十一个
adj. 十一的；十一个的",2年级下,rj_start1 grade::2 semester::下 appears::2年级下
twelve,[twelv],[twelv],十二；十二个,I have twelve books.,我有十二本书。,"num. 十二；十二个
n. 十二；十二个
adj. 十二的；十二个的",2年级下,rj_start1 grade::2 semester::下 appears::2年级下
twenty,[ˈtwenti],[ˈtwenti],二十,I have twenty pencils.,我有二十支铅笔。,"num. 二十
n. 二十；二十年代
adj. 二十的",2年级下,rj_start1 grade::2 semester::下 appears::2年级下
thirty,[ˈθɜːti],[ˈθɜːrti],三十,There are thirty books.,有三十本书。,"num. 三十
n. 三十年代
adj. 三十个的",2年级下,rj_start1 grade::2 semester::下 appears::2年级下
forty,[ˈfɔːti],[ˈfɔːrti],四十,There are forty pencils.,有四十支铅笔。,"n. 四十
adj. 四十的；四十个的",2年级下,rj_start1 grade::2 semester::下 appears::2年级下
fifty,[ˈfɪfti],[ˈfɪfti],五十,There are fifty books.,有五十本书。,"n. 五十；五十个；编号为50的东西
adj. 五十的；五十个的；众多的",2年级下,rj_start1 grade::2 semester::下 appears::2年级下
thirteen,[ˌθɜːˈtiːn],[ˌθɜːrˈtiːn],十三；十三个,I have thirteen books.,我有十三本书。,"n. 十三；十三岁；十三个
num. 十三
adj. 十三的；十三个的",2年级下,rj_start1 grade::2 semester::下 appears::2年级下
fourteen,[ˌfɔːˈtiːn],[ˌfɔːrˈtiːn],十四；十四个,I have fourteen pencils.,我有十四支铅笔。,"num. 十四；十四个；第十四
n. 十四的记号；十四岁；十四点钟；十五世纪",2年级下,rj_start1 grade::2 semester::下 appears::2年级下
fifteen,[ˌfɪfˈtiːn],[ˌfɪfˈtiːn],十五；十五个,I have fifteen books.,我有十五本书。,"n. 十五；十五个；十五人组成的橄榄球队
num. 十五
adj. 十五的",2年级下,rj_start1 grade::2 semester::下 appears::2年级下
time,[taɪm],[taɪm],时间；时刻,What time is it?,几点了？,"n. 时间；时代；次数；节拍；倍数
adj. 定时的；定期的；分期的
vt. 计时；测定…的时间；安排…的速度",2年级下,rj_start1 grade::2 semester::下 appears::2年级下
playtime,[ˈpleɪtaɪm],[ˈpleɪtaɪm],游戏时间；课间活动时间,It is playtime.,到游戏时间了。,n. 游戏或娱乐的时间；开幕时刻,2年级下,rj_start1 grade::2 semester::下 appears::2年级下
get up,[ɡet ʌp],[ɡet ʌp],起床,I get up at seven.,我七点起床。,na. 起床；起身；站起来；叫…起床,2年级下|4年级上,rj_start1 grade::2 semester::下 appears::2年级下 appears::4年级上
eat breakfast,[i:t ˈbrekfəst],[iːt ˈbrekfəst],吃早饭,I eat breakfast at seven.,我七点吃早饭。,吃早饭；吃早餐；食早餐,2年级下,rj_start1 grade::2 semester::下 appears::2年级下
go to school,,,去上学,I go to school at eight.,我八点去上学。,na. 到校上课；上学去；开始求学,2年级下,rj_start1 grade::2 semester::下 appears::2年级下
eat lunch,,,吃午饭,I eat lunch at twelve.,我十二点吃午饭。,吃午饭；吃午餐；吃中午饭,2年级下,rj_start1 grade::2 semester::下 appears::2年级下
go home,,,回家,I go home at five.,我五点回家。,na. 回家；〈口〉死；(忠告等)刻骨铭心；击中,2年级下,rj_start1 grade::2 semester::下 appears::2年级下
eat dinner,,,吃晚饭,I eat dinner at six.,我六点吃晚饭。,吃晚饭；吃晚餐；吃饭,2年级下,rj_start1 grade::2 semester::下 appears::2年级下
go to bed,,,上床睡觉,I go to bed at nine.,我九点上床睡觉。,na. 睡；同床；【印】付印,2年级下|5年级下,rj_start1 grade::2 semester::下 appears::2年级下 appears::5年级下
when,[wen],[wen],什么时候,When do you get up?,你什么时候起床？,"conj. 考虑到；既然；当…时；在…时；如果
n. 时间，时候；日期；场合
adv. 什么时候，何时；（用于时间的表达方式之后）在那时；其时；当时
pron. 那时；什么时侯",2年级下,rj_start1 grade::2 semester::下 appears::2年级下
every day,,,每天,I go to school every day.,我每天去上学。,na. 每日,2年级下,rj_start1 grade::2 semester::下 appears::2年级下
at,[ət],[ət; æt],在……时刻,I get up at seven.,我七点起床。,"prep. 在（表示存在或出现的地点、场所、位置、空间）；以（某种价格、速度等）；向；达；因为；朝；忙于
n. 阿特（老挝货币基本单位att）；[化]砹（极不稳定放射性元素）
abbr. 密封的（airtight）；气温（air temperature）",2年级下,rj_start1 grade::2 semester::下 appears::2年级下
Sunday,[ˈsʌndeɪ],[ˈsʌndeɪ],星期日,Today is Sunday.,今天是星期日。,n. 星期日；礼拜日,2年级下,rj_start1 grade::2 semester::下 appears::2年级下
Monday,[ˈmʌndeɪ],[ˈmʌndeɪ],星期一,Today is Monday.,今天是星期一。,n. 星期一,2年级下|4年级上,rj_start1 grade::2 semester::下 appears::2年级下 appears::4年级上
Tuesday,[ˈtjuːzdeɪ],[ˈtuːzdeɪ],星期二,Today is Tuesday.,今天是星期二。,n. 星期二,2年级下|4年级上,rj_start1 grade::2 semester::下 appears::2年级下 appears::4年级上
Wednesday,[ˈwenzdeɪ],[ˈwenzdeɪ],星期三,Today is Wednesday.,今天是星期三。,n. 星期三,2年级下|4年级上,rj_start1 grade::2 semester::下 appears::2年级下 appears::4年级上
Thursday,[ˈθɜːzdeɪ],[ˈθɜːrzdeɪ],星期四,Today is Thursday.,今天是星期四。,n. 星期四,2年级下|4年级上,rj_start1 grade::2 semester::下 appears::2年级下 appears::4年级上
Friday,[ˈfraɪdeɪ],[ˈfraɪdeɪ],星期五,Today is Friday.,今天是星期五。,n. 星期五,2年级下|4年级上,rj_start1 grade::2 semester::下 appears::2年级下 appears::4年级上
Saturday,[ˈsætədeɪ],[ˈsætərdeɪ],星期六,Today is Saturday.,今天是星期六。,n. 星期六,2年级下|4年级上,rj_start1 grade::2 semester::下 appears::2年级下 appears::4年级上
today,[təˈdeɪ],[təˈdeɪ],今天,It is sunny today.,今天是晴天。,"n. 今天；现今
adv. 今天；现今",2年级下,rj_start1 grade::2 semester::下 appears::2年级下
