MatchKey,DisplayForms,Definitions,OccurrenceCount,Books,CandidateClass,CandidateNoteIDs,CandidateWords,CandidateSenses,AutoDecision,NeedsSenseReview
about,about,prep. 关于;大约 n. 大致;粗枝大叶;不拘小节的人 adj. 在附近的;四处走动的;在起作用的 adv. 大约;周围;到处,1,4年级下,no-existing-match,,,,new-identity-candidate,yes
afraid,afraid,adj. 害怕的;恐怕;担心的,1,3年级下,no-existing-match,,,,new-identity-candidate,yes
after,after,"conj. 在......之后 prep. 在......之后 adj. 以后的 adv. 后来,以后",1,2年级上,no-existing-match,,,,new-identity-candidate,yes
again,again,"adv. 又,此外;再一次;再说;增加 n. (英、保)阿盖恩",1,4年级上,no-existing-match,,,,new-identity-candidate,yes
ago,ago,"adj. 以前的;过去的 adv. 以前,以往",1,6年级上,no-existing-match,,,,new-identity-candidate,yes
air,air,"n. 空气,大气;天空;样子;曲调 vt. 使通风,晾干;夸耀 vi. 通风",1,4年级上,no-existing-match,,,,new-identity-candidate,yes
answer,answer,n. 回答;答案;答辩 vt. 回答;符合 vi. 回答;符合,1,6年级下,no-existing-match,,,,new-identity-candidate,yes
as,as,conj. 因为;随着;虽然;依照;当...时 prep. 如同;当作;以...的身份 adv. 同样地;和...一样的,1,5年级上,no-existing-match,,,,new-identity-candidate,yes
ask,ask,"vt. 问,询问;要求;需要;邀请;讨价 vi. 问,询问;要求",1,5年级上,no-existing-match,,,,new-identity-candidate,yes
baby,baby,"n. 婴儿,婴孩;孩子气的人 adj. 婴儿的;幼小的 vt. 纵容,娇纵;把......当婴儿般对待",1,2年级上,no-existing-match,,,,new-identity-candidate,yes
back,back,n. 后面;背部;靠背;足球等的后卫;书报等的末尾 adj. 后面的;过去的;拖欠的 vt. 支持;后退;背书;下赌注 adv. 以前;向后地;来回地;上溯;回来;回原处 vi. 后退;背靠;倒退,1,2年级下,no-existing-match,,,,new-identity-candidate,yes
bag,bag,"n. 袋;猎获物;(俚)一瓶啤酒 vt. 猎获;把...装入袋中;占据,私吞;使膨大 vi. 松垂",2,1年级上|2年级下,no-existing-match,,,,new-identity-candidate,yes
baseball,baseball,n. 棒球;棒球运动,1,5年级上,no-existing-match,,,,new-identity-candidate,yes
be,be,"vt. 是; 有,存在; 做,成为; 发生",1,3年级下,no-existing-match,,,,new-identity-candidate,yes
beach,beach,n. 海滩;湖滨 vt. 将...拖上岸 vi. 搁浅;定居,1,5年级下,no-existing-match,,,,new-identity-candidate,yes
become,become,vt. 适合;相称 vi. 成为;变得;变成,1,4年级上,no-existing-match,,,,new-identity-candidate,yes
begin,begin,vi. 开始;首先 vt. 开始,1,6年级下,no-existing-match,,,,new-identity-candidate,yes
bell,bell,"n. 铃,钟;钟声,铃声;钟状物 vt. 装钟于,系铃于 vi. 鸣钟;成钟状鼓起",1,3年级上,no-existing-match,,,,new-identity-candidate,yes
beside,beside,prep. 在旁边;与...相比;和...无关,1,4年级下,no-existing-match,,,,new-identity-candidate,yes
bike,bike,n. 自行车;脚踏车 vi. 骑自行车(或摩托车),2,1年级上|2年级下,no-existing-match,,,,new-identity-candidate,yes
born,born,v. 出世(bear的过去分词) adj. 天生的,1,3年级上,no-existing-match,,,,new-identity-candidate,yes
borrow,borrow,vt. 借;借用 vi. 借;借用;从其他语言中引入,1,3年级上,no-existing-match,,,,new-identity-candidate,yes
both,both,conj. 既...且... adj. 两个的;两者的 pron. 双方都;两者都 adv. 并;又;两者皆,1,5年级下,no-existing-match,,,,new-identity-candidate,yes
bottle,bottle,n. 瓶子;一瓶的容量 vt. 控制;把...装入瓶中 vi. (街头艺人演出后)收拢钱币,1,3年级下,no-existing-match,,,,new-identity-candidate,yes
brave,brave,n. 勇士 adj. 勇敢的;华丽的 vt. 勇敢地面对,1,5年级上,no-existing-match,,,,new-identity-candidate,yes
break,break,vi. 打破;折断;弄坏;削弱 vt. (使)破;打破(纪录);(常指好天气)突变;开始 vi. (嗓音)突变;突破;破晓;(价格)突然下跌 n. 破裂;间断;(持续一段时间的状况的)改变;间歇,1,4年级下,no-existing-match,,,,new-identity-candidate,yes
breakfast,breakfast,n. 早餐;早饭 vt. 为...供应早餐 vi. 吃早餐,1,5年级上,no-existing-match,,,,new-identity-candidate,yes
bright,bright,"n. 车头灯光 adj. 明亮的,鲜明的;聪明的;愉快的 adv. 明亮地;光明地;欢快地",1,3年级上,no-existing-match,,,,new-identity-candidate,yes
british,British,n. 英国人 adj. 英国的;英国人的;大不列颠的,1,5年级上,no-existing-match,,,,new-identity-candidate,yes
broke,broke,"v. 打破,断掉(break的过去式) adj. 一文不名的,破产的",1,4年级下,no-existing-match,,,,new-identity-candidate,yes
brown,brown,"n. 褐色,棕色 adj. 棕色的,褐色的;太阳晒黑的 vt. 使变成褐色 vi. 变成褐色",1,4年级上,no-existing-match,,,,new-identity-candidate,yes
build,build,n. 构造;体形;体格 vi. 建筑;建造 vt. 建立;建筑,1,5年级下,no-existing-match,,,,new-identity-candidate,yes
building,building,n. 建筑;建筑物 v. 建筑;建立;增加(build的ing形式),1,4年级下,no-existing-match,,,,new-identity-candidate,yes
bus,bus,n. 公共汽车 乘公共汽车,1,2年级下,no-existing-match,,,,new-identity-candidate,yes
by,by,prep. 通过;被;依据;经由;在附近;在......之前 adv. 通过;经过;附近;[互联网] 白俄罗斯的国家代码顶级域名,1,2年级下,no-existing-match,,,,new-identity-candidate,yes
camera,camera,n. 照相机;摄影机,1,5年级下,no-existing-match,,,,new-identity-candidate,yes
careful,careful,"adj. 仔细的,小心的",1,6年级下,no-existing-match,,,,new-identity-candidate,yes
carry,carry,"n. 运载;[计] 进位;射程 vi. 能达到;被携带;被搬运 vt. 拿,扛;携带;支持;搬运",1,5年级下,no-existing-match,,,,new-identity-candidate,yes
change,change,n. 变化;找回的零钱 vt. 改变;交换 vi. 改变;兑换,1,4年级上,no-existing-match,,,,new-identity-candidate,yes
chess,chess,"n. 国际象棋,西洋棋",1,5年级下,no-existing-match,,,,new-identity-candidate,yes
child,child,"n. 儿童,小孩,孩子;产物;子孙;幼稚的人;弟子",1,3年级下,no-existing-match,,,,new-identity-candidate,yes
chocolate,chocolate,"n. 巧克力,巧克力糖;巧克力色 adj. 巧克力色的;巧克力口味的",1,6年级上,no-existing-match,,,,new-identity-candidate,yes
choose,choose,"vt. 选择,决定 vi. 选择,挑选",1,6年级上,no-existing-match,,,,new-identity-candidate,yes
cinema,cinema,"n. 电影;电影院;电影业,电影制作术",1,4年级下,no-existing-match,,,,new-identity-candidate,yes
circle,circle,"n. 循环,周期;圆;圈子;圆形物 vt. 画圆圈;环绕...移动 vi. 盘旋,旋转;环行",1,3年级下,no-existing-match,,,,new-identity-candidate,yes
clear,clear,n. 清除;空隙 adj. 清楚的;清澈的;晴朗的;无罪的 vt. 通过;清除;使干净;跳过 vi. 放晴;变清澈 adv. 清晰地;完全地,1,6年级下,no-existing-match,,,,new-identity-candidate,yes
climb,climb,n. 爬;攀登 vi. 爬;攀登;上升 vt. 爬;攀登;上升,1,5年级上,no-existing-match,,,,new-identity-candidate,yes
close,close,n. 结束 adj. 紧密的;亲密的;亲近的 vt. 关;结束;使靠近 vi. 关;结束;关闭 adv. 紧密地,1,4年级上,no-existing-match,,,,new-identity-candidate,yes
club,club,"n. 俱乐部,社团;夜总会;棍棒;(扑克牌中的)梅花 adj. 俱乐部的 vt. 用棍棒打;募集 vi. 集资;组成俱乐部",1,6年级下,no-existing-match,,,,new-identity-candidate,yes
collect,collect,vt. 收集;募捐 adj. 由收件人付款的 vi. 收集;聚集;募捐 adv. 由收件人付款地,1,6年级上,no-existing-match,,,,new-identity-candidate,yes
computer,computer,n. 计算机;电脑;电子计算机,1,4年级上,no-existing-match,,,,new-identity-candidate,yes
corn,corn,n. (美)玉米;(英)谷物;[皮肤] 鸡眼 vt. 腌;使成颗粒,1,5年级下,no-existing-match,,,,new-identity-candidate,yes
crowd,crowd,"n. 群众,一伙;一堆,许多,大众 v. 拥挤,挤满,挤进 vt. 挤满,将...塞进;催促,催逼 vi. 挤,拥挤,聚集",1,4年级下,no-existing-match,,,,new-identity-candidate,yes
cup,cup,n. 杯子;奖杯;酒杯 vt. 使成杯状;为...拔火罐,2,1年级上|6年级下,no-existing-match,,,,new-identity-candidate,yes
date,date,n. 日期;约会;年代;枣椰子 vt. 确定...年代;和...约会 vi. 过时;注明日期;始于(某一历史时期),1,3年级上,no-existing-match,,,,new-identity-candidate,yes
daughter,daughter,n. 女儿;[遗][农学] 子代 adj. 女儿的;子代的,1,5年级下,no-existing-match,,,,new-identity-candidate,yes
decide,decide,"vi. 决定,下决心 vt. 决定;解决;判决",1,6年级上,no-existing-match,,,,new-identity-candidate,yes
deer,deer,n. 鹿,1,1年级上,no-existing-match,,,,new-identity-candidate,yes
difficult,difficult,adj. 困难的;不随和的;执拗的,1,5年级上,no-existing-match,,,,new-identity-candidate,yes
dish,dish,n. 盘;餐具;一盘食物;外貌有吸引力的人 vt. 盛于碟盘中;分发;使某人的希望破灭;说(某人)的闲话 vi. 成碟状;闲谈,1,1年级上,no-existing-match,,,,new-identity-candidate,yes
down,down,"prep. 沿着,往下 n. 软毛,绒毛;[地质] 开阔的高地 adj. 向下的 vt. 打倒,击败 adv. 向下,下去;在下面 vi. 下降;下去",1,2年级下,no-existing-match,,,,new-identity-candidate,yes
draw,draw,n. 平局;抽签 vi. 拉;拖 vt. 画;拉;吸引,1,5年级上,no-existing-match,,,,new-identity-candidate,yes
drive,drive,"n. 驱动器;驾车;[心理] 内驱力,推进力;快车道 vi. 开车;猛击;飞跑 vt. 推动,发动(机器等);驾驶(马车,汽车等);驱赶",1,3年级下,no-existing-match,,,,new-identity-candidate,yes
drop,drop,n. 滴;落下;空投;微量;滴剂 vt. 滴;使降低;使终止;随口漏出 vi. 下降;终止,1,4年级下,no-existing-match,,,,new-identity-candidate,yes
dropped,dropped,"v. 下降,减少;掉下,滴下(drop的过去式和过去分词形式) adj. 抛踢球得分的",1,4年级下,no-existing-match,,,,new-identity-candidate,yes
easy,easy,"adj. 容易的;舒适的 vt. 发出停划命令 adv. 不费力地,从容地 vi. 停止划桨",1,4年级上,no-existing-match,,,,new-identity-candidate,yes
eat,eat,"vt. 吃,喝;腐蚀;烦扰 vi. 进食;腐蚀,侵蚀",1,4年级上,no-existing-match,,,,new-identity-candidate,yes
eighteen,eighteen,"n. 十八,十八个 num. 十八 adj. 十八个的,十八的",1,5年级下,no-existing-match,,,,new-identity-candidate,yes
eighteenth,eighteenth,"num. 第十八;十八分之一 adj. 第十八的,第十八个的;十八分之一的",1,3年级上,no-existing-match,,,,new-identity-candidate,yes
eighth,eighth,num. 第八;八分之一 adj. 第八的;八分之一的,1,3年级上,no-existing-match,,,,new-identity-candidate,yes
eighty,eighty,"num. 八十 n. 八十;八十岁;八十年代 adj. 八十的,八十个的;八十岁的",1,3年级上,no-existing-match,,,,new-identity-candidate,yes
eleventh,eleventh,num. 第十一;十一分之一 n. 第十一;十一分之一 adj. 第十一的;十一分之一的,1,3年级上,no-existing-match,,,,new-identity-candidate,yes
else,else,adj. 别的;其他的 adv. 其他;否则;另外,1,5年级下,no-existing-match,,,,new-identity-candidate,yes
email,email,n. 电子信函 vt. 给...发电子邮件,1,5年级下,no-existing-match,,,,new-identity-candidate,yes
engineer,engineer,n. 工程师;工兵;火车司机 vt. 设计;策划;精明地处理 vi. 设计;建造,1,5年级下,no-existing-match,,,,new-identity-candidate,yes
enough,enough,"n. 很多;充足 adj. 充足的 adv. 足够地,充足地 int. 够了!",1,4年级下,no-existing-match,,,,new-identity-candidate,yes
every,every,"adj. 每一的,每个的;每隔...的",1,3年级上,no-existing-match,,,,new-identity-candidate,yes
example,example,n. 例子;榜样 vt. 作为...的例子;为...做出榜样 vi. 举例,1,5年级下,no-existing-match,,,,new-identity-candidate,yes
exciting,exciting,adj. 令人兴奋的;使人激动的 v. 激动;刺激(excite的ing形式);唤起,1,5年级下,no-existing-match,,,,new-identity-candidate,yes
excuse,excuse,n. 借口;理由 vt. 原谅;为...申辩;给...免去 vi. 作为借口;请求宽恕;表示宽恕,1,4年级下,no-existing-match,,,,new-identity-candidate,yes
far,far,n. 远方 adj. 远的;久远的 adv. 很;遥远地;久远地;到很远的距离;到很深的程度,1,4年级下,no-existing-match,,,,new-identity-candidate,yes
fever,fever,"n. 发烧,发热;狂热 vt. 使发烧;使狂热;使患热病 vi. 发烧;狂热;患热病",1,4年级下,no-existing-match,,,,new-identity-candidate,yes
fine,fine,"n. 罚款 adj. 好的;优良的;细小的,精美的;健康的;晴朗的 vt. 罚款;澄清 adv. 很好地;精巧地",1,4年级上,no-existing-match,,,,new-identity-candidate,yes
finish,finish,"n. 结束;完美;回味(葡萄酒) vt. 完成;结束;用完 vi. 结束,终止;终结",1,5年级上,no-existing-match,,,,new-identity-candidate,yes
fix,fix,n. 困境;方位;贿赂 vt. 使固定;修理;安装;准备 vi. 固定;注视,1,4年级下,no-existing-match,,,,new-identity-candidate,yes
flag,flag,n. 标志;旗子 vt. 标记;插旗 vi. 标记;衰退;枯萎,2,1年级下|3年级下,no-existing-match,,,,new-identity-candidate,yes
flu,flu,n. 流感,1,4年级下,no-existing-match,,,,new-identity-candidate,yes
fourteenth,fourteenth,num. 第十四 n. 第十四;月的第十四日;十四分之一 adj. 第十四的;第十四个的,1,3年级上,no-existing-match,,,,new-identity-candidate,yes
fourth,fourth,"num. 第四 n. 第四,月的第四日;四分之一 adj. 第四的,第四个的;四分之一的",1,3年级上,no-existing-match,,,,new-identity-candidate,yes
fox,fox,n. 狐狸;狡猾的人 vt. 欺骗;使变酸 vi. 假装;耍狡猾手段,1,1年级下,no-existing-match,,,,new-identity-candidate,yes
fridge,fridge,n. 电冰箱,1,2年级下,no-existing-match,,,,new-identity-candidate,yes
from,from,"prep. 来自,从;由于;今后",1,3年级下,no-existing-match,,,,new-identity-candidate,yes
front,front,n. 前面;正面;前线 adj. 前面的;正面的 vt. 面对;朝向;对付 vi. 朝向 adv. 在前面;向前,1,4年级下,no-existing-match,,,,new-identity-candidate,yes
gift,gift,n. 礼物;天赋;赠品 vt. 赋予;向...赠送,2,1年级下|3年级上,no-existing-match,,,,new-identity-candidate,yes
glad,glad,adj. 高兴的;乐意的;令人高兴的;灿烂美丽的 vt. 使高兴,1,4年级上,no-existing-match,,,,new-identity-candidate,yes
glass,glass,n. 玻璃;玻璃制品;镜子 vt. 反映;给某物加玻璃 vi. 成玻璃状,1,4年级上,no-existing-match,,,,new-identity-candidate,yes
glasses,glasses,n. [轻] 眼镜;玻璃(glass的复数形式);双筒望远镜 v. 把...装入玻璃容器内;给...装上玻璃(glass的第三人称单数形式),1,6年级上,no-existing-match,,,,new-identity-candidate,yes
gold,gold,"n. 金,黄金;金色;金币 adj. 金的,金制的;金色的",1,3年级上,no-existing-match,,,,new-identity-candidate,yes
golf,golf,n. 高尔夫球;高尔夫球运动 vi. 打高尔夫球,1,5年级上,no-existing-match,,,,new-identity-candidate,yes
good,good,n. 好处;善行;慷慨的行为 adj. 好的;优良的;愉快的;虔诚的 adv. 好,1,2年级下,no-existing-match,,,,new-identity-candidate,yes
goodbye,goodbye,int. 再见 放弃 告别,1,6年级上,no-existing-match,,,,new-identity-candidate,yes
grandma,grandma,n. 奶奶;外婆,1,2年级上,no-existing-match,,,,new-identity-candidate,yes
grandpa,grandpa,n. 爷爷;外公,1,2年级上,no-existing-match,,,,new-identity-candidate,yes
grapes,grapes,n. [园艺] 葡萄(grape的复数),1,1年级下,no-existing-match,,,,new-identity-candidate,yes
grey,grey,n. 灰色 adj. 灰色的;灰白的 vt. 使变成灰色;使变老 vi. 变成灰色;老化,1,4年级下,no-existing-match,,,,new-identity-candidate,yes
ground,ground,n. 地面;土地;范围;战场;根据 v. 研磨(grind的过去分词);压迫 adj. 土地的;地面上的;磨碎的;磨过的 vt. 使接触地面;打基础;使搁浅 vi. 着陆;搁浅,1,6年级下,no-existing-match,,,,new-identity-candidate,yes
gym,gym,n. 健身房;体育;体育馆,1,6年级下,no-existing-match,,,,new-identity-candidate,yes
half,half,n. 一半;半场;半学年 adj. 一半的;不完全的;半途的 adv. 一半地;部分地,1,5年级上,no-existing-match,,,,new-identity-candidate,yes
happen,happen,vi. 发生;碰巧;偶然遇到,1,4年级下,no-existing-match,,,,new-identity-candidate,yes
happened,happened,"v. 发生(happen的过去式,过去分词)",1,4年级下,no-existing-match,,,,new-identity-candidate,yes
healthy,healthy,"adj. 健康的,健全的;有益于健康的",1,4年级上,no-existing-match,,,,new-identity-candidate,yes
heavy,heavy,"n. 重物;严肃角色 adj. 沉重的;繁重的,巨大的;拥挤的;阴沉的 adv. 大量地;笨重地",1,6年级下,no-existing-match,,,,new-identity-candidate,yes
hello,hello,"n. 表示问候, 惊奇或唤起注意时的用语 int. 喂;哈罗",1,2年级下,no-existing-match,,,,new-identity-candidate,yes
hi,hi,int. 嗨!(表示问候或用以唤起注意),1,3年级上,no-existing-match,,,,new-identity-candidate,yes
high,high,n. 高水平;天空;由麻醉品引起的快感;高压地带 adj. 高的;高级的;崇高的;高音调的 adv. 高;奢侈地,1,3年级上,no-existing-match,,,,new-identity-candidate,yes
him,him,pron. 他(宾格),1,5年级上,no-existing-match,,,,new-identity-candidate,yes
history,history,"n. 历史,历史学;历史记录;来历",1,6年级上,no-existing-match,,,,new-identity-candidate,yes
hold,hold,"n. 控制;保留 vi. 支持;有效;持续 vt. 持有;拥有;保存;拘留;约束或控制 又作“Hold住”使用,中英混用词汇,表示轻松掌控全局。 [ 过去式 held 过去分词 held或holden 现在分词 holding ]",1,6年级上,no-existing-match,,,,new-identity-candidate,yes
holiday,holiday,n. 假日;节日;休息日 vi. 外出度假,1,3年级上,no-existing-match,,,,new-identity-candidate,yes
hour,hour,n. 小时;钟头;课时;...点钟,1,5年级下,no-existing-match,,,,new-identity-candidate,yes
housework,housework,n. 家务事,1,4年级上,no-existing-match,,,,new-identity-candidate,yes
hundred,hundred,num. 百;百个 n. 一百;许多 adj. 一百的;许多的,1,3年级上,no-existing-match,,,,new-identity-candidate,yes
hut,hut,n. 小屋;临时营房 vt. 使住在小屋中;驻扎 vi. 住在小屋中;驻扎,1,1年级上,no-existing-match,,,,new-identity-candidate,yes
ice,ice,n. 冰;冰淇淋;矜持;(俚)钻石 adj. 冰的 vt. 冰镇;结冰 vi. 结冰,2,1年级下|4年级上,no-existing-match,,,,new-identity-candidate,yes
invite,invite,"n. 邀请 vt. 邀请,招待;招致",1,6年级下,no-existing-match,,,,new-identity-candidate,yes
jam,jam,"n. 果酱;拥挤;困境;扣篮 vt. 使堵塞;挤进,使塞满;混杂;压碎 vi. 堵塞;轧住",1,1年级下,no-existing-match,,,,new-identity-candidate,yes
join,join,vt. 参加;结合;连接 vi. 加入;参加;结合 n. 结合;连接;接合点,1,5年级上,no-existing-match,,,,new-identity-candidate,yes
jump,jump,n. 跳跃;暴涨;惊跳 vt. 跳跃;使跳跃;跳过;突升 vi. 跳跃;暴涨;猛增,1,3年级上,no-existing-match,,,,new-identity-candidate,yes
keep,keep,vt. 保持;经营;遵守;饲养 vi. 保持;继续不断 n. 保持;生计;生活费,1,4年级下,no-existing-match,,,,new-identity-candidate,yes
key,key,n. (打字机等的)键;关键;钥匙 vt. 键入;锁上;调节...的音调;提供线索 vi. 使用钥匙 adj. 关键的,2,1年级上|4年级下,no-existing-match,,,,new-identity-candidate,yes
kitten,kitten,n. 小猫;小动物 vi. 产小猫,1,1年级下,no-existing-match,,,,new-identity-candidate,yes
knee,knee,"n. 膝盖,膝 vt. 用膝盖碰",1,1年级上,no-existing-match,,,,new-identity-candidate,yes
labour,labour,n. (英国)工党,1,4年级下,no-existing-match,,,,new-identity-candidate,yes
lesson,lesson,n. 教训;课 vt. 教训;上课,1,3年级下,no-existing-match,,,,new-identity-candidate,yes
let,let,"vt. 允许,让;出租;假设;妨碍 vi. 出租;被承包 n. 障碍;出租屋",1,6年级上,no-existing-match,,,,new-identity-candidate,yes
lion,lion,n. 狮子;名人;勇猛的人;社交场合的名流,1,1年级下,no-existing-match,,,,new-identity-candidate,yes
listen,listen,"vi. 听,倾听;听从,听信 n. 听,倾听",1,5年级下,no-existing-match,,,,new-identity-candidate,yes
litter,litter,"n. 垃圾;轿,担架;一窝(动物的幼崽);凌乱 vt. 乱丢;给...垫褥草;把...弄得乱七八糟 vi. 产仔;乱扔废弃物",1,6年级下,no-existing-match,,,,new-identity-candidate,yes
little,little,adj. 小的;很少的;短暂的;小巧可爱的 adv. 完全不 n. 少许;没有多少;短时间,1,6年级下,no-existing-match,,,,new-identity-candidate,yes
lose,lose,vt. 浪费;使沉溺于;使迷路;遗失;错过 vi. 失败;受损失,1,4年级下,no-existing-match,,,,new-identity-candidate,yes
lucky,lucky,adj. 幸运的;侥幸的,1,5年级下,no-existing-match,,,,new-identity-candidate,yes
make,make,"vt. 使得;进行;布置,准备,整理;制造;认为;获得;形成;安排;引起;构成 vi. 开始;前进;增大;被制造 n. 制造;构造;性情",1,2年级下,no-existing-match,,,,new-identity-candidate,yes
marker,marker,n. 记分员;书签;标识物;作记号的人,1,3年级上,no-existing-match,,,,new-identity-candidate,yes
match,match,"vt. 使比赛;使相配;敌得过,比得上;相配;与...竞争 vi. 比赛;匹配;相配,相称;相比 n. 比赛,竞赛;匹配;对手;火柴",1,6年级上,no-existing-match,,,,new-identity-candidate,yes
me,me,pron. 我(宾格) n. 自我;极端自私的人;自我的一部分,1,2年级上,no-existing-match,,,,new-identity-candidate,yes
miss,Miss|miss,"n. 女士,小姐,年轻未婚女子 vt. 错过,想念,缺(勤)",2,3年级上|4年级下,no-existing-match,,,,new-identity-candidate,yes
model,model,n. 模型;典型;模范;模特儿;样式 vt. 模拟;塑造;模仿 vi. 做模型;做模特儿 adj. 模范的;作模型用的,1,4年级下,no-existing-match,,,,new-identity-candidate,yes
modern,modern,"adj. 现代的,近代的;时髦的 n. 现代人;有思想的人",1,6年级上,no-existing-match,,,,new-identity-candidate,yes
month,month,"n. 月,一个月的时间",1,3年级上,no-existing-match,,,,new-identity-candidate,yes
moon,moon,n. 月亮;月球;月光;卫星 vi. 闲荡;出神 vt. 虚度,1,1年级上,no-existing-match,,,,new-identity-candidate,yes
most,most,"adv. 最;非常,极其;最多;几乎 adj. 大部分的,多数的;最多的 n. 大部分,大多数",1,6年级下,no-existing-match,,,,new-identity-candidate,yes
mountain,mountain,n. 山;山脉,1,6年级上,no-existing-match,,,,new-identity-candidate,yes
mr,Mr,abbr. 先生(Mister),1,6年级上,no-existing-match,,,,new-identity-candidate,yes
mrs,Mrs,n. 太太;夫人(用于已婚妇女姓名前的尊称),1,4年级上,no-existing-match,,,,new-identity-candidate,yes
mum,mum,adj. 沉默的 n. 妈妈(口语);沉默;菊花 vi. 演哑剧 int. 别说话,1,2年级下,no-existing-match,,,,new-identity-candidate,yes
must,must,"aux. 必须,一定;可以,应当;很可能 n. 绝对必要的事物;未发酵葡萄汁",1,5年级上,no-existing-match,,,,new-identity-candidate,yes
nearby,nearby,"adj. 附近的,邻近的 adv. 在附近 prep. 在...附近",1,4年级下,no-existing-match,,,,new-identity-candidate,yes
neck,neck,n. 脖子;衣领;海峡 vi. 搂著脖子亲吻;变狭窄 vt. 使变细;与...搂著脖子亲吻,1,6年级上,no-existing-match,,,,new-identity-candidate,yes
nephew,nephew,n. 侄子;外甥,1,5年级下,no-existing-match,,,,new-identity-candidate,yes
nervous,nervous,adj. 神经的;紧张不安的;强健有力的,1,6年级下,no-existing-match,,,,new-identity-candidate,yes
net,net,n. 网;网络;净利;实价 vi. 编网 vt. 得到;净赚;用网捕 adj. 纯粹的;净余的,1,1年级下,no-existing-match,,,,new-identity-candidate,yes
next,next,adv. 然后;下次;其次 adj. 下一个的;其次的;贴近的 n. 下一个 prep. 靠近;居于...之后,1,4年级下,no-existing-match,,,,new-identity-candidate,yes
niece,niece,"n. 外甥女,侄女",1,5年级下,no-existing-match,,,,new-identity-candidate,yes
night,night,"n. 夜晚,晚上;黑暗,黑夜 adj. 夜晚的,夜间的",2,1年级上|5年级上,no-existing-match,,,,new-identity-candidate,yes
nineteen,nineteen,num. 十九,1,2年级上,no-existing-match,,,,new-identity-candidate,yes
nineteenth,nineteenth,num. 第十九;十九分之一,1,3年级上,no-existing-match,,,,new-identity-candidate,yes
ninety,ninety,n. 九十 adj. 九十的;九十岁的 num. 九十,1,3年级上,no-existing-match,,,,new-identity-candidate,yes
ninth,ninth,num. 第九 adj. 第九的;九分之一的 n. 九分之一,1,3年级上,no-existing-match,,,,new-identity-candidate,yes
noisy,noisy,adj. .嘈杂的;喧闹的;聒噪的,1,4年级下,no-existing-match,,,,new-identity-candidate,yes
noodle,noodle,n. 面条;笨蛋,1,2年级下,no-existing-match,,,,new-identity-candidate,yes
not,not,"adv. 表示否定,不 n. “非”(计算机中逻辑运算的一种)",1,2年级下,no-existing-match,,,,new-identity-candidate,yes
nothing,nothing,neg. 没什么;毫不 n. 无;零;不关紧要之事 adv. 毫不;决不 pron. 无事;无物 int. 什么也没有,1,5年级下,no-existing-match,,,,new-identity-candidate,yes
number,number,n. 数;(杂志等的)期;号码;数字;算术 vi. 计入;总数达到 vt. 编号;计入;数...的数目;使为数有限,1,6年级上,no-existing-match,,,,new-identity-candidate,yes
nut,nut,"n. 螺母,螺帽;坚果;难对付的人,难解的问题 vi. 采坚果",2,1年级上|5年级下,no-existing-match,,,,new-identity-candidate,yes
o'clock,o'clock,abbr. ...点钟(等于of the clock),1,2年级下,no-existing-match,,,,new-identity-candidate,yes
oil,oil,n. 油;石油;油画颜料 vt. 加油;涂油;使融化 vi. 融化;加燃油,1,1年级下,no-existing-match,,,,new-identity-candidate,yes
open,open,adj. 公开的;敞开的;空旷的;坦率的;营业着的 vi. 开始;展现 vt. 公开;打开 n. 公开;空旷;户外,1,3年级下,no-existing-match,,,,new-identity-candidate,yes
order,order,n. 命令;顺序;规则;[贸易] 定单 vt. 命令;整理;定购 vi. 命令;定货,1,6年级上,no-existing-match,,,,new-identity-candidate,yes
out,out,adv. 出现;在外;出局;出声地;不流行地 adj. 外面的;出局的;下台的 n. 出局 prep. 向;离去 vi. 出来;暴露 vt. 使熄灭;驱逐,1,3年级下,no-existing-match,,,,new-identity-candidate,yes
ox,ox,n. 牛;公牛,2,1年级下|6年级上,no-existing-match,,,,new-identity-candidate,yes
parent,parent,n. 父亲(或母亲);父母亲;根源,1,3年级下,no-existing-match,,,,new-identity-candidate,yes
pay,pay,"n. 工资,薪水;付款;报答 vt. 支付,付;偿还,补偿;给予 vi. 付款;偿还 adj. 收费的;需付费的",1,5年级上,no-existing-match,,,,new-identity-candidate,yes
peach,peach,n. 桃子;桃树;桃红色;受人喜欢的人(或物) adj. 桃色的;用桃子制成的 vt. 告发 vi. 告密,1,1年级下,no-existing-match,,,,new-identity-candidate,yes
picture,picture,"n. 照片,图画;影片;景色;化身 vt. 画;想像;描写",1,5年级下,no-existing-match,,,,new-identity-candidate,yes
pie,pie,n. 馅饼;饼图;爱说话的人 vt. 使杂乱,1,4年级上,no-existing-match,,,,new-identity-candidate,yes
pill,pill,"n. 药丸;弹丸,子弹;口服避孕药 vt. 把...制成丸剂;使服用药丸;抢劫,掠夺(古语) vi. 做成药丸;服药丸",1,4年级下,no-existing-match,,,,new-identity-candidate,yes
pilot,pilot,n. 飞行员;领航员 adj. 试点的 v. 驾驶;领航;试用,1,5年级下,no-existing-match,,,,new-identity-candidate,yes
pink,pink,"n. 粉红色;化身,典范;石竹花;头面人物 adj. 粉红的;比较激进的;石竹科的;脸色发红的 vt. 扎,刺,戳;使...变粉红色;使...面红耳赤 vi. 变粉红色",1,3年级上,no-existing-match,,,,new-identity-candidate,yes
police,police,"n. 警察,警方;治安 adj. 警察的;有关警察的 vt. 监督;管辖;维持治安;为...配备警察",1,6年级下,no-existing-match,,,,new-identity-candidate,yes
pop,pop,abbr. 卖点广告(Point of Purchase),1,4年级下,no-existing-match,,,,new-identity-candidate,yes
practice,practice,n. 实践;练习;惯例 vt. 练习;实习;实行 vi. 练习;实习;实行,1,5年级下,no-existing-match,,,,new-identity-candidate,yes
print,print,n. 印刷业;印花布;印刷字体;印章;印记 vt. 印刷;打印;刊载;用印刷体写;在...印花样 vi. 印刷;出版;用印刷体写,1,6年级下,no-existing-match,,,,new-identity-candidate,yes
problem,problem,n. 难题;引起麻烦的人 adj. 成问题的;难处理的,1,6年级上,no-existing-match,,,,new-identity-candidate,yes
protect,protect,"vt. 保护,防卫;警戒",1,6年级下,no-existing-match,,,,new-identity-candidate,yes
purple,purple,n. 紫色;紫袍 adj. 紫色的;帝王的;华而不实的 vt. 使成紫色 vi. 变成紫色,1,6年级下,no-existing-match,,,,new-identity-candidate,yes
push,push,"n. 推,决心;大规模攻势;矢志的追求 vi. 推进;增加;努力争取 vt. 推动,增加;对...施加压力,逼迫;按;说服",1,4年级下,no-existing-match,,,,new-identity-candidate,yes
put,put,n. 掷;笨蛋;投击;怪人 adj. 固定不动的 vi. 出发;击;航行;发芽 vt. 放;表达;移动;安置;赋予,1,5年级上,no-existing-match,,,,new-identity-candidate,yes
queen,queen,"n. 女王,王后;(纸牌中的)皇后;(蜜蜂等的)蜂王 vt. 使...成为女王或王后 vi. 做女王",1,1年级下,no-existing-match,,,,new-identity-candidate,yes
rat,rat,"n. 鼠;卑鄙小人,叛徒 vi. 捕鼠;背叛,告密",1,6年级上,no-existing-match,,,,new-identity-candidate,yes
ride,ride,n. 骑;乘坐;交通工具;可供骑行的路;(乘坐汽车等的)旅行;乘骑;(乘车或骑车的)短途旅程;供乘骑的游乐设施 vi. 骑马;乘车;依靠;漂浮 vt. 骑;乘;控制;(骑马、自行车等)穿越;搭乘;飘浮,1,6年级上,no-existing-match,,,,new-identity-candidate,yes
right,right,n. 正确;右边;正义 adj. 正确的;直接的;右方的 vt. 纠正 adv. 正确地;恰当地;彻底地 vi. 复正;恢复平稳,2,3年级上|4年级下,no-existing-match,,,,new-identity-candidate,yes
river,river,"n. 河,江",2,1年级下|5年级上,no-existing-match,,,,new-identity-candidate,yes
robot,robot,"n. 机器人;遥控设备,自动机械;机械般工作的人",1,4年级上,no-existing-match,,,,new-identity-candidate,yes
round,round,n. 圆;循环;一回合;圆形物 prep. 附近;绕过;大约;在...周围 adj. 圆的;完全的;大概的;肥胖的 vt. 完成;围捕;绕行;弄圆 adv. 在周围;迂回地;朝反方向;挨个 vi. 进展;变圆;环行;发胖,1,3年级下,no-existing-match,,,,new-identity-candidate,yes
safety,safety,n. 安全;保险;安全设备;保险装置;安打,1,4年级下,no-existing-match,,,,new-identity-candidate,yes
same,same,adj. 相同的;同一的;上述的(通常与the连用);无变化的 adv. 同样地(通常与the连用) pron. 同样的事物或人(通常与the连用),2,3年级上|5年级下,no-existing-match,,,,new-identity-candidate,yes
save,save,prep. 除...之外 n. 救援 vi. 节省;挽救 vt. 节省;保存;储蓄;解救,1,6年级下,no-existing-match,,,,new-identity-candidate,yes
see,see,vi. 看;看见;领会 vt. 看见;理解;领会,1,6年级上,no-existing-match,,,,new-identity-candidate,yes
sell,sell,n. 销售;失望;推销术 vt. 销售;推销;出卖;欺骗 vi. 卖;出售;受欢迎;有销路,1,4年级上,no-existing-match,,,,new-identity-candidate,yes
seventeenth,seventeenth,"n. 第十七日;十七分之一 num. 第十七 adj. 第十七的,第十七个的;十七分之一的",1,3年级上,no-existing-match,,,,new-identity-candidate,yes
seventh,seventh,n. 第七;七分之一 adj. 第七的;七分之一的 adv. 居第七位地,1,3年级上,no-existing-match,,,,new-identity-candidate,yes
seventy,seventy,n. 七十;七十个;七十岁;七十年代 num. 七十 adj. 七十的;七十个的;七十岁的,1,3年级上,no-existing-match,,,,new-identity-candidate,yes
shape,shape,"n. 形状;模型;身材;具体化 vt. 形成;塑造,使成形;使符合 vi. 形成;成形;成长",1,3年级下,no-existing-match,,,,new-identity-candidate,yes
ship,ship,"n. 船;舰;太空船 vt. 运送,乘船;以船运送 vi. 上船;乘船旅行;当船员",1,3年级下,no-existing-match,,,,new-identity-candidate,yes
shoe,shoe,n. 鞋;蹄铁;外胎 vt. 给......穿上鞋;穿......鞋,1,4年级上,no-existing-match,,,,new-identity-candidate,yes
shoulder,shoulder,"n. 肩,肩膀;肩部 vi. 用肩推挤,用肩顶 vt. 肩负,承担",1,6年级下,no-existing-match,,,,new-identity-candidate,yes
show,show,n. 显示;表演;炫耀 vt. 显示;说明;演出;展出 vi. 显示;说明;指示,1,6年级上,no-existing-match,,,,new-identity-candidate,yes
sing,sing,n. 演唱;鸣声;呼啸声 vt. 唱;用诗赞颂;唱着使 vi. 唱歌;歌颂;鸣叫;呼号,1,6年级上,no-existing-match,,,,new-identity-candidate,yes
singer,singer,"n. 歌手,歌唱家",1,6年级上,no-existing-match,,,,new-identity-candidate,yes
sit,sit,vi. 坐;位于 vt. 使就座,1,2年级下,no-existing-match,,,,new-identity-candidate,yes
sixteen,sixteen,"num. 十六 adj. 十六的,十六个的",1,2年级上,no-existing-match,,,,new-identity-candidate,yes
sixth,sixth,"n. 月的第六日,(与the连用的)第六个;六分之一 adj. (与 the 连用)第六的,第六个的;六分之一的",1,3年级上,no-existing-match,,,,new-identity-candidate,yes
sixty,sixty,num. 六十;六十个,1,3年级上,no-existing-match,,,,new-identity-candidate,yes
sky,sky,n. 天空;顶点 vt. 把...投向空中;把...挂得过高 vi. 踢或击高空球;把桨叶翘得过高;飞涨,1,2年级下,no-existing-match,,,,new-identity-candidate,yes
slow,slow,adj. 慢的;减速的;迟钝的 vt. 放慢;阻碍 vi. 变慢;变萧条 adv. 慢慢地;迟缓地,1,6年级下,no-existing-match,,,,new-identity-candidate,yes
slowly,slowly,"adv. 缓慢地,慢慢地",1,4年级下,no-existing-match,,,,new-identity-candidate,yes
smile,smile,n. 微笑;笑容;喜色 vt. 微笑着表示 vi. 微笑,1,6年级下,no-existing-match,,,,new-identity-candidate,yes
sock,sock,vt. 重击;给......穿袜 n. 短袜;一击 adv. 正着地;不偏不倚地 adj. 非常成功的,1,6年级下,no-existing-match,,,,new-identity-candidate,yes
some,some,adj. 一些;某个;大约;相当多的 pron. 一些;若干;其中的一部分;(数量不确切时用)有些人 adv. 非常;相当;<美>稍微,1,6年级上,no-existing-match,,,,new-identity-candidate,yes
son,son,n. 儿子;孩子(对年轻人的称呼);男性后裔,1,5年级下,no-existing-match,,,,new-identity-candidate,yes
song,song,n. 歌曲;歌唱;诗歌;鸣声,1,3年级下,no-existing-match,,,,new-identity-candidate,yes
sour,sour,n. 酸味;苦事 adj. 酸的;发酵的;刺耳的;酸臭的;讨厌的 vt. 使变酸;使失望 vi. 发酵;变酸;厌烦,1,4年级上,no-existing-match,,,,new-identity-candidate,yes
stage,stage,n. 阶段;舞台;戏剧;驿站 vt. 举行;上演;筹划 vi. 举行;适于上演;乘驿车旅行,1,6年级上,no-existing-match,,,,new-identity-candidate,yes
stand,stand,n. 站立;立场;看台;停止 vi. 站立;位于;停滞 vt. 使站立;忍受;抵抗,1,6年级下,no-existing-match,,,,new-identity-candidate,yes
start,start,n. 开始;起点 vt. 开始;启动 vi. 出发,1,6年级上,no-existing-match,,,,new-identity-candidate,yes
student,student,n. 学生;学者,1,6年级下,no-existing-match,,,,new-identity-candidate,yes
sun,sun,n. 太阳 vt. 使晒 vi. 晒太阳,2,1年级下|5年级下,no-existing-match,,,,new-identity-candidate,yes
supper,supper,"n. 晚餐,晚饭;夜宵",1,6年级上,no-existing-match,,,,new-identity-candidate,yes
surprised,surprised,"v. 使惊奇(surprise的过去分词形式) adj. 感到惊讶的,出人意料的",1,4年级上,no-existing-match,,,,new-identity-candidate,yes
sweet,sweet,n. 糖果;乐趣;芳香;宝贝 adj. 甜的;悦耳的;芳香的;亲切的 (俚)酷毙了,1,3年级下,no-existing-match,,,,new-identity-candidate,yes
table,table,n. 桌子;表格;平地层 vt. 制表;搁置;嵌合 adj. 桌子的,1,2年级下,no-existing-match,,,,new-identity-candidate,yes
taxi,taxi,n. 出租汽车 vt. 使滑行;用出租车送 vi. 乘出租车;滑行,1,2年级下,no-existing-match,,,,new-identity-candidate,yes
team,team,n. 队;组 vt. 使合作 vi. 合作,1,5年级上,no-existing-match,,,,new-identity-candidate,yes
teeth,teeth,n. 牙齿,1,3年级下,no-existing-match,,,,new-identity-candidate,yes
tennis,tennis,n. 网球(运动),1,5年级上,no-existing-match,,,,new-identity-candidate,yes
textbook,textbook,"n. 教科书,课本",1,5年级下,no-existing-match,,,,new-identity-candidate,yes
them,them,pron. 他们;它们;她们,1,2年级上,no-existing-match,,,,new-identity-candidate,yes
these,these,adj. 这些的 pron. 这些,1,2年级上,no-existing-match,,,,new-identity-candidate,yes
thick,thick,"n. 最拥挤部分;活动最多部分;事物的粗大浓密部分 adj. 厚的;浓的;粗大的 adv. 密集地;浓浓地,厚厚地",1,4年级下,no-existing-match,,,,new-identity-candidate,yes
thirteenth,thirteenth,n. 第十三;十三分之一 adj. 第十三的;十三分之一的,1,3年级上,no-existing-match,,,,new-identity-candidate,yes
tie,tie,n. 领带;平局;鞋带;领结;不分胜负 vi. 打结;不分胜负;被用带(或绳子等)系住 vt. 系;约束;打结;与...成平局,1,6年级上,no-existing-match,,,,new-identity-candidate,yes
tooth,tooth,n. 牙齿 vt. 给......装齿 vi. 啮合,1,3年级下,no-existing-match,,,,new-identity-candidate,yes
try,try,"n. 尝试;努力;试验 vt. 试图,努力;试验;审判;考验 vi. 尝试;努力;试验",1,3年级下,no-existing-match,,,,new-identity-candidate,yes
turn,turn,"n. 转弯;变化;(损害或有益于别人的)行为,举动,举止 vi. 转向;转变;转动 vt. 转动,使旋转;转弯;翻过来;兑换",1,3年级下,no-existing-match,,,,new-identity-candidate,yes
ufo,UFO,abbr. 不明飞行物(Unidentified Flying Object),1,1年级上,no-existing-match,,,,new-identity-candidate,yes
uniform,uniform,n. 制服 adj. 统一的;一致的;相同的;均衡的;始终如一的 vt. 使穿制服;使成一样,2,1年级上|1年级下,no-existing-match,,,,new-identity-candidate,yes
up,up,prep. 在...之上;向...的较高处 n. 上升;繁荣 adj. 涨的;起床的;向上的 adv. 起来;上涨;向上,1,5年级下,no-existing-match,,,,new-identity-candidate,yes
upset,upset,n. 混乱;翻倒;颠覆 adj. 心烦的;混乱的;弄翻的 vt. 使心烦;颠覆;扰乱 vi. 翻倒,1,4年级上,no-existing-match,,,,new-identity-candidate,yes
van,van,n. 先锋;厢式货车;增值网 vt. 用车搬运,1,1年级下,no-existing-match,,,,new-identity-candidate,yes
vase,vase,n. 瓶;花瓶,1,4年级下,no-existing-match,,,,new-identity-candidate,yes
vest,vest,n. 背心;汗衫 vt. 授予;使穿衣 vi. 归属;穿衣服,1,1年级下,no-existing-match,,,,new-identity-candidate,yes
visitor,visitor,"n. 访问者,参观者;视察者;候鸟",1,6年级上,no-existing-match,,,,new-identity-candidate,yes
voice,voice,n. 声音;嗓音;发言权;愿望 vt. 表达;吐露,1,3年级下,no-existing-match,,,,new-identity-candidate,yes
way,way,n. 方法;道路;方向;行业;习惯 adj. 途中的 adv. 大大地;远远地,1,4年级下,no-existing-match,,,,new-identity-candidate,yes
weekend,weekend,"n. 周末,周末休假;周末聚会 adj. 周末的,周末用的 vi. 度周末",1,6年级下,no-existing-match,,,,new-identity-candidate,yes
white,white,n. 白色;洁白;白种人 adj. 白色的;白种的;纯洁的,1,2年级下,no-existing-match,,,,new-identity-candidate,yes
wide,wide,"n. 大千世界 adj. 广泛的;宽的,广阔的;张大的;远离目标的 adv. 广泛地;广阔地;充分地",1,6年级下,no-existing-match,,,,new-identity-candidate,yes
will,will,n. 意志;决心;情感;遗嘱;意图;心愿 vt. 决心要;遗赠;用意志力使 vi. 愿意;下决心 aux. 将;愿意;必须,1,5年级下,no-existing-match,,,,new-identity-candidate,yes
without,without,prep. 没有;超过;在...外面 n. 外部;外面 adv. 户外;在外面;没有或不显示某事物,1,5年级下,no-existing-match,,,,new-identity-candidate,yes
wood,wood,n. 木材;木制品;树林 vt. 植林于;给...添加木柴 vi. 收集木材,2,1年级上|5年级下,no-existing-match,,,,new-identity-candidate,yes
world,world,n. 世界;领域;世俗;全人类;物质生活,1,6年级上,no-existing-match,,,,new-identity-candidate,yes
worry,worry,n. 担心;烦恼;撕咬 vi. 担心;烦恼;撕咬 vt. 担心;发愁;折磨,1,6年级下,no-existing-match,,,,new-identity-candidate,yes
would,would,"aux. 将,将要;愿意 v. will的过去式",1,5年级下,no-existing-match,,,,new-identity-candidate,yes
write,write,"vi. 写,写字;写作,作曲;写信 vt. 写,书写;写信给;著述",1,3年级下,no-existing-match,,,,new-identity-candidate,yes
wrong,wrong,"n. 坏事;不公正 adj. 错误的;失常的;不适当的 vt. 委屈;无理地对待;诽谤 adv. 错误地;邪恶地,不正当地",1,4年级下,no-existing-match,,,,new-identity-candidate,yes
yard,yard,"n. 院子;码(英制中丈量长度单位,1码=3英尺);庭院;帆桁 vt. 把...关进或围在畜栏里",1,1年级下,no-existing-match,,,,new-identity-candidate,yes
yesterday,yesterday,n. 昨天;往昔 adv. 昨天,1,6年级下,no-existing-match,,,,new-identity-candidate,yes
yogurt,yogurt,"n. 酸奶酪,[食品] 酸乳(等于yoghurt)",1,1年级下,no-existing-match,,,,new-identity-candidate,yes
zebra,zebra,n. [脊椎] 斑马 adj. 有斑纹的,1,1年级下,no-existing-match,,,,new-identity-candidate,yes
